{
  "type": "FeatureCollection",
  "features": [
    {
      "type": "Feature",
      "geometry": {
        "type": "Point",
        "coordinates": [
          17.4054718,
          62.5039131
        ]
      },
      "properties": {
        "id": "09df6d304ca8",
        "entity": "Fagervik",
        "query": "Fagervik, Sweden",
        "display_name": "Fagervik, Timrå distrikt, Timrå kommun, Västernorrlands län, 861 45, Sverige",
        "osm_type": "node",
        "osm_id": 1049656317,
        "geocode_confidence": 0.14672007095445178,
        "source": "https://www.flashback.org/t279814",
        "thread_url": "https://www.flashback.org/t279814",
        "post_id": "post3405112",
        "username": null,
        "time_raw": null,
        "confidence": 0.84,
        "comment": null,
        "evidence": []
      }
    },
    {
      "type": "Feature",
      "geometry": {
        "type": "Point",
        "coordinates": [
          17.2771001,
          62.3733712
        ]
      },
      "properties": {
        "id": "bbe9ae76e0eb",
        "entity": "Sidsjön",
        "query": "Sidsjön, Sweden",
        "display_name": "Sidsjön, Sidsjö, Sidsjö-Böle, Sundsvalls Gustav Adolfs distrikt, Sundsvalls kommun, Västernorrlands län, Sverige",
        "osm_type": "way",
        "osm_id": 162533735,
        "geocode_confidence": 0.17283327415591612,
        "source": "https://www.flashback.org/t279814",
        "thread_url": "https://www.flashback.org/t279814",
        "post_id": "post3405112",
        "username": null,
        "time_raw": null,
        "confidence": 0.84,
        "comment": null,
        "evidence": []
      }
    },
    {
      "type": "Feature",
      "geometry": {
        "type": "Point",
        "coordinates": [
          15.0960121,
          60.6785236
        ]
      },
      "properties": {
        "id": "6f550dcfb82d",
        "entity": "Clas",
        "query": "Clas, Sweden",
        "display_name": "Clas Ohlson Parken, Ålbyn, Insjön, Leksands kommun, Dalarnas län, Sverige",
        "osm_type": "way",
        "osm_id": 469218806,
        "geocode_confidence": 0.08005534676127257,
        "evidence": [
          {
            "source": "https://www.flashback.org/t349266",
            "thread_url": "https://www.flashback.org/t349266",
            "post_id": "post3607112",
            "username": "LordCaleb",
            "time_raw": "2006-01-26, 23:58 # 9",
            "confidence": 0.64,
            "comment": "I rums-stora mörka miljöer/korridorer vill jag, som är van vid lågbudget (har en HP photosmart 435, 3.1 MP, 5 x digital \"zoom\") tipsa om att ha en lagom stor LED lampa (jag har en för 50:- från Clas O) funkar perfekt, då vanliga blixten inte räcker. Jag har nattblixt som ger väldigt bra bilder, men jobbigt o stå helt stilla, och de extra superblixtrarna tar på batteri och syns. Jag tar sällan \"översiktsbilder\" och där jag gjort/velat göra så h..."
          }
        ],
        "source": "https://www.flashback.org/t349266",
        "thread_url": "https://www.flashback.org/t349266",
        "post_id": "post3607112",
        "username": "LordCaleb",
        "time_raw": "2006-01-26, 23:58 # 9",
        "confidence": 0.64,
        "comment": "I rums-stora mörka miljöer/korridorer vill jag, som är van vid lågbudget (har en HP photosmart 435, 3.1 MP, 5 x digital \"zoom\") tipsa om att ha en lagom stor LED lampa (jag har en för 50:- från Clas O) funkar perfekt, då vanliga blixten inte räcker. Jag har nattblixt som ger väldigt bra bilder, men jobbigt o stå helt stilla, och de extra superblixtrarna tar på batteri och syns. Jag tar sällan \"översiktsbilder\" och där jag gjort/velat göra så h..."
      }
    },
    {
      "type": "Feature",
      "geometry": {
        "type": "Point",
        "coordinates": [
          16.2862947,
          56.7381625
        ]
      },
      "properties": {
        "id": "46960b1e32a2",
        "entity": "Jag",
        "query": "Jag, Sweden",
        "display_name": "Får jag lov, Lindsdal, Kalmar kommun, Kalmar län, 393 65, Sverige",
        "osm_type": "way",
        "osm_id": 36328191,
        "geocode_confidence": 0.05339701304646369,
        "evidence": [
          {
            "source": "https://www.flashback.org/t349266",
            "thread_url": "https://www.flashback.org/t349266",
            "post_id": "post3607112",
            "username": "LordCaleb",
            "time_raw": "2006-01-26, 23:58 # 9",
            "confidence": 0.64,
            "comment": "I rums-stora mörka miljöer/korridorer vill jag, som är van vid lågbudget (har en HP photosmart 435, 3.1 MP, 5 x digital \"zoom\") tipsa om att ha en lagom stor LED lampa (jag har en för 50:- från Clas O) funkar perfekt, då vanliga blixten inte räcker. Jag har nattblixt som ger väldigt bra bilder, men jobbigt o stå helt stilla, och de extra superblixtrarna tar på batteri och syns. Jag tar sällan \"översiktsbilder\" och där jag gjort/velat göra så h..."
          },
          {
            "source": "https://www.flashback.org/t278041",
            "thread_url": "https://www.flashback.org/t278041",
            "post_id": "post3375889",
            "username": "rausing",
            "time_raw": "2005-12-13, 23:38 # 1",
            "confidence": 1.0,
            "comment": "Vad är UE? UE är förkortningen av Urban Exploration som översätts lite plumpt av mig till Urban Utforskning och det går i princip ut på att utforska platser som är undangömda/bortglömda/förbjuda för allmänheten. Med att \"utforska\" så menas egentligen bara att vara, inte att man springer runt och tar prover på bergsmassiv och dylikt, utan bara att finnas till och insupa atmosfären, som oftast/antagligen skiljer sig från \"vanliga\" ställen och ta..."
          },
          {
            "source": "https://www.flashback.org/t103742",
            "thread_url": "https://www.flashback.org/t103742",
            "post_id": "post724026",
            "username": "Emeye",
            "time_raw": "2004-01-19, 16:53 # 12",
            "confidence": 0.68,
            "comment": "Jag var där i lördags me en polare, först gick jag genom Eriksdalstunneln (den man ser ifrån Eriksdalsbadet) och sedan vidare till SöS-tunneln. När jag kom fram till dörrarna som antagligen leder in till Sjukhusets källarlokaler (det lyste under en av dem) hördes det en massa ljud innifrån tunneln... kan vart tågen ute på pendellinjen, kan vart ue:are, kan vart luffare. Hursomhelst drog jag därifrån då... Ska återvända senare med minst 10 komp..."
          },
          {
            "source": "https://www.flashback.org/t103742p2",
            "thread_url": "https://www.flashback.org/t103742",
            "post_id": "post724126",
            "username": "Agnethepro",
            "time_raw": "2004-01-19, 17:39 # 13",
            "confidence": 0.56,
            "comment": "Jag tror att du helt enkelt hörde ljud eftersom att dörren leder in till södersjukhuset. Eller så var det från pendeltågen som går ca. 150 meter längre in i tunneln."
          },
          {
            "source": "https://www.flashback.org/t282947",
            "thread_url": "https://www.flashback.org/t282947",
            "post_id": "post542575",
            "username": "Krokodildon",
            "time_raw": "2003-10-09, 14:55 # 11",
            "confidence": 0.76,
            "comment": "Citat: Ursprungligen postat av cbe kroko: nee du... hade inte tänkt nått sånnt, inte ens detaljer, var mer intresserad av vad eller vem den tillhörde. Jag trodde inte det var nån speciell aktivitet i växjö längre, mer än det på aerotech. Det är en anläggning för lagring, under 2:a världskriget var det en underjordisk ammunitionsfabrik. Och med tanke på saker som militären lagrar, kan du ju fundera på vilka säkerhetsåtgärder där finns. Om jag s..."
          },
          {
            "source": "https://www.flashback.org/t282947p2",
            "thread_url": "https://www.flashback.org/t282947",
            "post_id": "post543837",
            "username": "Krokodildon",
            "time_raw": "2003-10-10, 10:57 # 13",
            "confidence": 0.96,
            "comment": "Citat: Ursprungligen postat av Keel Lorentz Finns ju bra mycket tunnlar under Katedralskolan, fast jag vet inte hur lätt det är att komma åt dom efter dom byggt om i källaren. Har ju alltid gått rykten om att det går att ta sig hela vägen bort till teknikum men jag vet inte hur mycket sanning det ligger i det, var dock nere under katedral när dom höll på att bygga om för ett antal år sedan och tunnlarna verkade sträcka sig rätt långt. Under to..."
          },
          {
            "source": "https://www.flashback.org/t282947p2",
            "thread_url": "https://www.flashback.org/t282947",
            "post_id": "post2242820",
            "username": "zidnuss",
            "time_raw": "2005-05-17, 10:59 # 15",
            "confidence": 0.48,
            "comment": "Jag vet inga direkta hus. Det finns väll endel industrier nere vid gammla fläkten fast jag vet inte om det är produktion i dom eller inte. Ute vid i11 finns det väll bara gammla bunkrar"
          },
          {
            "source": "https://www.flashback.org/t1690739",
            "thread_url": "https://www.flashback.org/t1690739",
            "post_id": "post33758520",
            "username": "Bubbelpop",
            "time_raw": "2011-10-31, 10:22 # 6",
            "confidence": 0.6,
            "comment": "Fanns ju en del ödehus runt Hornarydsområdet som man kollade in när man var nyfiket barn. De är ju rivna nu tyvärr men finns en del bilder i den sida som länkades ovan. Låter intressant med kulvertarna under gamla sjukhuset, de lär ju finnas kvar men antar att nedgångarna plomberats? Jag är ingen UE-fantast men när man var liten så var man ju ute och rekade en del."
          },
          {
            "source": "https://www.flashback.org/t1690739p2",
            "thread_url": "https://www.flashback.org/t1690739",
            "post_id": "post93688153",
            "username": "von-tratt",
            "time_raw": "2025-12-08, 04:34 # 20",
            "confidence": 0.76,
            "comment": "Citat: Ursprungligen postat av Hampthy Njae, skulle varit användbart. Men i och med att det bor folk i huset intill så lär det höras. Bäst att leta med metalldetektor efter armeringen, eller söka sig fram med järnspett. Ska försöka ta reda på lite mer exakt vars inslaget har legat Jag är jävligt sugen på att hitta inslaget. Har tillgång till metalldetektor och bor i närheten Om du skulle vilja göra slag i saken. Det finns ju en annan militär m..."
          },
          {
            "source": "https://www.flashback.org/t1690739p2",
            "thread_url": "https://www.flashback.org/t1690739",
            "post_id": "post94997526",
            "username": "Hampthy",
            "time_raw": "2026-05-18, 23:17 # 21",
            "confidence": 0.76,
            "comment": "Citat: Ursprungligen postat av von-tratt Jag är jävligt sugen på att hitta inslaget. Har tillgång till metalldetektor och bor i närheten Om du skulle vilja göra slag i saken. Det finns ju en annan militär mast utanför Värnamo som inte har varit i bruk på rätt många decennier antar jag. Hör dessa två ihop på något vis? Hade nog mer klassat det som ingång, eftersom att det var en \"vanlig\" trappa ner i marken. Lär ligga på den platta ytan där. Ha..."
          },
          {
            "source": "https://www.flashback.org/t2557575p2",
            "thread_url": "https://www.flashback.org/t2557575",
            "post_id": "post53089333",
            "username": "fghjkl",
            "time_raw": "2015-04-21, 22:12 # 16",
            "confidence": 0.56,
            "comment": "Citat: Ursprungligen postat av Hegamon Jag tycker att skärmkanter på bilarna inte ser så rostiga ut, överhuvudtaget ser jag inge speciell rost, vad kan det bero på? Är vattnet speciellt i gruvan som gör att det inte rostar? Jag förutsätter ändå att de legat på botten i gruvan ett bra tag. Kan tänka mig att bilarna, de från -70 talet använts ca 10 år, eftersom de uppvisar inga direkta rostskador efter användningen på vägarna. Volvo 240 började..."
          },
          {
            "source": "https://www.flashback.org/t2557575p2",
            "thread_url": "https://www.flashback.org/t2557575",
            "post_id": "post53090057",
            "username": "Storbandsjazz",
            "time_raw": "2015-04-21, 22:59 # 19",
            "confidence": 0.56,
            "comment": "Citat: Ursprungligen postat av Hegamon Jag tycker att skärmkanter på bilarna inte ser så rostiga ut, överhuvudtaget ser jag inge speciell rost, vad kan det bero på? Är vattnet speciellt i gruvan som gör att det inte rostar? Jag förutsätter ändå att de legat på botten i gruvan ett bra tag. Kan tänka mig att bilarna, de från -70 talet använts ca 10 år, eftersom de uppvisar inga direkta rostskador efter användningen på vägarna. Volvo 240 började..."
          },
          {
            "source": "https://www.flashback.org/t750391",
            "thread_url": "https://www.flashback.org/t750391",
            "post_id": "post12960402",
            "username": "b@ron",
            "time_raw": "2008-09-21, 18:11 # 1",
            "confidence": 0.48,
            "comment": "Jag var på Barkarby flygfält i går lördag  skönt sen sommar väder  mycket aktivitet på flygfältet  även James Bond 007 flygplanet var i rörelse. Jag har aldrig tidigare utforskat flygfältet varför jag tog en promenad motsols runt det hemliga berget. Den första del av promenaden var som att besöka ett utrymt sovjetisk flygfält i Polen eller fd DDR men då kommer jag till en anläggning med fordon o maskiner samt skyltar som varnar att du får i..."
          },
          {
            "source": "https://www.flashback.org/t3729252",
            "thread_url": "https://www.flashback.org/t3729252",
            "post_id": "post94908233",
            "username": "Duvermongo",
            "time_raw": "2026-05-06, 20:33 # 1",
            "confidence": 0.56,
            "comment": "Tjenare! Jag planerar ett litet smått Äventyr inom snar framtid till tunneln som ligger i Vitsippsdalen i Göteborg. https://maps.app.goo.gl/X5uuRHPUh1GGsQAq9 . Jag undrar om någon här har varit inne i tunneln och kan berätta lite mer? Någon som har koll vart man kan hitta kartor? Jag har sett en del bilder men det skulle också vara kul att höra lite mer från någon som varit inne i tunneln. Länkar en av mina favorit bilder här https://imgur.com..."
          },
          {
            "source": "https://www.flashback.org/t3729252",
            "thread_url": "https://www.flashback.org/t3729252",
            "post_id": "post94908552",
            "username": "Goulburn",
            "time_raw": "2026-05-06, 21:16 # 2",
            "confidence": 0.56,
            "comment": "Citat: Ursprungligen postat av Duvermongo Tjenare! Jag planerar ett litet smått Äventyr inom snar framtid till tunneln som ligger i Vitsippsdalen i Göteborg. https://maps.app.goo.gl/X5uuRHPUh1GGsQAq9 . Jag undrar om någon här har varit inne i tunneln och kan berätta lite mer? Någon som har koll vart man kan hitta kartor? Jag har sett en del bilder men det skulle också vara kul att höra lite mer från någon som varit inne i tunneln. Länkar en av..."
          },
          {
            "source": "https://www.flashback.org/t2167471",
            "thread_url": "https://www.flashback.org/t2167471",
            "post_id": "post44025685",
            "username": "Muffincaek",
            "time_raw": "2013-06-23, 22:39 # 1",
            "confidence": 0.72,
            "comment": "Vi var några som traskade runt en bra bit ut i skogen utanför Sollefteå i helgen, utforskade ett gammalt brandtorn från 1938. Bild på brandtornet: http://imageshack.us/photo/my-images/543/cdru.jpg/ Väl på plats så märkte vi en ovanligt stor mast och gick dit för att kolla, första dagen såg vi inget speciellt runt masten. Här är masten: http://imageshack.us/photo/my-images/546/3m3v.jpg/ http://imageshack.us/photo/my-images/855/q5z5.jpg/ Andra d..."
          },
          {
            "source": "https://www.flashback.org/t2167471",
            "thread_url": "https://www.flashback.org/t2167471",
            "post_id": "post44026122",
            "username": "Myrslingerbult",
            "time_raw": "2013-06-23, 23:00 # 2",
            "confidence": 0.72,
            "comment": "Masten som ni hittat tillhör försvarsmakten, och den används dagligen för att skicka krypterad kommunikation mellan olika regementen och ledningscentraler. Liknande master finns utplacerade som en kedja runtom i hela landet, och tillsammans bildar de Försvarets telenät (FTN) eller Försvarets fasta radiolänknät som det också kallas. I skyddsrummet en bit i från masten finns vanligtvis inte mer än utrustningen än vad som behövs för att konfigure..."
          },
          {
            "source": "https://www.flashback.org/t2167471p2",
            "thread_url": "https://www.flashback.org/t2167471",
            "post_id": "post44164498",
            "username": "Muffincaek",
            "time_raw": "2013-07-04, 00:21 # 17",
            "confidence": 0.64,
            "comment": "Nu så! Det där stället var ett uppsamlingsskydd för granat övningar verkar det som Här åkte man in: https://imageshack.com/i/49oq4pj Själva skyddet antar jag, med en garageplats: https://imageshack.com/i/mw61m3j Skylt på huset: https://imageshack.com/i/nbz45hj Skylt 2: https://imageshack.com/i/05fjfqj I garageutrymmet fanns ett fågelbo, inget mer: https://imageshack.com/i/nps85bj På sidan av vägen ner bakom byggnaden låg detta: https://imagesh..."
          },
          {
            "source": "https://www.flashback.org/t2167471p2",
            "thread_url": "https://www.flashback.org/t2167471",
            "post_id": "post44165238",
            "username": "flashwhore",
            "time_raw": "2013-07-04, 01:38 # 18",
            "confidence": 0.48,
            "comment": "Citat: Ursprungligen postat av Muffincaek Kan berätta dock att när vi var ute och kollade runt svängde vi in till vad vi trodde var en övergiven gård då det stog flera tomma hus på tomten som såg obebodd ut, när vi öppnar bildörren skriker en herre \"Vaaaad i helvete gör ni här?\" Jag - \"Vi är bara ute och kollar runt lite, inget speciellt.\" Han - \"Är ni härifrån eller? In i bilen och iväg med er fortare än fan!\" Såg ut som ett äldre hippiepar,..."
          },
          {
            "source": "https://www.flashback.org/t2167471p2",
            "thread_url": "https://www.flashback.org/t2167471",
            "post_id": "post44169996",
            "username": "DenSomSoker",
            "time_raw": "2013-07-04, 14:58 # 21",
            "confidence": 0.64,
            "comment": "Citat: Ursprungligen postat av Muffincaek Nu så! Det där stället var ett uppsamlingsskydd för granat övningar verkar det som Här åkte man in: https://imageshack.com/i/49oq4pj Själva skyddet antar jag, med en garageplats: https://imageshack.com/i/mw61m3j Skylt på huset: https://imageshack.com/i/nbz45hj Skylt 2: https://imageshack.com/i/05fjfqj I garageutrymmet fanns ett fågelbo, inget mer: https://imageshack.com/i/nps85bj På sidan av vägen ner..."
          },
          {
            "source": "https://www.flashback.org/t3729743",
            "thread_url": "https://www.flashback.org/t3729743",
            "post_id": "post94934175",
            "username": "L01x",
            "time_raw": "2026-05-10, 18:22 # 1",
            "confidence": 0.56,
            "comment": "Jaha, det här känns lite som ett långskott men jag och en polare söker platser i Stockholmsområdet för UE. Jag känner till de gamla hederliga som SÖS tunneln (dock kan jag ingen ingång som är åtkomlig), tidigare Akay och Tariq som numera verkar vara rivna iom Slussen-bygget. Har även hört att det ska finnas diverse bergrum vid Loudden vid Gärdet och även på Beckholmen. Jag skulle uppskatta om någon kunde berätta om lite ställen och vad det fin..."
          },
          {
            "source": "https://www.flashback.org/t435500",
            "thread_url": "https://www.flashback.org/t435500",
            "post_id": "post7715758",
            "username": "Naw",
            "time_raw": "2007-07-15, 16:57 # 11",
            "confidence": 0.48,
            "comment": "är intresserad av att börja med UE i Lund jag. När jag var yngre bodde jag på värpinge och precis som någon sa så finns där tunnlar som leder under i princip hela Lund. Man får gå ner i Ravinen på Värpinge, där finns ett stort rör som man kan gå in i, där rinner dock en del vatten så det blir nog enklast och smidigast om man har gummistövlar. Lite mer än halvvägs in i röret kommer en \"korsning\". Till höger är det igenspikat med plankor så man..."
          },
          {
            "source": "https://www.flashback.org/t3725204",
            "thread_url": "https://www.flashback.org/t3725204",
            "post_id": "post94691018",
            "username": "Duvermongo",
            "time_raw": "2026-04-05, 17:00 # 1",
            "confidence": 0.56,
            "comment": "Tja! Jag och en polare tänker göra en roadtrip till öst tyskland för att hitta coola ställen att utforska samt fotografera! Har någon tips på något coolt ställe nere i öst tyskland? Öst europa skulle funka med! Helst fabriker eller bunkrar."
          },
          {
            "source": "https://www.flashback.org/t2225405",
            "thread_url": "https://www.flashback.org/t2225405",
            "post_id": "post649661",
            "username": "Wentor-",
            "time_raw": "2003-12-11, 10:52 # 4",
            "confidence": 0.56,
            "comment": "Citat: Ursprungligen postat av slakis det är rätt trevligt även om det inte är något speciellt egentligen där.. en perrong halvt utomhus halvt under jord.. är mycket väktare och bevakning i krokarna nu på senare tid på grund av ungar som leker i närheten, samt målare... många påkörningsolyckor o sådant. så ta det försiktigt om ni planerar en expedition. och rör inte målningarna. Aj fasen.. Jag och ett par polare hade tänkt kolla hur det ser ut..."
          },
          {
            "source": "https://www.flashback.org/t2225405",
            "thread_url": "https://www.flashback.org/t2225405",
            "post_id": "post6929553",
            "username": "Solstickeflicka",
            "time_raw": "2007-04-23, 19:41 # 9",
            "confidence": 0.64,
            "comment": "Jag och en vän tänkte åka till \"spökstationen\" Kymlinge imorgon. Jag har sökt en hel del, men inte fått svar på mina viktigaste frågor, tänkte därför att ni kanske kunde hjälpa mig. 1. Är det olagligt att gå in på Kymlinge, dvs att nån vakt kan komma och \"ta hand\" om en. 2. Måste man gå över tunnelbanespåren för att komma in på själva stationen? I sådana fall, hur gör man detta på bästa sätt? 3. Vilken station är det enklast att gå ifrån? Jag..."
          },
          {
            "source": "https://www.flashback.org/t2225405",
            "thread_url": "https://www.flashback.org/t2225405",
            "post_id": "post6929621",
            "username": "rebban",
            "time_raw": "2007-04-23, 19:46 # 10",
            "confidence": 0.64,
            "comment": "Citat: Ursprungligen postat av Solstickeflicka Jag och en vän tänkte åka till \"spökstationen\" Kymlinge imorgon. Jag har sökt en hel del, men inte fått svar på mina viktigaste frågor, tänkte därför att ni kanske kunde hjälpa mig. 1. Är det olagligt att gå in på Kymlinge, dvs att nån vakt kan komma och \"ta hand\" om en. 2. Måste man gå över tunnelbanespåren för att komma in på själva stationen? I sådana fall, hur gör man detta på bästa sätt? 3. V..."
          },
          {
            "source": "https://www.flashback.org/t2225405",
            "thread_url": "https://www.flashback.org/t2225405",
            "post_id": "post6932269",
            "username": "Ssraeshza",
            "time_raw": "2007-04-23, 23:22 # 11",
            "confidence": 0.72,
            "comment": "Citat: Ursprungligen postat av Solstickeflicka Jag och en vän tänkte åka till \"spökstationen\" Kymlinge imorgon. Jag har sökt en hel del, men inte fått svar på mina viktigaste frågor, tänkte därför att ni kanske kunde hjälpa mig. 1. Är det olagligt att gå in på Kymlinge, dvs att nån vakt kan komma och \"ta hand\" om en. 2. Måste man gå över tunnelbanespåren för att komma in på själva stationen? I sådana fall, hur gör man detta på bästa sätt? 3. V..."
          },
          {
            "source": "https://www.flashback.org/t2225405",
            "thread_url": "https://www.flashback.org/t2225405",
            "post_id": "post6932389",
            "username": "Torskfilé",
            "time_raw": "2007-04-23, 23:31 # 12",
            "confidence": 0.72,
            "comment": "Citat: Ursprungligen postat av Solstickeflicka Jag och en vän tänkte åka till \"spökstationen\" Kymlinge imorgon. Jag har sökt en hel del, men inte fått svar på mina viktigaste frågor, tänkte därför att ni kanske kunde hjälpa mig. 1. Är det olagligt att gå in på Kymlinge, dvs att nån vakt kan komma och \"ta hand\" om en. 2. Måste man gå över tunnelbanespåren för att komma in på själva stationen? I sådana fall, hur gör man detta på bästa sätt? 3. V..."
          },
          {
            "source": "https://www.flashback.org/t1421697",
            "thread_url": "https://www.flashback.org/t1421697",
            "post_id": "post28237375",
            "username": "MiJe",
            "time_raw": "2011-01-15, 03:25 # 12",
            "confidence": 0.76,
            "comment": "Jag har varit i delar av kulvertarna och i vissa av rummen där nere vilka var kaklade, vad hade de gjort i de rummen? När jag var ungefär 15 gick jag där på kurs, målning, då hade inte skolorna kommit dit ännu så allt var i princip orört. Vi fick gå in i alla salar, kök och något badrum. Var inte så värst intresserad och visste heller inte så mycket då, tyvärr! Men vi fick i allafall ta porslin från köken och måla på...och attans att jag gav b..."
          },
          {
            "source": "https://www.flashback.org/t3074043",
            "thread_url": "https://www.flashback.org/t3074043",
            "post_id": "post68631667",
            "username": "LadyCinderbottom",
            "time_raw": "2019-09-07, 19:01 # 2",
            "confidence": 0.84,
            "comment": "Citat: Ursprungligen postat av G2H1 Tjenare! Jag och mina kompisar blev sjukt sugna på att testa det här med UE. Vi vill alltså ta oss in på ödelagda platser. Problemet är att ingen av oss vet vart vi skulle kunna åka. Kikade runt lite här på flashback men hittade nästan bara gamla trådar. Så jag undrar om någon här skulle kunna rekommendera nåt fint ställe här i Stockholms trakterna nära västra Stockholm? Tack på förhand! Klassiker är Kymling..."
          },
          {
            "source": "https://www.flashback.org/t3074043",
            "thread_url": "https://www.flashback.org/t3074043",
            "post_id": "post69243521",
            "username": "fabio95",
            "time_raw": "2019-11-09, 12:31 # 5",
            "confidence": 0.88,
            "comment": "Jag söker också efter några fler ställen i Stockholm. Jag har tillgång till bil och letar efter lite tips om intressanta platser runt om Stockholm att utforska. Jag har besökt Sös tunneln innan den var stängd samt sen djupare delen som man når genom en Stege, färgfabriken, kymlingestation och nån nedbränd skola. Skulle någon tänka sig Pma några intressanta ställen att besöka?"
          },
          {
            "source": "https://www.flashback.org/t3074043p2",
            "thread_url": "https://www.flashback.org/t3074043",
            "post_id": "post83019896",
            "username": "Psykadeluxe",
            "time_raw": "2023-01-06, 20:13 # 16",
            "confidence": 0.6,
            "comment": "Citat: Ursprungligen postat av -Eli- INGEN seriös UEare bryter sig in. Mvh hållt på med UE i 20 år Ok det är din förlust. Jag är väl en oseriös urban exploration entusiast då. Jag gillar att göra olaga intrång och bryta mig in i utrymmen, källare, garage under marken har dörrar som leder till tunnlar som leder till En och annan dörr som du bryter dig in i. Jag har ibland stött på igensvetsade dörrar i tex. I En nödutgångtunnel i ett garage i..."
          },
          {
            "source": "https://www.flashback.org/t3074043p2",
            "thread_url": "https://www.flashback.org/t3074043",
            "post_id": "post83020784",
            "username": "Psykadeluxe",
            "time_raw": "2023-01-06, 21:23 # 17",
            "confidence": 0.72,
            "comment": "Citat: Ursprungligen postat av Psykadeluxe Ok det är din förlust. Jag är väl en oseriös urban exploration entusiast då. Jag gillar att göra olaga intrång och bryta mig in i utrymmen, källare, garage under marken har dörrar som leder till tunnlar som leder till En och annan dörr som du bryter dig in i. Jag har ibland stött på igensvetsade dörrar i tex. I En nödutgångtunnel i ett garage i Årstadal som går ner typ 9 våningar under marken, så Rå..."
          },
          {
            "source": "https://www.flashback.org/t3074043p2",
            "thread_url": "https://www.flashback.org/t3074043",
            "post_id": "post84086988",
            "username": "Psykadeluxe",
            "time_raw": "2023-04-08, 07:00 # 19",
            "confidence": 0.72,
            "comment": "Citat: Ursprungligen postat av Underjording Om det du säger stämmer.. Hur vet du att tunneln går till Hammarbyhöjden? Har du gått hela vägen? Vad är det för typ av tunnel? Jag har inte gått hela vägen i en sträcka men till och från så har jag öppnat upp luckor i området och då har det alltid verkat som om allt är sammankopplat under marken både inne i innerstan men också i kranskommunerna kring Stockholm. Och det verkar ju trovärdigt med tanke..."
          }
        ],
        "source": "https://www.flashback.org/t3074043p2",
        "thread_url": "https://www.flashback.org/t3074043",
        "post_id": "post84086988",
        "username": "Psykadeluxe",
        "time_raw": "2023-04-08, 07:00 # 19",
        "confidence": 0.72,
        "comment": "Citat: Ursprungligen postat av Underjording Om det du säger stämmer.. Hur vet du att tunneln går till Hammarbyhöjden? Har du gått hela vägen? Vad är det för typ av tunnel? Jag har inte gått hela vägen i en sträcka men till och från så har jag öppnat upp luckor i området och då har det alltid verkat som om allt är sammankopplat under marken både inne i innerstan men också i kranskommunerna kring Stockholm. Och det verkar ju trovärdigt med tanke..."
      }
    },
    {
      "type": "Feature",
      "geometry": {
        "type": "Point",
        "coordinates": [
          18.0338509,
          59.4123247
        ]
      },
      "properties": {
        "id": "eedc88393191",
        "entity": "Denna",
        "query": "Denna, Sweden",
        "display_name": "Denna Restaurang, Enebybergsvägen, Mörby, Enebyberg, Danderyds kommun, Stockholms län, 182 36, Sverige",
        "osm_type": "node",
        "osm_id": 1110712673,
        "geocode_confidence": 5.774853131909693e-05,
        "evidence": [
          {
            "source": "https://www.flashback.org/t349266",
            "thread_url": "https://www.flashback.org/t349266",
            "post_id": "post3607112",
            "username": "LordCaleb",
            "time_raw": "2006-01-26, 23:58 # 9",
            "confidence": 0.64,
            "comment": "I rums-stora mörka miljöer/korridorer vill jag, som är van vid lågbudget (har en HP photosmart 435, 3.1 MP, 5 x digital \"zoom\") tipsa om att ha en lagom stor LED lampa (jag har en för 50:- från Clas O) funkar perfekt, då vanliga blixten inte räcker. Jag har nattblixt som ger väldigt bra bilder, men jobbigt o stå helt stilla, och de extra superblixtrarna tar på batteri och syns. Jag tar sällan \"översiktsbilder\" och där jag gjort/velat göra så h..."
          },
          {
            "source": "https://www.flashback.org/t3725204",
            "thread_url": "https://www.flashback.org/t3725204",
            "post_id": "post94692203",
            "username": "Batagare",
            "time_raw": "2026-04-05, 19:22 # 5",
            "confidence": 1.0,
            "comment": "Ammunitionsfabriken DAG Bromberg (nuvarande Bydgoszcz i Polen). DAG Bromberg byggdes mellan 1939 och 1945 som en del av tre tyska vapenfabriker som tillhör Dynamit-AG. Företaget grundades under 1900-talet av Alfred Nobel, den berömda svenska kemisten som uppfann dynamiten och etablerade Nobelpriset. Nobels fabrik tillverkade nitroglycerin och rökfritt pulver som sedan användes vid produktion av ammunition. Ett museum är nu etablerat i NGL-Betr..."
          }
        ],
        "source": "https://www.flashback.org/t3725204",
        "thread_url": "https://www.flashback.org/t3725204",
        "post_id": "post94692203",
        "username": "Batagare",
        "time_raw": "2026-04-05, 19:22 # 5",
        "confidence": 1.0,
        "comment": "Ammunitionsfabriken DAG Bromberg (nuvarande Bydgoszcz i Polen). DAG Bromberg byggdes mellan 1939 och 1945 som en del av tre tyska vapenfabriker som tillhör Dynamit-AG. Företaget grundades under 1900-talet av Alfred Nobel, den berömda svenska kemisten som uppfann dynamiten och etablerade Nobelpriset. Nobels fabrik tillverkade nitroglycerin och rökfritt pulver som sedan användes vid produktion av ammunition. Ett museum är nu etablerat i NGL-Betr..."
      }
    },
    {
      "type": "Feature",
      "geometry": {
        "type": "Point",
        "coordinates": [
          17.6905231,
          59.8543863
        ]
      },
      "properties": {
        "id": "9e46c262fad0",
        "entity": "Canon",
        "query": "Canon, Sweden",
        "display_name": "Canon, Sylveniusgatan, Fyrislund, Uppsala, Uppsala kommun, Uppsala län, 735 23, Sverige",
        "osm_type": "node",
        "osm_id": 8971530035,
        "geocode_confidence": 7.216678110928538e-05,
        "evidence": [
          {
            "source": "https://www.flashback.org/t349266",
            "thread_url": "https://www.flashback.org/t349266",
            "post_id": "post3610454",
            "username": "Sortima",
            "time_raw": "2006-01-27, 17:50 # 10",
            "confidence": 0.68,
            "comment": "Sitter på en Canon EOS 350D med ett 70-200/2.8 och ett 18-55/4.5-5.6 ska snart inhandla ett 18-70 med fin ljusstyrka. Kommer att lägga upp lite bilder så fort jag kan här Jäkligt nice plåt i tunneln där måste jag säga! Men som man ofta brukar få nämna, det är inte utrustningen som gör en bra det är du själv!"
          },
          {
            "source": "https://www.flashback.org/t349266",
            "thread_url": "https://www.flashback.org/t349266",
            "post_id": "post3610647",
            "username": "Ninjakossan",
            "time_raw": "2006-01-27, 18:25 # 11",
            "confidence": 0.84,
            "comment": "Citat: Ursprungligen postat av Sortima Sitter på en Canon EOS 350D med ett 70-200/2.8 och ett 18-55/4.5-5.6 ska snart inhandla ett 18-70 med fin ljusstyrka. Kommer att lägga upp lite bilder så fort jag kan här Jäkligt nice plåt i tunneln där måste jag säga! Men som man ofta brukar få nämna, det är inte utrustningen som gör en bra det är du själv! Låt mig tipsa om 10-22an, den är grym på UE. Eller känner du att du vill ha en allroundzoom som gå..."
          }
        ],
        "source": "https://www.flashback.org/t349266",
        "thread_url": "https://www.flashback.org/t349266",
        "post_id": "post3610647",
        "username": "Ninjakossan",
        "time_raw": "2006-01-27, 18:25 # 11",
        "confidence": 0.84,
        "comment": "Citat: Ursprungligen postat av Sortima Sitter på en Canon EOS 350D med ett 70-200/2.8 och ett 18-55/4.5-5.6 ska snart inhandla ett 18-70 med fin ljusstyrka. Kommer att lägga upp lite bilder så fort jag kan här Jäkligt nice plåt i tunneln där måste jag säga! Men som man ofta brukar få nämna, det är inte utrustningen som gör en bra det är du själv! Låt mig tipsa om 10-22an, den är grym på UE. Eller känner du att du vill ha en allroundzoom som gå..."
      }
    },
    {
      "type": "Feature",
      "geometry": {
        "type": "Point",
        "coordinates": [
          15.5776266,
          58.4012054
        ]
      },
      "properties": {
        "id": "414e13ed6e71",
        "entity": "Kommer",
        "query": "Kommer, Sweden",
        "display_name": "Kommer, Corson, Västra Valla, Linköpings domkyrkodistrikt, Linköping, Linköpings kommun, Östergötlands län, 583 29, Sverige",
        "osm_type": "node",
        "osm_id": 4183978654,
        "geocode_confidence": 6.607690547031384e-05,
        "evidence": [
          {
            "source": "https://www.flashback.org/t349266",
            "thread_url": "https://www.flashback.org/t349266",
            "post_id": "post3610454",
            "username": "Sortima",
            "time_raw": "2006-01-27, 17:50 # 10",
            "confidence": 0.68,
            "comment": "Sitter på en Canon EOS 350D med ett 70-200/2.8 och ett 18-55/4.5-5.6 ska snart inhandla ett 18-70 med fin ljusstyrka. Kommer att lägga upp lite bilder så fort jag kan här Jäkligt nice plåt i tunneln där måste jag säga! Men som man ofta brukar få nämna, det är inte utrustningen som gör en bra det är du själv!"
          },
          {
            "source": "https://www.flashback.org/t349266",
            "thread_url": "https://www.flashback.org/t349266",
            "post_id": "post3610647",
            "username": "Ninjakossan",
            "time_raw": "2006-01-27, 18:25 # 11",
            "confidence": 0.84,
            "comment": "Citat: Ursprungligen postat av Sortima Sitter på en Canon EOS 350D med ett 70-200/2.8 och ett 18-55/4.5-5.6 ska snart inhandla ett 18-70 med fin ljusstyrka. Kommer att lägga upp lite bilder så fort jag kan här Jäkligt nice plåt i tunneln där måste jag säga! Men som man ofta brukar få nämna, det är inte utrustningen som gör en bra det är du själv! Låt mig tipsa om 10-22an, den är grym på UE. Eller känner du att du vill ha en allroundzoom som gå..."
          },
          {
            "source": "https://www.flashback.org/t3729252",
            "thread_url": "https://www.flashback.org/t3729252",
            "post_id": "post94908668",
            "username": "Duvermongo",
            "time_raw": "2026-05-06, 21:30 # 3",
            "confidence": 0.48,
            "comment": "Citat: Ursprungligen postat av Goulburn Om det är möjligt att gå in i tunneln är det väl bra att ta med ficklampa och gå in och titta själv . Misstänker att det inte finns kartor att få tag i men du behöver väl inte gå så långt att du riskerar att vilse. Japp exakt! Tänkte mest bara höra om någon varit inne för skojs skull. Kommer definitivt uppdatera här senare hur allt gick!"
          }
        ],
        "source": "https://www.flashback.org/t3729252",
        "thread_url": "https://www.flashback.org/t3729252",
        "post_id": "post94908668",
        "username": "Duvermongo",
        "time_raw": "2026-05-06, 21:30 # 3",
        "confidence": 0.48,
        "comment": "Citat: Ursprungligen postat av Goulburn Om det är möjligt att gå in i tunneln är det väl bra att ta med ficklampa och gå in och titta själv . Misstänker att det inte finns kartor att få tag i men du behöver väl inte gå så långt att du riskerar att vilse. Japp exakt! Tänkte mest bara höra om någon varit inne för skojs skull. Kommer definitivt uppdatera här senare hur allt gick!"
      }
    },
    {
      "type": "Feature",
      "geometry": {
        "type": "Point",
        "coordinates": [
          -70.822678,
          44.133435
        ]
      },
      "properties": {
        "id": "e0117e333b14",
        "entity": "Men",
        "query": "Men, Sweden",
        "display_name": "Sweden, Oxford County, Maine, 04040, United States",
        "osm_type": "relation",
        "osm_id": 12162621,
        "geocode_confidence": 0.39742443319360427,
        "evidence": [
          {
            "source": "https://www.flashback.org/t349266",
            "thread_url": "https://www.flashback.org/t349266",
            "post_id": "post3610454",
            "username": "Sortima",
            "time_raw": "2006-01-27, 17:50 # 10",
            "confidence": 0.68,
            "comment": "Sitter på en Canon EOS 350D med ett 70-200/2.8 och ett 18-55/4.5-5.6 ska snart inhandla ett 18-70 med fin ljusstyrka. Kommer att lägga upp lite bilder så fort jag kan här Jäkligt nice plåt i tunneln där måste jag säga! Men som man ofta brukar få nämna, det är inte utrustningen som gör en bra det är du själv!"
          },
          {
            "source": "https://www.flashback.org/t349266",
            "thread_url": "https://www.flashback.org/t349266",
            "post_id": "post3610647",
            "username": "Ninjakossan",
            "time_raw": "2006-01-27, 18:25 # 11",
            "confidence": 0.84,
            "comment": "Citat: Ursprungligen postat av Sortima Sitter på en Canon EOS 350D med ett 70-200/2.8 och ett 18-55/4.5-5.6 ska snart inhandla ett 18-70 med fin ljusstyrka. Kommer att lägga upp lite bilder så fort jag kan här Jäkligt nice plåt i tunneln där måste jag säga! Men som man ofta brukar få nämna, det är inte utrustningen som gör en bra det är du själv! Låt mig tipsa om 10-22an, den är grym på UE. Eller känner du att du vill ha en allroundzoom som gå..."
          },
          {
            "source": "https://www.flashback.org/t1690739p2",
            "thread_url": "https://www.flashback.org/t1690739",
            "post_id": "post93688153",
            "username": "von-tratt",
            "time_raw": "2025-12-08, 04:34 # 20",
            "confidence": 0.76,
            "comment": "Citat: Ursprungligen postat av Hampthy Njae, skulle varit användbart. Men i och med att det bor folk i huset intill så lär det höras. Bäst att leta med metalldetektor efter armeringen, eller söka sig fram med järnspett. Ska försöka ta reda på lite mer exakt vars inslaget har legat Jag är jävligt sugen på att hitta inslaget. Har tillgång till metalldetektor och bor i närheten Om du skulle vilja göra slag i saken. Det finns ju en annan militär m..."
          },
          {
            "source": "https://www.flashback.org/t2557575p2",
            "thread_url": "https://www.flashback.org/t2557575",
            "post_id": "post53091014",
            "username": "MosterAugusta",
            "time_raw": "2015-04-22, 00:31 # 24",
            "confidence": 0.68,
            "comment": "Citat: Ursprungligen postat av nilltre Gift har ju alltid varit dyrt att göra sig av med(på rätt sätt), så att det på något sätt hamnat i marken eller som här blivit dumpat i ett gruvhål istället för att typ förbrännas är ju inte så osannolikt. Speciellt om man tänker på att gruvhålen funnits där rätt länge och en hel del olika industriell tillverkning och liknande skett i krokarna. Man kan ju hoppas att giftet haft en högre densitet(eller är..."
          },
          {
            "source": "https://www.flashback.org/t435500",
            "thread_url": "https://www.flashback.org/t435500",
            "post_id": "post7863334",
            "username": "MacClannough",
            "time_raw": "2007-07-31, 03:46 # 12",
            "confidence": 0.48,
            "comment": "Arlöv består bara av en massa industrier och där har jag hört av en massa folk att där ska det finnas lokaler som är övergivna! För några år sedan så höll jag på att trilla ner i ett stort håll, jag såg en trappa ner till hållet och upptäckte att luffare hade bott där men det gick också en lång jävla gång! Men jag vågade inte gå längre!"
          },
          {
            "source": "https://www.flashback.org/t435500p2",
            "thread_url": "https://www.flashback.org/t435500",
            "post_id": "post7863518",
            "username": "Domedagen",
            "time_raw": "2007-07-31, 04:56 # 14",
            "confidence": 0.56,
            "comment": "Citat: Ursprungligen postat av MacClannough Arlöv består bara av en massa industrier och där har jag hört av en massa folk att där ska det finnas lokaler som är övergivna! För några år sedan så höll jag på att trilla ner i ett stort håll, jag såg en trappa ner till hållet och upptäckte att luffare hade bott där men det gick också en lång jävla gång! Men jag vågade inte gå längre! arlov e ju ine lund!!! e malmo nu ska jag ej klaga.. finns massa..."
          },
          {
            "source": "https://www.flashback.org/t3699472",
            "thread_url": "https://www.flashback.org/t3699472",
            "post_id": "post93218802",
            "username": "Flygandekatten",
            "time_raw": "2025-10-14, 17:35 # 1",
            "confidence": 0.56,
            "comment": "För ett par månader sen var jag och några polare ute och drev runt i Stockholm, när vi helt spontant bestämde oss för att försöka ta oss in i Katarinabergets bunker. Vi trodde helt ärligt inte att det skulle gå  det är ju en fullt aktiv anläggning mitt i stan, med massor av kameror och larm. Men på något sjukt sätt kom vi in. Mitt på dagen, runt kl 13. Inga masker, inga avancerade planer  det bara hände. Väl där inne blev det snabbt tydligt..."
          },
          {
            "source": "https://www.flashback.org/t3699472p2",
            "thread_url": "https://www.flashback.org/t3699472",
            "post_id": "post93219701",
            "username": "AskMeAboutJesus",
            "time_raw": "2025-10-14, 19:16 # 16",
            "confidence": 0.56,
            "comment": "Citat: Ursprungligen postat av Flygandekatten Spoiler För ett par månader sen var jag och några polare ute och drev runt i Stockholm, när vi helt spontant bestämde oss för att försöka ta oss in i Katarinabergets bunker. Vi trodde helt ärligt inte att det skulle gå  det är ju en fullt aktiv anläggning mitt i stan, med massor av kameror och larm. Men på något sjukt sätt kom vi in. Mitt på dagen, runt kl 13. Inga masker, inga avancerade planer ..."
          },
          {
            "source": "https://www.flashback.org/t3699472p2",
            "thread_url": "https://www.flashback.org/t3699472",
            "post_id": "post93219968",
            "username": "respektive",
            "time_raw": "2025-10-14, 19:44 # 19",
            "confidence": 0.56,
            "comment": "Varför är inlägget skrivet med ChatGPT eller annan motsvarande tjänst? Det gör att trovärdigheten sjunker direkt. Citat: Ursprungligen postat av Flygandekatten För ett par månader sen var jag och några polare ute och drev runt i Stockholm, när vi helt spontant bestämde oss för att försöka ta oss in i Katarinabergets bunker. Vi trodde helt ärligt inte att det skulle gå  det är ju en fullt aktiv anläggning mitt i stan, med massor av kameror och..."
          },
          {
            "source": "https://www.flashback.org/t2225405",
            "thread_url": "https://www.flashback.org/t2225405",
            "post_id": "post6932269",
            "username": "Ssraeshza",
            "time_raw": "2007-04-23, 23:22 # 11",
            "confidence": 0.72,
            "comment": "Citat: Ursprungligen postat av Solstickeflicka Jag och en vän tänkte åka till \"spökstationen\" Kymlinge imorgon. Jag har sökt en hel del, men inte fått svar på mina viktigaste frågor, tänkte därför att ni kanske kunde hjälpa mig. 1. Är det olagligt att gå in på Kymlinge, dvs att nån vakt kan komma och \"ta hand\" om en. 2. Måste man gå över tunnelbanespåren för att komma in på själva stationen? I sådana fall, hur gör man detta på bästa sätt? 3. V..."
          },
          {
            "source": "https://www.flashback.org/t1421697",
            "thread_url": "https://www.flashback.org/t1421697",
            "post_id": "post28186266",
            "username": "swepoman",
            "time_raw": "2011-01-12, 22:57 # 6",
            "confidence": 0.68,
            "comment": "Citat: Ursprungligen postat av Andiders Kallas väl kullvertar? (osäker stavning på de ordet) Flesta sjukhus har sådana, bl.a i Stockholm finns det flera i tunnelbanorna som är kopplade till sjukhus och andra byggnader. Må så vara Det som jag tyckte var mest intressant i hela storyn var väl mest att det gick till dom anställdas hus för dom skulle kunna ta sig till och från jobb så lätt som möjligt.. Men det är ju långt tillbaka i tiden detta sk..."
          },
          {
            "source": "https://www.flashback.org/t1421697",
            "thread_url": "https://www.flashback.org/t1421697",
            "post_id": "post28237375",
            "username": "MiJe",
            "time_raw": "2011-01-15, 03:25 # 12",
            "confidence": 0.76,
            "comment": "Jag har varit i delar av kulvertarna och i vissa av rummen där nere vilka var kaklade, vad hade de gjort i de rummen? När jag var ungefär 15 gick jag där på kurs, målning, då hade inte skolorna kommit dit ännu så allt var i princip orört. Vi fick gå in i alla salar, kök och något badrum. Var inte så värst intresserad och visste heller inte så mycket då, tyvärr! Men vi fick i allafall ta porslin från köken och måla på...och attans att jag gav b..."
          },
          {
            "source": "https://www.flashback.org/t347489",
            "thread_url": "https://www.flashback.org/t347489",
            "post_id": "post4534455",
            "username": "Dur3forS",
            "time_raw": "2006-07-11, 22:41 # 1",
            "confidence": 0.76,
            "comment": "Hej. Fick tips om en militäranläggning på Axgatan i Mölndal. Givetvis var jag tvungen att gå dit. Tyvärr var vi bara 2 stycken, och ingen lampa. Men vi hitta på toppen av berget massa små bunkrar, några större, en radiomast. Under radiomasten gick en tunnel rakt in i berget, den var uppen och man såg därinne en \"Nödutgångs\"-skylt. Vi ville inte gå in där eftersom det var kolsvart. Sedan fortsatte vi neråt för berget, tillslut nådde vi foten av..."
          },
          {
            "source": "https://www.flashback.org/t347489",
            "thread_url": "https://www.flashback.org/t347489",
            "post_id": "post4535577",
            "username": "knaalto",
            "time_raw": "2006-07-12, 00:31 # 12",
            "confidence": 0.6,
            "comment": "svalan o hajen tror jag at du pratar om. Militär Flygövervaknigscentral vad jag har hört i vart fall.. som i sin tid övervakade Västkusten. Men som nu inte används för det endamålet längre. Men MP verkar vara där o kontrollera lite då o då, min flickvän bor i området, hon säger att hon sett militära fordon där vid olika tillfällen. Så det lär nog vara larmat och övervakat"
          },
          {
            "source": "https://www.flashback.org/t347489p2",
            "thread_url": "https://www.flashback.org/t347489",
            "post_id": "post4535713",
            "username": "mumma",
            "time_raw": "2006-07-12, 00:47 # 13",
            "confidence": 0.64,
            "comment": "Citat: Ursprungligen postat av knaalto svalan o hajen tror jag at du pratar om. Militär Flygövervaknigscentral vad jag har hört i vart fall.. som i sin tid övervakade Västkusten. Men som nu inte används för det endamålet längre. Men MP verkar vara där o kontrollera lite då o då, min flickvän bor i området, hon säger att hon sett militära fordon där vid olika tillfällen. Så det lär nog vara larmat och övervakat *schh* Är väldigt stängslat om ja..."
          },
          {
            "source": "https://www.flashback.org/t1413347p2",
            "thread_url": "https://www.flashback.org/t1413347",
            "post_id": "post28094732",
            "username": null,
            "time_raw": "2011-01-09, 00:41 # 18",
            "confidence": 0.48,
            "comment": "Citat: Ursprungligen postat av Jimmie83 Snabel.Mannen Det lutar att det ryktet som jag har kommit över stämmer med länken och det luktar rätt mycket tjurskit om det... hittade stället som jag länkade till innan men inget okult eller annat mysko hände....så tjurskit blev det av det hela Men fanns det en övergiven kyrka? Okult eller inte, fortfarande spännande :P"
          },
          {
            "source": "https://www.flashback.org/t359143",
            "thread_url": "https://www.flashback.org/t359143",
            "post_id": "post9130232",
            "username": "Pendeltåg",
            "time_raw": "2007-11-29, 22:53 # 5",
            "confidence": 0.84,
            "comment": "Citat: Ursprungligen postat av Ayah Ganska ballt ställe faktiskt. Bilder kan läggas upp om ni är intresserade.Någon som vet något mera om det här stället? Har du kvar bilderna? Skulle vara kul att se! Besökte aldrig området själv tyvärr. totalt fanns där C:a 1,7 mil med minkhus, vilka såldes och exporterades till Ryssland. Fabrikshuset du såg kanske var frysanläggningen de hade där? Den användes till att frysa in minkmat med. Mycket av slakter..."
          },
          {
            "source": "https://www.flashback.org/t359143",
            "thread_url": "https://www.flashback.org/t359143",
            "post_id": "post10056457",
            "username": "Hegge",
            "time_raw": "2008-02-18, 18:39 # 9",
            "confidence": 0.64,
            "comment": "Angående övergivna minkfarmar har jag en intressant historia att berätta. Hade för en tid sedan fått information om något som troligtvis skulle vara en övergiven minkfarm en bit in i skogen. Åkte på ett antal expeditioner för att finna denna farm, dock utan resultat. Men tillslut lyckades vi lokalisera den via eniros flygfoto, vilket inte var högupplöst på denna plats, och vi gav os återigen iväg. Efter en lång vandring genom skogen och runt e..."
          }
        ],
        "source": "https://www.flashback.org/t359143",
        "thread_url": "https://www.flashback.org/t359143",
        "post_id": "post10056457",
        "username": "Hegge",
        "time_raw": "2008-02-18, 18:39 # 9",
        "confidence": 0.64,
        "comment": "Angående övergivna minkfarmar har jag en intressant historia att berätta. Hade för en tid sedan fått information om något som troligtvis skulle vara en övergiven minkfarm en bit in i skogen. Åkte på ett antal expeditioner för att finna denna farm, dock utan resultat. Men tillslut lyckades vi lokalisera den via eniros flygfoto, vilket inte var högupplöst på denna plats, och vi gav os återigen iväg. Efter en lång vandring genom skogen och runt e..."
      }
    },
    {
      "type": "Feature",
      "geometry": {
        "type": "Point",
        "coordinates": [
          16.4702136,
          60.5152564
        ]
      },
      "properties": {
        "id": "abf6b361e4b7",
        "entity": "Låt",
        "query": "Låt, Sweden",
        "display_name": "Låtvägen, Solberga, Wall, Torsåker, Hofors kommun, Gävleborgs län, 813 40, Sverige",
        "osm_type": "way",
        "osm_id": 454006715,
        "geocode_confidence": 0.053386752880140345,
        "evidence": [
          {
            "source": "https://www.flashback.org/t349266",
            "thread_url": "https://www.flashback.org/t349266",
            "post_id": "post3610647",
            "username": "Ninjakossan",
            "time_raw": "2006-01-27, 18:25 # 11",
            "confidence": 0.84,
            "comment": "Citat: Ursprungligen postat av Sortima Sitter på en Canon EOS 350D med ett 70-200/2.8 och ett 18-55/4.5-5.6 ska snart inhandla ett 18-70 med fin ljusstyrka. Kommer att lägga upp lite bilder så fort jag kan här Jäkligt nice plåt i tunneln där måste jag säga! Men som man ofta brukar få nämna, det är inte utrustningen som gör en bra det är du själv! Låt mig tipsa om 10-22an, den är grym på UE. Eller känner du att du vill ha en allroundzoom som gå..."
          }
        ],
        "source": "https://www.flashback.org/t349266",
        "thread_url": "https://www.flashback.org/t349266",
        "post_id": "post3610647",
        "username": "Ninjakossan",
        "time_raw": "2006-01-27, 18:25 # 11",
        "confidence": 0.84,
        "comment": "Citat: Ursprungligen postat av Sortima Sitter på en Canon EOS 350D med ett 70-200/2.8 och ett 18-55/4.5-5.6 ska snart inhandla ett 18-70 med fin ljusstyrka. Kommer att lägga upp lite bilder så fort jag kan här Jäkligt nice plåt i tunneln där måste jag säga! Men som man ofta brukar få nämna, det är inte utrustningen som gör en bra det är du själv! Låt mig tipsa om 10-22an, den är grym på UE. Eller känner du att du vill ha en allroundzoom som gå..."
      }
    },
    {
      "type": "Feature",
      "geometry": {
        "type": "Point",
        "coordinates": [
          18.7806808,
          63.7300829
        ]
      },
      "properties": {
        "id": "0a4b79034141",
        "entity": "Eller",
        "query": "Eller, Sweden",
        "display_name": "Cykla eller rid i kanten på Herrbergslidens Naturreservat, Trehörningsjö distrikt, Örnsköldsviks kommun, Västernorrlands län, 890 54, Sverige",
        "osm_type": "way",
        "osm_id": 81708588,
        "geocode_confidence": 0.053392478065155985,
        "evidence": [
          {
            "source": "https://www.flashback.org/t349266",
            "thread_url": "https://www.flashback.org/t349266",
            "post_id": "post3610647",
            "username": "Ninjakossan",
            "time_raw": "2006-01-27, 18:25 # 11",
            "confidence": 0.84,
            "comment": "Citat: Ursprungligen postat av Sortima Sitter på en Canon EOS 350D med ett 70-200/2.8 och ett 18-55/4.5-5.6 ska snart inhandla ett 18-70 med fin ljusstyrka. Kommer att lägga upp lite bilder så fort jag kan här Jäkligt nice plåt i tunneln där måste jag säga! Men som man ofta brukar få nämna, det är inte utrustningen som gör en bra det är du själv! Låt mig tipsa om 10-22an, den är grym på UE. Eller känner du att du vill ha en allroundzoom som gå..."
          },
          {
            "source": "https://www.flashback.org/t103742p2",
            "thread_url": "https://www.flashback.org/t103742",
            "post_id": "post724126",
            "username": "Agnethepro",
            "time_raw": "2004-01-19, 17:39 # 13",
            "confidence": 0.56,
            "comment": "Jag tror att du helt enkelt hörde ljud eftersom att dörren leder in till södersjukhuset. Eller så var det från pendeltågen som går ca. 150 meter längre in i tunneln."
          },
          {
            "source": "https://www.flashback.org/t359143",
            "thread_url": "https://www.flashback.org/t359143",
            "post_id": "post10048064",
            "username": "wildhack",
            "time_raw": "2008-02-18, 00:11 # 8",
            "confidence": 0.56,
            "comment": "När vi är inne på detta ämne, är det någon som är bevandrad i detta med pälsdjursfarmar som kan avgöra om detta också varit en minkfarm? Eller något annat djur? Sprang på denna, inte speciellt stora, nedlagda anläggning i en skog rätt nära Kilafors. Någon som vet mer? http://www.flickr.com/photos/wildhack/17120908/in/set-940419/ http://www.flickr.com/photos/wildhack/17120907/in/set-940419/"
          }
        ],
        "source": "https://www.flashback.org/t359143",
        "thread_url": "https://www.flashback.org/t359143",
        "post_id": "post10048064",
        "username": "wildhack",
        "time_raw": "2008-02-18, 00:11 # 8",
        "confidence": 0.56,
        "comment": "När vi är inne på detta ämne, är det någon som är bevandrad i detta med pälsdjursfarmar som kan avgöra om detta också varit en minkfarm? Eller något annat djur? Sprang på denna, inte speciellt stora, nedlagda anläggning i en skog rätt nära Kilafors. Någon som vet mer? http://www.flickr.com/photos/wildhack/17120908/in/set-940419/ http://www.flickr.com/photos/wildhack/17120907/in/set-940419/"
      }
    },
    {
      "type": "Feature",
      "geometry": {
        "type": "Point",
        "coordinates": [
          18.0171634,
          59.3726654
        ]
      },
      "properties": {
        "id": "634cb33af71e",
        "entity": "Det",
        "query": "Det, Sweden",
        "display_name": "Europeiskt centrum för förebyggande och kontroll av sjukdomar, 40, Gustav III:s boulevard, Ritorp, Järva, Solna, Solna kommun, Stockholms län, 169 73, Sverige",
        "osm_type": "way",
        "osm_id": 24239527,
        "geocode_confidence": 0.5449743445721029,
        "evidence": [
          {
            "source": "https://www.flashback.org/t349266",
            "thread_url": "https://www.flashback.org/t349266",
            "post_id": "post3610647",
            "username": "Ninjakossan",
            "time_raw": "2006-01-27, 18:25 # 11",
            "confidence": 0.84,
            "comment": "Citat: Ursprungligen postat av Sortima Sitter på en Canon EOS 350D med ett 70-200/2.8 och ett 18-55/4.5-5.6 ska snart inhandla ett 18-70 med fin ljusstyrka. Kommer att lägga upp lite bilder så fort jag kan här Jäkligt nice plåt i tunneln där måste jag säga! Men som man ofta brukar få nämna, det är inte utrustningen som gör en bra det är du själv! Låt mig tipsa om 10-22an, den är grym på UE. Eller känner du att du vill ha en allroundzoom som gå..."
          },
          {
            "source": "https://www.flashback.org/t278041",
            "thread_url": "https://www.flashback.org/t278041",
            "post_id": "post3375889",
            "username": "rausing",
            "time_raw": "2005-12-13, 23:38 # 1",
            "confidence": 1.0,
            "comment": "Vad är UE? UE är förkortningen av Urban Exploration som översätts lite plumpt av mig till Urban Utforskning och det går i princip ut på att utforska platser som är undangömda/bortglömda/förbjuda för allmänheten. Med att \"utforska\" så menas egentligen bara att vara, inte att man springer runt och tar prover på bergsmassiv och dylikt, utan bara att finnas till och insupa atmosfären, som oftast/antagligen skiljer sig från \"vanliga\" ställen och ta..."
          },
          {
            "source": "https://www.flashback.org/t103742p2",
            "thread_url": "https://www.flashback.org/t103742",
            "post_id": "post725120",
            "username": "Psykoz",
            "time_raw": "2004-01-20, 00:27 # 19",
            "confidence": 0.68,
            "comment": "Citat: Ursprungligen postat av Emeye Jag var där i lördags me en polare, först gick jag genom Eriksdalstunneln (den man ser ifrån Eriksdalsbadet) och sedan vidare till SöS-tunneln. När jag kom fram till dörrarna som antagligen leder in till Sjukhusets källarlokaler (det lyste under en av dem) hördes det en massa ljud innifrån tunneln... kan vart tågen ute på pendellinjen, kan vart ue:are, kan vart luffare. Hursomhelst drog jag därifrån då... S..."
          },
          {
            "source": "https://www.flashback.org/t282947",
            "thread_url": "https://www.flashback.org/t282947",
            "post_id": "post542575",
            "username": "Krokodildon",
            "time_raw": "2003-10-09, 14:55 # 11",
            "confidence": 0.76,
            "comment": "Citat: Ursprungligen postat av cbe kroko: nee du... hade inte tänkt nått sånnt, inte ens detaljer, var mer intresserad av vad eller vem den tillhörde. Jag trodde inte det var nån speciell aktivitet i växjö längre, mer än det på aerotech. Det är en anläggning för lagring, under 2:a världskriget var det en underjordisk ammunitionsfabrik. Och med tanke på saker som militären lagrar, kan du ju fundera på vilka säkerhetsåtgärder där finns. Om jag s..."
          },
          {
            "source": "https://www.flashback.org/t282947p2",
            "thread_url": "https://www.flashback.org/t282947",
            "post_id": "post543837",
            "username": "Krokodildon",
            "time_raw": "2003-10-10, 10:57 # 13",
            "confidence": 0.96,
            "comment": "Citat: Ursprungligen postat av Keel Lorentz Finns ju bra mycket tunnlar under Katedralskolan, fast jag vet inte hur lätt det är att komma åt dom efter dom byggt om i källaren. Har ju alltid gått rykten om att det går att ta sig hela vägen bort till teknikum men jag vet inte hur mycket sanning det ligger i det, var dock nere under katedral när dom höll på att bygga om för ett antal år sedan och tunnlarna verkade sträcka sig rätt långt. Under to..."
          },
          {
            "source": "https://www.flashback.org/t282947p2",
            "thread_url": "https://www.flashback.org/t282947",
            "post_id": "post2242820",
            "username": "zidnuss",
            "time_raw": "2005-05-17, 10:59 # 15",
            "confidence": 0.48,
            "comment": "Jag vet inga direkta hus. Det finns väll endel industrier nere vid gammla fläkten fast jag vet inte om det är produktion i dom eller inte. Ute vid i11 finns det väll bara gammla bunkrar"
          },
          {
            "source": "https://www.flashback.org/t1690739",
            "thread_url": "https://www.flashback.org/t1690739",
            "post_id": "post33566240",
            "username": "Xennah",
            "time_raw": "2011-10-20, 14:08 # 3",
            "confidence": 0.96,
            "comment": "Citat: Ursprungligen postat av -SWE-ViGGEN Här är lite info om kulvertarna i Värnamo, hoppas det hjälper. http://www.olssonlinder.se/documents/content/Varnamosjukhus060228.pdf Och här har du någons hemsida om öde och nedlagt i Värnamo http://www.jasifil.se/abandoned.html Tackar, fin läsning på andra länken! Den översta länken handlar dock om sjukhuset i Värnamo, det som fortfarande är i full bruk. Det jag är ute efter är det gamla lasarettet s..."
          },
          {
            "source": "https://www.flashback.org/t1690739p2",
            "thread_url": "https://www.flashback.org/t1690739",
            "post_id": "post86790177",
            "username": "usernomen",
            "time_raw": "2023-12-23, 21:05 # 18",
            "confidence": 0.6,
            "comment": "Det är bara gamla radiomasten. Bunkern ligger längre bort, tror nedgången syns ännu inte besökt stället detta århundradet. Platsen var då paintboll ställe? med div figurer plywood soldater. I vmo, ödehus finns/fanns för vid Vismen, ett märkligt ställe."
          },
          {
            "source": "https://www.flashback.org/t1690739p2",
            "thread_url": "https://www.flashback.org/t1690739",
            "post_id": "post86790274",
            "username": "Hampthy",
            "time_raw": "2023-12-23, 21:16 # 19",
            "confidence": 0.64,
            "comment": "Citat: Ursprungligen postat av usernomen Det är bara gamla radiomasten. Bunkern ligger längre bort, tror nedgången syns ännu inte besökt stället detta århundradet. Platsen var då paintboll ställe? med div figurer plywood soldater. I vmo, ödehus finns/fanns för vid Vismen, ett märkligt ställe. Masten lär väll ändå ligga i närheten av inslaget. Var ska \"huset\" annars legat?"
          },
          {
            "source": "https://www.flashback.org/t1690739p2",
            "thread_url": "https://www.flashback.org/t1690739",
            "post_id": "post93688153",
            "username": "von-tratt",
            "time_raw": "2025-12-08, 04:34 # 20",
            "confidence": 0.76,
            "comment": "Citat: Ursprungligen postat av Hampthy Njae, skulle varit användbart. Men i och med att det bor folk i huset intill så lär det höras. Bäst att leta med metalldetektor efter armeringen, eller söka sig fram med järnspett. Ska försöka ta reda på lite mer exakt vars inslaget har legat Jag är jävligt sugen på att hitta inslaget. Har tillgång till metalldetektor och bor i närheten Om du skulle vilja göra slag i saken. Det finns ju en annan militär m..."
          },
          {
            "source": "https://www.flashback.org/t1690739p2",
            "thread_url": "https://www.flashback.org/t1690739",
            "post_id": "post94997526",
            "username": "Hampthy",
            "time_raw": "2026-05-18, 23:17 # 21",
            "confidence": 0.76,
            "comment": "Citat: Ursprungligen postat av von-tratt Jag är jävligt sugen på att hitta inslaget. Har tillgång till metalldetektor och bor i närheten Om du skulle vilja göra slag i saken. Det finns ju en annan militär mast utanför Värnamo som inte har varit i bruk på rätt många decennier antar jag. Hör dessa två ihop på något vis? Hade nog mer klassat det som ingång, eftersom att det var en \"vanlig\" trappa ner i marken. Lär ligga på den platta ytan där. Ha..."
          },
          {
            "source": "https://www.flashback.org/t2557575p2",
            "thread_url": "https://www.flashback.org/t2557575",
            "post_id": "post53090057",
            "username": "Storbandsjazz",
            "time_raw": "2015-04-21, 22:59 # 19",
            "confidence": 0.56,
            "comment": "Citat: Ursprungligen postat av Hegamon Jag tycker att skärmkanter på bilarna inte ser så rostiga ut, överhuvudtaget ser jag inge speciell rost, vad kan det bero på? Är vattnet speciellt i gruvan som gör att det inte rostar? Jag förutsätter ändå att de legat på botten i gruvan ett bra tag. Kan tänka mig att bilarna, de från -70 talet använts ca 10 år, eftersom de uppvisar inga direkta rostskador efter användningen på vägarna. Volvo 240 började..."
          },
          {
            "source": "https://www.flashback.org/t2557575p2",
            "thread_url": "https://www.flashback.org/t2557575",
            "post_id": "post53091014",
            "username": "MosterAugusta",
            "time_raw": "2015-04-22, 00:31 # 24",
            "confidence": 0.68,
            "comment": "Citat: Ursprungligen postat av nilltre Gift har ju alltid varit dyrt att göra sig av med(på rätt sätt), så att det på något sätt hamnat i marken eller som här blivit dumpat i ett gruvhål istället för att typ förbrännas är ju inte så osannolikt. Speciellt om man tänker på att gruvhålen funnits där rätt länge och en hel del olika industriell tillverkning och liknande skett i krokarna. Man kan ju hoppas att giftet haft en högre densitet(eller är..."
          },
          {
            "source": "https://www.flashback.org/t750391",
            "thread_url": "https://www.flashback.org/t750391",
            "post_id": "post12960402",
            "username": "b@ron",
            "time_raw": "2008-09-21, 18:11 # 1",
            "confidence": 0.48,
            "comment": "Jag var på Barkarby flygfält i går lördag  skönt sen sommar väder  mycket aktivitet på flygfältet  även James Bond 007 flygplanet var i rörelse. Jag har aldrig tidigare utforskat flygfältet varför jag tog en promenad motsols runt det hemliga berget. Den första del av promenaden var som att besöka ett utrymt sovjetisk flygfält i Polen eller fd DDR men då kommer jag till en anläggning med fordon o maskiner samt skyltar som varnar att du får i..."
          },
          {
            "source": "https://www.flashback.org/t750391",
            "thread_url": "https://www.flashback.org/t750391",
            "post_id": "post12968803",
            "username": "b@ron",
            "time_raw": "2008-09-22, 10:38 # 12",
            "confidence": 0.48,
            "comment": "Citat: Ursprungligen postat av Fanjunkaren Barkarby är civilt. Det plan du såg var säkert en Saab Safir, ett civilt flygplan med militär bakgrund, därav kamouflage. http://alt.aero-auction.com/pics/lots/saab-safir-73-mindre-lot-ks-105/saab-safir-73-mindre-lot-ks-105.jpg Uppställningsplatserna bredvid bergshangaren är för utlandsmissioner. ja precis detta flygplan var det - men vad f.. gör det på Barkarby en lördag eftermiddag .. jag tänker på..."
          },
          {
            "source": "https://www.flashback.org/t750391p2",
            "thread_url": "https://www.flashback.org/t750391",
            "post_id": "post13019074",
            "username": "Fanjunkaren",
            "time_raw": "2008-09-25, 19:42 # 15",
            "confidence": 0.64,
            "comment": "Uppdaterar lite om den bunker jag berättade om tidigare i tråden. Gick ner i bunkerns gångar för att få ett begrepp om hur stor den är. Blev ganska förvånad när vi gick ner för trappsteg och in i olika rum under jord. Gångarna blev längre och längre, tyvärr hade vi ingen ficklampa så kamerans avståndsmätare fick lysa åt oss. Rummet längst in var ganska stort för att vara ett värn, med en gammal grill inuti. Utanför det rummet stod ett gammalt..."
          },
          {
            "source": "https://www.flashback.org/t750391p2",
            "thread_url": "https://www.flashback.org/t750391",
            "post_id": "post13019784",
            "username": "Running_man",
            "time_raw": "2008-09-25, 20:24 # 16",
            "confidence": 0.64,
            "comment": "Citat: Ursprungligen postat av Fanjunkaren Uppdaterar lite om den bunker jag berättade om tidigare i tråden. Gick ner i bunkerns gångar för att få ett begrepp om hur stor den är. Blev ganska förvånad när vi gick ner för trappsteg och in i olika rum under jord. Gångarna blev längre och längre, tyvärr hade vi ingen ficklampa så kamerans avståndsmätare fick lysa åt oss. Rummet längst in var ganska stort för att vara ett värn, med en gammal grill..."
          },
          {
            "source": "https://www.flashback.org/t750391p2",
            "thread_url": "https://www.flashback.org/t750391",
            "post_id": "post13020403",
            "username": null,
            "time_raw": "2008-09-25, 20:58 # 17",
            "confidence": 0.64,
            "comment": "Citat: Ursprungligen postat av Fanjunkaren Uppdaterar lite om den bunker jag berättade om tidigare i tråden. Gick ner i bunkerns gångar för att få ett begrepp om hur stor den är. Blev ganska förvånad när vi gick ner för trappsteg och in i olika rum under jord. Gångarna blev längre och längre, tyvärr hade vi ingen ficklampa så kamerans avståndsmätare fick lysa åt oss. Rummet längst in var ganska stort för att vara ett värn, med en gammal grill..."
          },
          {
            "source": "https://www.flashback.org/t750391p2",
            "thread_url": "https://www.flashback.org/t750391",
            "post_id": "post13026095",
            "username": "b@ron",
            "time_raw": "2008-09-26, 09:00 # 19",
            "confidence": 0.56,
            "comment": "Citat: Ursprungligen postat av Fanjunkaren Barkarby är civilt. Det plan du såg var säkert en Saab Safir, ett civilt flygplan med militär bakgrund, därav kamouflage. http://alt.aero-auction.com/pics/lots/saab-safir-73-mindre-lot-ks-105/saab-safir-73-mindre-lot-ks-105.jpg Uppställningsplatserna bredvid bergshangaren är för utlandsmissioner. mitt \"side kick\" berättar nu att det inte var detta flygplan typ - planet var med 2 säten ; pilot o bakom..."
          },
          {
            "source": "https://www.flashback.org/t750391p2",
            "thread_url": "https://www.flashback.org/t750391",
            "post_id": "post13030351",
            "username": "Fanjunkaren",
            "time_raw": "2008-09-26, 16:23 # 21",
            "confidence": 0.72,
            "comment": "Citat: Ursprungligen postat av b@ron mitt \"side kick\" berättar nu att det inte var detta flygplan typ - planet var med 2 säten ; pilot o bakom plats för 1 person ...på flygets motor bredvid propellern var ett rött glas typ infrarött ljus /infrarött värmelampa någon som vet.. tror inte det var civilt  vad gör detta flygplan på Barkarby flygfält en lördag eftermiddag om inte där finns någon aktivt militär aktivitet i berget jag har ett annat..."
          },
          {
            "source": "https://www.flashback.org/t2167471",
            "thread_url": "https://www.flashback.org/t2167471",
            "post_id": "post44025685",
            "username": "Muffincaek",
            "time_raw": "2013-06-23, 22:39 # 1",
            "confidence": 0.72,
            "comment": "Vi var några som traskade runt en bra bit ut i skogen utanför Sollefteå i helgen, utforskade ett gammalt brandtorn från 1938. Bild på brandtornet: http://imageshack.us/photo/my-images/543/cdru.jpg/ Väl på plats så märkte vi en ovanligt stor mast och gick dit för att kolla, första dagen såg vi inget speciellt runt masten. Här är masten: http://imageshack.us/photo/my-images/546/3m3v.jpg/ http://imageshack.us/photo/my-images/855/q5z5.jpg/ Andra d..."
          },
          {
            "source": "https://www.flashback.org/t2167471",
            "thread_url": "https://www.flashback.org/t2167471",
            "post_id": "post44026122",
            "username": "Myrslingerbult",
            "time_raw": "2013-06-23, 23:00 # 2",
            "confidence": 0.72,
            "comment": "Masten som ni hittat tillhör försvarsmakten, och den används dagligen för att skicka krypterad kommunikation mellan olika regementen och ledningscentraler. Liknande master finns utplacerade som en kedja runtom i hela landet, och tillsammans bildar de Försvarets telenät (FTN) eller Försvarets fasta radiolänknät som det också kallas. I skyddsrummet en bit i från masten finns vanligtvis inte mer än utrustningen än vad som behövs för att konfigure..."
          },
          {
            "source": "https://www.flashback.org/t2167471",
            "thread_url": "https://www.flashback.org/t2167471",
            "post_id": "post44039481",
            "username": "Muffincaek",
            "time_raw": "2013-06-24, 23:06 # 10",
            "confidence": 0.48,
            "comment": "Stötte på min gamla chef som varit militär i en herrans massa år på Sibylla idag, knäckte en grillad med bröd och pratade i 40 minuter om diverse gamla militärförråd och bunkrar som finns här omkring. Det bästa i mina öron var att runt Spannsjön, vet inte mer än så så ska det finnas ganska massiva underjordiska komplex, många många, och vissa skulle kunna hålla över hundra stycken där i flera dagar. Åååååh att råka snubbla över en sådan ingång..."
          },
          {
            "source": "https://www.flashback.org/t2167471",
            "thread_url": "https://www.flashback.org/t2167471",
            "post_id": "post44044690",
            "username": "DenSomSoker",
            "time_raw": "2013-06-25, 12:22 # 12",
            "confidence": 0.48,
            "comment": "Citat: Ursprungligen postat av Muffincaek Stötte på min gamla chef som varit militär i en herrans massa år på Sibylla idag, knäckte en grillad med bröd och pratade i 40 minuter om diverse gamla militärförråd och bunkrar som finns här omkring. Det bästa i mina öron var att runt Spannsjön, vet inte mer än så så ska det finnas ganska massiva underjordiska komplex, många många, och vissa skulle kunna hålla över hundra stycken där i flera dagar. Åå..."
          },
          {
            "source": "https://www.flashback.org/t2167471p2",
            "thread_url": "https://www.flashback.org/t2167471",
            "post_id": "post44164498",
            "username": "Muffincaek",
            "time_raw": "2013-07-04, 00:21 # 17",
            "confidence": 0.64,
            "comment": "Nu så! Det där stället var ett uppsamlingsskydd för granat övningar verkar det som Här åkte man in: https://imageshack.com/i/49oq4pj Själva skyddet antar jag, med en garageplats: https://imageshack.com/i/mw61m3j Skylt på huset: https://imageshack.com/i/nbz45hj Skylt 2: https://imageshack.com/i/05fjfqj I garageutrymmet fanns ett fågelbo, inget mer: https://imageshack.com/i/nps85bj På sidan av vägen ner bakom byggnaden låg detta: https://imagesh..."
          },
          {
            "source": "https://www.flashback.org/t2167471p2",
            "thread_url": "https://www.flashback.org/t2167471",
            "post_id": "post44169996",
            "username": "DenSomSoker",
            "time_raw": "2013-07-04, 14:58 # 21",
            "confidence": 0.64,
            "comment": "Citat: Ursprungligen postat av Muffincaek Nu så! Det där stället var ett uppsamlingsskydd för granat övningar verkar det som Här åkte man in: https://imageshack.com/i/49oq4pj Själva skyddet antar jag, med en garageplats: https://imageshack.com/i/mw61m3j Skylt på huset: https://imageshack.com/i/nbz45hj Skylt 2: https://imageshack.com/i/05fjfqj I garageutrymmet fanns ett fågelbo, inget mer: https://imageshack.com/i/nps85bj På sidan av vägen ner..."
          },
          {
            "source": "https://www.flashback.org/t2167471p2",
            "thread_url": "https://www.flashback.org/t2167471",
            "post_id": "post44171536",
            "username": "Infotizer",
            "time_raw": "2013-07-04, 16:55 # 22",
            "confidence": 0.72,
            "comment": "Citat: Ursprungligen postat av Muffincaek En liten uppdatering från masten som tråden startades för kommer nu också! Det var folk där, så vi var lite smygiga! Tydligen höll dom på installera / byta ut antenner. Här kommer lite bilder! Vid ingågen: http://imageshack.us/photo/my-images/856/yauw.jpg/ http://imageshack.us/photo/my-images/856/feeu.jpg/ http://imageshack.us/photo/my-images/62/g4g9.jpg/ Brevid masten: http://imageshack.us/photo/my-im..."
          },
          {
            "source": "https://www.flashback.org/t435500",
            "thread_url": "https://www.flashback.org/t435500",
            "post_id": "post6166751",
            "username": null,
            "time_raw": "2007-01-27, 14:34 # 9",
            "confidence": 0.76,
            "comment": "Citat: Ursprungligen postat av Prada St Lars bjuder på saker, det gamla vattentornet, dock inte mycket att se. Kulvertarna under st.lars fram med bultsaxen! Varför använda bultsax när det bara är att knalla in...det gick i alla fall för 10 år sen. Gick in vid sjukhusets huvudingången(?) vid apoteket (om det ligger kvar där). Det var bara att dra i ett snöre så öppnades porten ner till underjorden. Var där en del och skejtade, blå backen var gr..."
          },
          {
            "source": "https://www.flashback.org/t435500",
            "thread_url": "https://www.flashback.org/t435500",
            "post_id": "post7715758",
            "username": "Naw",
            "time_raw": "2007-07-15, 16:57 # 11",
            "confidence": 0.48,
            "comment": "är intresserad av att börja med UE i Lund jag. När jag var yngre bodde jag på värpinge och precis som någon sa så finns där tunnlar som leder under i princip hela Lund. Man får gå ner i Ravinen på Värpinge, där finns ett stort rör som man kan gå in i, där rinner dock en del vatten så det blir nog enklast och smidigast om man har gummistövlar. Lite mer än halvvägs in i röret kommer en \"korsning\". Till höger är det igenspikat med plankor så man..."
          },
          {
            "source": "https://www.flashback.org/t3699472",
            "thread_url": "https://www.flashback.org/t3699472",
            "post_id": "post93218802",
            "username": "Flygandekatten",
            "time_raw": "2025-10-14, 17:35 # 1",
            "confidence": 0.56,
            "comment": "För ett par månader sen var jag och några polare ute och drev runt i Stockholm, när vi helt spontant bestämde oss för att försöka ta oss in i Katarinabergets bunker. Vi trodde helt ärligt inte att det skulle gå  det är ju en fullt aktiv anläggning mitt i stan, med massor av kameror och larm. Men på något sjukt sätt kom vi in. Mitt på dagen, runt kl 13. Inga masker, inga avancerade planer  det bara hände. Väl där inne blev det snabbt tydligt..."
          },
          {
            "source": "https://www.flashback.org/t3699472p2",
            "thread_url": "https://www.flashback.org/t3699472",
            "post_id": "post93219701",
            "username": "AskMeAboutJesus",
            "time_raw": "2025-10-14, 19:16 # 16",
            "confidence": 0.56,
            "comment": "Citat: Ursprungligen postat av Flygandekatten Spoiler För ett par månader sen var jag och några polare ute och drev runt i Stockholm, när vi helt spontant bestämde oss för att försöka ta oss in i Katarinabergets bunker. Vi trodde helt ärligt inte att det skulle gå  det är ju en fullt aktiv anläggning mitt i stan, med massor av kameror och larm. Men på något sjukt sätt kom vi in. Mitt på dagen, runt kl 13. Inga masker, inga avancerade planer ..."
          },
          {
            "source": "https://www.flashback.org/t3699472p2",
            "thread_url": "https://www.flashback.org/t3699472",
            "post_id": "post93219968",
            "username": "respektive",
            "time_raw": "2025-10-14, 19:44 # 19",
            "confidence": 0.56,
            "comment": "Varför är inlägget skrivet med ChatGPT eller annan motsvarande tjänst? Det gör att trovärdigheten sjunker direkt. Citat: Ursprungligen postat av Flygandekatten För ett par månader sen var jag och några polare ute och drev runt i Stockholm, när vi helt spontant bestämde oss för att försöka ta oss in i Katarinabergets bunker. Vi trodde helt ärligt inte att det skulle gå  det är ju en fullt aktiv anläggning mitt i stan, med massor av kameror och..."
          },
          {
            "source": "https://www.flashback.org/t3725204",
            "thread_url": "https://www.flashback.org/t3725204",
            "post_id": "post94693873",
            "username": "Batagare",
            "time_raw": "2026-04-05, 23:00 # 11",
            "confidence": 0.64,
            "comment": "Citat: Ursprungligen postat av CuteTwink-I-was Finns ju även testområdet för v6 raketerna uppe vid Rostock, även finna stränder och rätt trevligt att stanna några dagar. Det finns betydande raket- och testområden längs kusten norr om Rostock, men det är främst Peenemünde på ön Usedom som är det mest kända historiska testområdet för de så kallade \"Vedergällningsvapnen\" (V-vapen). Museum: Idag finns det Historisch-Technisches Museum Peenemünde i..."
          },
          {
            "source": "https://www.flashback.org/t3725204p2",
            "thread_url": "https://www.flashback.org/t3725204",
            "post_id": "post94695162",
            "username": "Batagare",
            "time_raw": "2026-04-06, 08:28 # 16",
            "confidence": 0.48,
            "comment": "Är du intresserad av bunkrar, är Valentins ubåtsbunker i Bremen Farge ett måste. Den var den största ubåtsanläggningen i Tyskland, endast överträffad av anläggningarnai Frankrike. Bunkern är cirka 426 meter lång och 97 meter bred på sin bredaste punkt; väggarna är 4,5 meter tjocka. Byggnadens höjd är mellan 22,5 och 27 meter. Taket byggdes med hjälp av dussintals stora armerade betongbågar, tillverkade på plats och individuellt lyfta på plats...."
          },
          {
            "source": "https://www.flashback.org/t2225405",
            "thread_url": "https://www.flashback.org/t2225405",
            "post_id": "post649661",
            "username": "Wentor-",
            "time_raw": "2003-12-11, 10:52 # 4",
            "confidence": 0.56,
            "comment": "Citat: Ursprungligen postat av slakis det är rätt trevligt även om det inte är något speciellt egentligen där.. en perrong halvt utomhus halvt under jord.. är mycket väktare och bevakning i krokarna nu på senare tid på grund av ungar som leker i närheten, samt målare... många påkörningsolyckor o sådant. så ta det försiktigt om ni planerar en expedition. och rör inte målningarna. Aj fasen.. Jag och ett par polare hade tänkt kolla hur det ser ut..."
          },
          {
            "source": "https://www.flashback.org/t2225405",
            "thread_url": "https://www.flashback.org/t2225405",
            "post_id": "post1478816",
            "username": "GrisGugge",
            "time_raw": "2004-11-01, 11:42 # 8",
            "confidence": 0.64,
            "comment": "Citat: Ursprungligen postat av Roadrunner Citat: Ursprungligen postat av wattford Kan det inte bli MYCKET aktuellt att öppna nedlagda station Kymlinge nu när man uppenbarligen planerar ett massivt bostadsbyggande vid Järva Krog och hela området runtomkring? (Läst i Solnas lokaltidning). Kymlinge täcker juh inte direkt in det området som det skall byggas, om jag läste kartan rätt i tidningen! Bygget blev inte av i skogen runt kymlinge pga att d..."
          },
          {
            "source": "https://www.flashback.org/t2225405",
            "thread_url": "https://www.flashback.org/t2225405",
            "post_id": "post6932269",
            "username": "Ssraeshza",
            "time_raw": "2007-04-23, 23:22 # 11",
            "confidence": 0.72,
            "comment": "Citat: Ursprungligen postat av Solstickeflicka Jag och en vän tänkte åka till \"spökstationen\" Kymlinge imorgon. Jag har sökt en hel del, men inte fått svar på mina viktigaste frågor, tänkte därför att ni kanske kunde hjälpa mig. 1. Är det olagligt att gå in på Kymlinge, dvs att nån vakt kan komma och \"ta hand\" om en. 2. Måste man gå över tunnelbanespåren för att komma in på själva stationen? I sådana fall, hur gör man detta på bästa sätt? 3. V..."
          },
          {
            "source": "https://www.flashback.org/t2225405",
            "thread_url": "https://www.flashback.org/t2225405",
            "post_id": "post6932389",
            "username": "Torskfilé",
            "time_raw": "2007-04-23, 23:31 # 12",
            "confidence": 0.72,
            "comment": "Citat: Ursprungligen postat av Solstickeflicka Jag och en vän tänkte åka till \"spökstationen\" Kymlinge imorgon. Jag har sökt en hel del, men inte fått svar på mina viktigaste frågor, tänkte därför att ni kanske kunde hjälpa mig. 1. Är det olagligt att gå in på Kymlinge, dvs att nån vakt kan komma och \"ta hand\" om en. 2. Måste man gå över tunnelbanespåren för att komma in på själva stationen? I sådana fall, hur gör man detta på bästa sätt? 3. V..."
          },
          {
            "source": "https://www.flashback.org/t2225405p2",
            "thread_url": "https://www.flashback.org/t2225405",
            "post_id": "post6949934",
            "username": "HemleN",
            "time_raw": "2007-04-25, 21:10 # 18",
            "confidence": 0.48,
            "comment": "Citat: Ursprungligen postat av Nazbjorn Vad är det hemliga? Varför får man inte ta bilder och varför bevakar de stationen? Bilder får man med största säkerhet ta, bara väktarna som jävlades lite. Varför dom bevakar? Av samma anledning som dom bevaker resten av tunnelbanenätet. Det ligger ju inom spårområdet så det är inte värst lagligt att ta sig dit."
          },
          {
            "source": "https://www.flashback.org/t1421697",
            "thread_url": "https://www.flashback.org/t1421697",
            "post_id": "post28186141",
            "username": "Mcnoodles",
            "time_raw": "2011-01-12, 22:53 # 4",
            "confidence": 0.48,
            "comment": "Ska finnas en tråd till hittade dock inte den. Det är även som det nämns i tråden att dom flesta gångarna inte existerar längre eller kräver nyckel. Har själv försökt komma in där genom skolan"
          },
          {
            "source": "https://www.flashback.org/t1421697",
            "thread_url": "https://www.flashback.org/t1421697",
            "post_id": "post28186266",
            "username": "swepoman",
            "time_raw": "2011-01-12, 22:57 # 6",
            "confidence": 0.68,
            "comment": "Citat: Ursprungligen postat av Andiders Kallas väl kullvertar? (osäker stavning på de ordet) Flesta sjukhus har sådana, bl.a i Stockholm finns det flera i tunnelbanorna som är kopplade till sjukhus och andra byggnader. Må så vara Det som jag tyckte var mest intressant i hela storyn var väl mest att det gick till dom anställdas hus för dom skulle kunna ta sig till och från jobb så lätt som möjligt.. Men det är ju långt tillbaka i tiden detta sk..."
          },
          {
            "source": "https://www.flashback.org/t1421697p2",
            "thread_url": "https://www.flashback.org/t1421697",
            "post_id": "post28864649",
            "username": "Zenerdiod",
            "time_raw": "2011-02-13, 14:39 # 16",
            "confidence": 0.56,
            "comment": "Var nere i gångarna i början av 90talet då jag gjorde min praktik som drifttekniker. Minns inte så mycket av dem mer än att vissa gångar hade räls. Patienterna fick skjuta kolvagnar i gångarna för uppvärmning av det gigantiska sjukhuset. Med tillgång till alla låsta utrymmen till det gamla sjukhuset var dock vinden häftigast. Det var hur kul som helst att läsa gamla journaler från 40 och 50 talet. Stället kan ge vem som helst kalla kårar."
          },
          {
            "source": "https://www.flashback.org/t347489p2",
            "thread_url": "https://www.flashback.org/t347489",
            "post_id": "post4540870",
            "username": "McB",
            "time_raw": "2006-07-12, 19:13 # 24",
            "confidence": 0.48,
            "comment": "Citat: Ursprungligen postat av griffin Läs \"Spaning mot skyn\" av Bernt Törnell och/eller \"Luftens Dirigenter\" av Bjarne Darwall. I framförallt den förstnämnda boken står det en del matnyttigt om LFC W2 Svalan. Den där texten känner jag igen... Ett råd till trådstartaren och hans vänner; för er egen skull, försök inte ta er in i berget. Det är fortfarande Försvarsmakten som äger det, och det är fortfarande väldigt hemligt vad som finns därinne...."
          },
          {
            "source": "https://www.flashback.org/t359143",
            "thread_url": "https://www.flashback.org/t359143",
            "post_id": "post4767801",
            "username": "Ayah",
            "time_raw": "2006-08-10, 13:57 # 1",
            "confidence": 0.96,
            "comment": "Efter några timmars vandring på Gotlands kust norrut från Visby så hamnade vi nära Lummelunda. Längs kusten så märker vi en ganska övergiven och rostig grind, vilket vi går närmre och inspekterar. Vi går förbi grinden och upptäcker ett stort övergivet fabrikshus. Någon sorts radio mast fanns där också. Fabrikshuset verkade ganska övergivet, men orört. Det fanns en massa burkar, verktyg, maskiner, fordon kvar. Efter en tids utforskande av fabri..."
          },
          {
            "source": "https://www.flashback.org/t19834",
            "thread_url": "https://www.flashback.org/t19834",
            "post_id": "post135065",
            "username": "äldre konto (old)",
            "time_raw": "2002-11-20, 14:39 # 6",
            "confidence": 0.64,
            "comment": "Det finns gångar under hela Göteborg som används av militären, hade en polare i lumpen som åkt bil uder gbg, det går en tunnel i höjd med Prästgårdsängen / Örgryte Hotel en jäkla bit, den kan vara den som mynnar ut vid det esperantoplatsen"
          },
          {
            "source": "https://www.flashback.org/t19834",
            "thread_url": "https://www.flashback.org/t19834",
            "post_id": "post135066",
            "username": "äldre konto (old)",
            "time_raw": "2002-11-20, 14:55 # 7",
            "confidence": 0.68,
            "comment": "Citat: Ursprungligen postat av Cyberax2002 Det finns gångar under hela Göteborg som används av militären, hade en polare i lumpen som åkt bil uder gbg, det går en tunnel i höjd med Prästgårdsängen / Örgryte Hotel en jäkla bit, den kan vara den som mynnar ut vid det esperantoplatsen ja det är ju högst sannolikt, men som sagt var. det är inga x-files tunnlar. utan mer spännande en kablar å avloppsdiken är det inte. sen kan det ju finnas andra mi..."
          }
        ],
        "source": "https://www.flashback.org/t19834",
        "thread_url": "https://www.flashback.org/t19834",
        "post_id": "post135066",
        "username": "äldre konto (old)",
        "time_raw": "2002-11-20, 14:55 # 7",
        "confidence": 0.68,
        "comment": "Citat: Ursprungligen postat av Cyberax2002 Det finns gångar under hela Göteborg som används av militären, hade en polare i lumpen som åkt bil uder gbg, det går en tunnel i höjd med Prästgårdsängen / Örgryte Hotel en jäkla bit, den kan vara den som mynnar ut vid det esperantoplatsen ja det är ju högst sannolikt, men som sagt var. det är inga x-files tunnlar. utan mer spännande en kablar å avloppsdiken är det inte. sen kan det ju finnas andra mi..."
      }
    },
    {
      "type": "Feature",
      "geometry": {
        "type": "Point",
        "coordinates": [
          -77.9496258,
          43.1995017
        ]
      },
      "properties": {
        "id": "57f00512a4b5",
        "entity": "Med",
        "query": "Med, Sweden",
        "display_name": "Brockport Medical Campus, 6668, Fourth Section Road, Village of Brockport, Town of Sweden, Monroe County, New York, 14420, United States",
        "osm_type": "relation",
        "osm_id": 15099610,
        "geocode_confidence": 4.004806591892908e-05,
        "evidence": [
          {
            "source": "https://www.flashback.org/t349266",
            "thread_url": "https://www.flashback.org/t349266",
            "post_id": "post3610647",
            "username": "Ninjakossan",
            "time_raw": "2006-01-27, 18:25 # 11",
            "confidence": 0.84,
            "comment": "Citat: Ursprungligen postat av Sortima Sitter på en Canon EOS 350D med ett 70-200/2.8 och ett 18-55/4.5-5.6 ska snart inhandla ett 18-70 med fin ljusstyrka. Kommer att lägga upp lite bilder så fort jag kan här Jäkligt nice plåt i tunneln där måste jag säga! Men som man ofta brukar få nämna, det är inte utrustningen som gör en bra det är du själv! Låt mig tipsa om 10-22an, den är grym på UE. Eller känner du att du vill ha en allroundzoom som gå..."
          },
          {
            "source": "https://www.flashback.org/t278041",
            "thread_url": "https://www.flashback.org/t278041",
            "post_id": "post3375889",
            "username": "rausing",
            "time_raw": "2005-12-13, 23:38 # 1",
            "confidence": 1.0,
            "comment": "Vad är UE? UE är förkortningen av Urban Exploration som översätts lite plumpt av mig till Urban Utforskning och det går i princip ut på att utforska platser som är undangömda/bortglömda/förbjuda för allmänheten. Med att \"utforska\" så menas egentligen bara att vara, inte att man springer runt och tar prover på bergsmassiv och dylikt, utan bara att finnas till och insupa atmosfären, som oftast/antagligen skiljer sig från \"vanliga\" ställen och ta..."
          },
          {
            "source": "https://www.flashback.org/t1421697p2",
            "thread_url": "https://www.flashback.org/t1421697",
            "post_id": "post28864649",
            "username": "Zenerdiod",
            "time_raw": "2011-02-13, 14:39 # 16",
            "confidence": 0.56,
            "comment": "Var nere i gångarna i början av 90talet då jag gjorde min praktik som drifttekniker. Minns inte så mycket av dem mer än att vissa gångar hade räls. Patienterna fick skjuta kolvagnar i gångarna för uppvärmning av det gigantiska sjukhuset. Med tillgång till alla låsta utrymmen till det gamla sjukhuset var dock vinden häftigast. Det var hur kul som helst att läsa gamla journaler från 40 och 50 talet. Stället kan ge vem som helst kalla kårar."
          },
          {
            "source": "https://www.flashback.org/t1413347",
            "thread_url": "https://www.flashback.org/t1413347",
            "post_id": "post28029351",
            "username": "[Strange Days]",
            "time_raw": "2011-01-06, 08:06 # 9",
            "confidence": 0.64,
            "comment": "Riksantikvarieämbetet har en sökfunktion där man kan söka efter fornlämningar och andra historiska platser - även då t. ex. kyrkor och gravplatser som ej längre är i bruk: http://www.fmis.raa.se/cocoon/fornsok/search.html Dock så verkar just den ödekyrka som nämns i tråden inte vara dokumenterad, vilket jag tycker är lite märkligt om den nu är så pass känd av ortsbefolkningen som TS påstår att den är. EDIT Ramdala har 2 begravningsplatser doku..."
          }
        ],
        "source": "https://www.flashback.org/t1413347",
        "thread_url": "https://www.flashback.org/t1413347",
        "post_id": "post28029351",
        "username": "[Strange Days]",
        "time_raw": "2011-01-06, 08:06 # 9",
        "confidence": 0.64,
        "comment": "Riksantikvarieämbetet har en sökfunktion där man kan söka efter fornlämningar och andra historiska platser - även då t. ex. kyrkor och gravplatser som ej längre är i bruk: http://www.fmis.raa.se/cocoon/fornsok/search.html Dock så verkar just den ödekyrka som nämns i tråden inte vara dokumenterad, vilket jag tycker är lite märkligt om den nu är så pass känd av ortsbefolkningen som TS påstår att den är. EDIT Ramdala har 2 begravningsplatser doku..."
      }
    },
    {
      "type": "Feature",
      "geometry": {
        "type": "Point",
        "coordinates": [
          18.6660073,
          59.3948653
        ]
      },
      "properties": {
        "id": "690d967c925e",
        "entity": "Stockholms",
        "query": "Stockholms, Sweden",
        "display_name": "Stockholms län, Sverige",
        "osm_type": "relation",
        "osm_id": 54391,
        "geocode_confidence": 0.6411365321254481,
        "evidence": [
          {
            "source": "https://www.flashback.org/t278041",
            "thread_url": "https://www.flashback.org/t278041",
            "post_id": "post3375889",
            "username": "rausing",
            "time_raw": "2005-12-13, 23:38 # 1",
            "confidence": 1.0,
            "comment": "Vad är UE? UE är förkortningen av Urban Exploration som översätts lite plumpt av mig till Urban Utforskning och det går i princip ut på att utforska platser som är undangömda/bortglömda/förbjuda för allmänheten. Med att \"utforska\" så menas egentligen bara att vara, inte att man springer runt och tar prover på bergsmassiv och dylikt, utan bara att finnas till och insupa atmosfären, som oftast/antagligen skiljer sig från \"vanliga\" ställen och ta..."
          },
          {
            "source": "https://www.flashback.org/t3074043",
            "thread_url": "https://www.flashback.org/t3074043",
            "post_id": "post68631667",
            "username": "LadyCinderbottom",
            "time_raw": "2019-09-07, 19:01 # 2",
            "confidence": 0.84,
            "comment": "Citat: Ursprungligen postat av G2H1 Tjenare! Jag och mina kompisar blev sjukt sugna på att testa det här med UE. Vi vill alltså ta oss in på ödelagda platser. Problemet är att ingen av oss vet vart vi skulle kunna åka. Kikade runt lite här på flashback men hittade nästan bara gamla trådar. Så jag undrar om någon här skulle kunna rekommendera nåt fint ställe här i Stockholms trakterna nära västra Stockholm? Tack på förhand! Klassiker är Kymling..."
          }
        ],
        "source": "https://www.flashback.org/t3074043",
        "thread_url": "https://www.flashback.org/t3074043",
        "post_id": "post68631667",
        "username": "LadyCinderbottom",
        "time_raw": "2019-09-07, 19:01 # 2",
        "confidence": 0.84,
        "comment": "Citat: Ursprungligen postat av G2H1 Tjenare! Jag och mina kompisar blev sjukt sugna på att testa det här med UE. Vi vill alltså ta oss in på ödelagda platser. Problemet är att ingen av oss vet vart vi skulle kunna åka. Kikade runt lite här på flashback men hittade nästan bara gamla trådar. Så jag undrar om någon här skulle kunna rekommendera nåt fint ställe här i Stockholms trakterna nära västra Stockholm? Tack på förhand! Klassiker är Kymling..."
      }
    },
    {
      "type": "Feature",
      "geometry": {
        "type": "Point",
        "coordinates": [
          15.6506781,
          60.0283008
        ]
      },
      "properties": {
        "id": "da53ccad5a00",
        "entity": "Vad",
        "query": "Vad, Sweden",
        "display_name": "Vad, Smedjebackens kommun, Dalarnas län, 777 94, Sverige",
        "osm_type": "node",
        "osm_id": 321447080,
        "geocode_confidence": 0.2946949388609965,
        "evidence": [
          {
            "source": "https://www.flashback.org/t278041",
            "thread_url": "https://www.flashback.org/t278041",
            "post_id": "post3375889",
            "username": "rausing",
            "time_raw": "2005-12-13, 23:38 # 1",
            "confidence": 1.0,
            "comment": "Vad är UE? UE är förkortningen av Urban Exploration som översätts lite plumpt av mig till Urban Utforskning och det går i princip ut på att utforska platser som är undangömda/bortglömda/förbjuda för allmänheten. Med att \"utforska\" så menas egentligen bara att vara, inte att man springer runt och tar prover på bergsmassiv och dylikt, utan bara att finnas till och insupa atmosfären, som oftast/antagligen skiljer sig från \"vanliga\" ställen och ta..."
          },
          {
            "source": "https://www.flashback.org/t359143",
            "thread_url": "https://www.flashback.org/t359143",
            "post_id": "post9130232",
            "username": "Pendeltåg",
            "time_raw": "2007-11-29, 22:53 # 5",
            "confidence": 0.84,
            "comment": "Citat: Ursprungligen postat av Ayah Ganska ballt ställe faktiskt. Bilder kan läggas upp om ni är intresserade.Någon som vet något mera om det här stället? Har du kvar bilderna? Skulle vara kul att se! Besökte aldrig området själv tyvärr. totalt fanns där C:a 1,7 mil med minkhus, vilka såldes och exporterades till Ryssland. Fabrikshuset du såg kanske var frysanläggningen de hade där? Den användes till att frysa in minkmat med. Mycket av slakter..."
          },
          {
            "source": "https://www.flashback.org/t359143",
            "thread_url": "https://www.flashback.org/t359143",
            "post_id": "post9130752",
            "username": "jornmark",
            "time_raw": "2007-11-29, 23:33 # 6",
            "confidence": 0.84,
            "comment": "Citat: Ursprungligen postat av Pendeltåg Har du kvar bilderna? Skulle vara kul att se! Besökte aldrig området själv tyvärr. totalt fanns där C:a 1,7 mil med minkhus, vilka såldes och exporterades till Ryssland. Fabrikshuset du såg kanske var frysanläggningen de hade där? Den användes till att frysa in minkmat med. Mycket av slakteriavfallet på Gotland kördes dit som minkfoder. Även efter försäljningen av minkhusen användes den fortsatt för att..."
          },
          {
            "source": "https://www.flashback.org/t3074043p2",
            "thread_url": "https://www.flashback.org/t3074043",
            "post_id": "post83053807",
            "username": "Underjording",
            "time_raw": "2023-01-09, 17:46 # 18",
            "confidence": 0.68,
            "comment": "Citat: Ursprungligen postat av Psykadeluxe Råkade skicka svar innan jag var klar.. Iaf, där nere så är det inga kameror och du kommer inte stöta på nån vakt eller så, och i princip låta hur mycket som helst utan att det skulle uppmärksammas. Dit ner tog jag en mindre svets på en pirra som jag för övrigt hittade bakom stängslet på ett mindre bygge, ett plan upp jag öppnar upp dörren genom att göra ett hål som jag kom igenom efter att ha kylt..."
          },
          {
            "source": "https://www.flashback.org/t3074043p2",
            "thread_url": "https://www.flashback.org/t3074043",
            "post_id": "post84086988",
            "username": "Psykadeluxe",
            "time_raw": "2023-04-08, 07:00 # 19",
            "confidence": 0.72,
            "comment": "Citat: Ursprungligen postat av Underjording Om det du säger stämmer.. Hur vet du att tunneln går till Hammarbyhöjden? Har du gått hela vägen? Vad är det för typ av tunnel? Jag har inte gått hela vägen i en sträcka men till och från så har jag öppnat upp luckor i området och då har det alltid verkat som om allt är sammankopplat under marken både inne i innerstan men också i kranskommunerna kring Stockholm. Och det verkar ju trovärdigt med tanke..."
          },
          {
            "source": "https://www.flashback.org/t19834p2",
            "thread_url": "https://www.flashback.org/t19834",
            "post_id": "post135076",
            "username": "Rushdie",
            "time_raw": "2003-06-25, 17:47 # 16",
            "confidence": 0.48,
            "comment": "Vid kolonilotterna vid slottskogen så finns det två stora bergrum. En inhyser ett stort elverk, men den andra är en lång, lång tunnel. Den går ner under Göta älv, och kommer upp vid Ryaverket på Hisingen. Vad jag har fått reda på så är det hemlighetsstämplad information, men ärligt talat, alla vet ju om det"
          }
        ],
        "source": "https://www.flashback.org/t19834p2",
        "thread_url": "https://www.flashback.org/t19834",
        "post_id": "post135076",
        "username": "Rushdie",
        "time_raw": "2003-06-25, 17:47 # 16",
        "confidence": 0.48,
        "comment": "Vid kolonilotterna vid slottskogen så finns det två stora bergrum. En inhyser ett stort elverk, men den andra är en lång, lång tunnel. Den går ner under Göta älv, och kommer upp vid Ryaverket på Hisingen. Vad jag har fått reda på så är det hemlighetsstämplad information, men ärligt talat, alla vet ju om det"
      }
    },
    {
      "type": "Feature",
      "geometry": {
        "type": "Point",
        "coordinates": [
          16.0750854,
          58.0272712
        ]
      },
      "properties": {
        "id": "aeadd22350b2",
        "entity": "Man",
        "query": "Man, Sweden",
        "display_name": "Man, Tyllinge, Västerviks kommun, Kalmar län, Sverige",
        "osm_type": "way",
        "osm_id": 280571313,
        "geocode_confidence": 0.04539457909600718,
        "evidence": [
          {
            "source": "https://www.flashback.org/t278041",
            "thread_url": "https://www.flashback.org/t278041",
            "post_id": "post3375889",
            "username": "rausing",
            "time_raw": "2005-12-13, 23:38 # 1",
            "confidence": 1.0,
            "comment": "Vad är UE? UE är förkortningen av Urban Exploration som översätts lite plumpt av mig till Urban Utforskning och det går i princip ut på att utforska platser som är undangömda/bortglömda/förbjuda för allmänheten. Med att \"utforska\" så menas egentligen bara att vara, inte att man springer runt och tar prover på bergsmassiv och dylikt, utan bara att finnas till och insupa atmosfären, som oftast/antagligen skiljer sig från \"vanliga\" ställen och ta..."
          },
          {
            "source": "https://www.flashback.org/t2557575p2",
            "thread_url": "https://www.flashback.org/t2557575",
            "post_id": "post53090471",
            "username": "nilltre",
            "time_raw": "2015-04-21, 23:33 # 22",
            "confidence": 0.56,
            "comment": "Citat: Ursprungligen postat av grasuggan99 Hålet är ett ökänt dumpningsställe. Vet även som folk har badat i det största gruvhålet i tron om att det ljusblå vattnet ska vara någon form av krydda. Intressant att veta vad tunnorna innehåller. Var det inte någon i dessa trakter som dumpade en jävla massa giftigt lösningsmedel i en grundvattenstäkt? Obehagligt för badmänniskorna om det visar sig vara något sådant i tunnorna. edit, giftdumpningen h..."
          },
          {
            "source": "https://www.flashback.org/t2557575p2",
            "thread_url": "https://www.flashback.org/t2557575",
            "post_id": "post53090691",
            "username": "grasuggan99",
            "time_raw": "2015-04-21, 23:54 # 23",
            "confidence": 0.56,
            "comment": "Citat: Ursprungligen postat av nilltre Gift har ju alltid varit dyrt att göra sig av med(på rätt sätt), så att det på något sätt hamnat i marken eller som här blivit dumpat i ett gruvhål istället för att typ förbrännas är ju inte så osannolikt. Speciellt om man tänker på att gruvhålen funnits där rätt länge och en hel del olika industriell tillverkning och liknande skett i krokarna. Man kan ju hoppas att giftet haft en högre densitet(eller är..."
          },
          {
            "source": "https://www.flashback.org/t2557575p2",
            "thread_url": "https://www.flashback.org/t2557575",
            "post_id": "post53091014",
            "username": "MosterAugusta",
            "time_raw": "2015-04-22, 00:31 # 24",
            "confidence": 0.68,
            "comment": "Citat: Ursprungligen postat av nilltre Gift har ju alltid varit dyrt att göra sig av med(på rätt sätt), så att det på något sätt hamnat i marken eller som här blivit dumpat i ett gruvhål istället för att typ förbrännas är ju inte så osannolikt. Speciellt om man tänker på att gruvhålen funnits där rätt länge och en hel del olika industriell tillverkning och liknande skett i krokarna. Man kan ju hoppas att giftet haft en högre densitet(eller är..."
          },
          {
            "source": "https://www.flashback.org/t435500",
            "thread_url": "https://www.flashback.org/t435500",
            "post_id": "post7715758",
            "username": "Naw",
            "time_raw": "2007-07-15, 16:57 # 11",
            "confidence": 0.48,
            "comment": "är intresserad av att börja med UE i Lund jag. När jag var yngre bodde jag på värpinge och precis som någon sa så finns där tunnlar som leder under i princip hela Lund. Man får gå ner i Ravinen på Värpinge, där finns ett stort rör som man kan gå in i, där rinner dock en del vatten så det blir nog enklast och smidigast om man har gummistövlar. Lite mer än halvvägs in i röret kommer en \"korsning\". Till höger är det igenspikat med plankor så man..."
          },
          {
            "source": "https://www.flashback.org/t3725204p2",
            "thread_url": "https://www.flashback.org/t3725204",
            "post_id": "post94695162",
            "username": "Batagare",
            "time_raw": "2026-04-06, 08:28 # 16",
            "confidence": 0.48,
            "comment": "Är du intresserad av bunkrar, är Valentins ubåtsbunker i Bremen Farge ett måste. Den var den största ubåtsanläggningen i Tyskland, endast överträffad av anläggningarnai Frankrike. Bunkern är cirka 426 meter lång och 97 meter bred på sin bredaste punkt; väggarna är 4,5 meter tjocka. Byggnadens höjd är mellan 22,5 och 27 meter. Taket byggdes med hjälp av dussintals stora armerade betongbågar, tillverkade på plats och individuellt lyfta på plats...."
          }
        ],
        "source": "https://www.flashback.org/t3725204p2",
        "thread_url": "https://www.flashback.org/t3725204",
        "post_id": "post94695162",
        "username": "Batagare",
        "time_raw": "2026-04-06, 08:28 # 16",
        "confidence": 0.48,
        "comment": "Är du intresserad av bunkrar, är Valentins ubåtsbunker i Bremen Farge ett måste. Den var den största ubåtsanläggningen i Tyskland, endast överträffad av anläggningarnai Frankrike. Bunkern är cirka 426 meter lång och 97 meter bred på sin bredaste punkt; väggarna är 4,5 meter tjocka. Byggnadens höjd är mellan 22,5 och 27 meter. Taket byggdes med hjälp av dussintals stora armerade betongbågar, tillverkade på plats och individuellt lyfta på plats...."
      }
    },
    {
      "type": "Feature",
      "geometry": {
        "type": "Point",
        "coordinates": [
          17.989146,
          59.2980382
        ]
      },
      "properties": {
        "id": "d3d95cd01e97",
        "entity": "Mobil",
        "query": "Mobil, Sweden",
        "display_name": "Mobilgatan, Midsommarkransen, Hägersten-Älvsjö stadsdelsområde, Stockholm, Stockholms kommun, Stockholms län, 129 04, Sverige",
        "osm_type": "way",
        "osm_id": 1383981089,
        "geocode_confidence": 0.05341735179674979,
        "evidence": [
          {
            "source": "https://www.flashback.org/t278041",
            "thread_url": "https://www.flashback.org/t278041",
            "post_id": "post3375889",
            "username": "rausing",
            "time_raw": "2005-12-13, 23:38 # 1",
            "confidence": 1.0,
            "comment": "Vad är UE? UE är förkortningen av Urban Exploration som översätts lite plumpt av mig till Urban Utforskning och det går i princip ut på att utforska platser som är undangömda/bortglömda/förbjuda för allmänheten. Med att \"utforska\" så menas egentligen bara att vara, inte att man springer runt och tar prover på bergsmassiv och dylikt, utan bara att finnas till och insupa atmosfären, som oftast/antagligen skiljer sig från \"vanliga\" ställen och ta..."
          }
        ],
        "source": "https://www.flashback.org/t278041",
        "thread_url": "https://www.flashback.org/t278041",
        "post_id": "post3375889",
        "username": "rausing",
        "time_raw": "2005-12-13, 23:38 # 1",
        "confidence": 1.0,
        "comment": "Vad är UE? UE är förkortningen av Urban Exploration som översätts lite plumpt av mig till Urban Utforskning och det går i princip ut på att utforska platser som är undangömda/bortglömda/förbjuda för allmänheten. Med att \"utforska\" så menas egentligen bara att vara, inte att man springer runt och tar prover på bergsmassiv och dylikt, utan bara att finnas till och insupa atmosfären, som oftast/antagligen skiljer sig från \"vanliga\" ställen och ta..."
      }
    },
    {
      "type": "Feature",
      "geometry": {
        "type": "Point",
        "coordinates": [
          14.0,
          63.0
        ]
      },
      "properties": {
        "id": "b36922ad58fb",
        "entity": "Kan",
        "query": "Kan, Sweden",
        "display_name": "Scandinavian Peninsula, Bergs kommun, Jämtlands län, Sverige",
        "osm_type": "node",
        "osm_id": 4871575221,
        "geocode_confidence": 0.5350327488591553,
        "evidence": [
          {
            "source": "https://www.flashback.org/t278041",
            "thread_url": "https://www.flashback.org/t278041",
            "post_id": "post3375889",
            "username": "rausing",
            "time_raw": "2005-12-13, 23:38 # 1",
            "confidence": 1.0,
            "comment": "Vad är UE? UE är förkortningen av Urban Exploration som översätts lite plumpt av mig till Urban Utforskning och det går i princip ut på att utforska platser som är undangömda/bortglömda/förbjuda för allmänheten. Med att \"utforska\" så menas egentligen bara att vara, inte att man springer runt och tar prover på bergsmassiv och dylikt, utan bara att finnas till och insupa atmosfären, som oftast/antagligen skiljer sig från \"vanliga\" ställen och ta..."
          },
          {
            "source": "https://www.flashback.org/t2557575p2",
            "thread_url": "https://www.flashback.org/t2557575",
            "post_id": "post53089333",
            "username": "fghjkl",
            "time_raw": "2015-04-21, 22:12 # 16",
            "confidence": 0.56,
            "comment": "Citat: Ursprungligen postat av Hegamon Jag tycker att skärmkanter på bilarna inte ser så rostiga ut, överhuvudtaget ser jag inge speciell rost, vad kan det bero på? Är vattnet speciellt i gruvan som gör att det inte rostar? Jag förutsätter ändå att de legat på botten i gruvan ett bra tag. Kan tänka mig att bilarna, de från -70 talet använts ca 10 år, eftersom de uppvisar inga direkta rostskador efter användningen på vägarna. Volvo 240 började..."
          },
          {
            "source": "https://www.flashback.org/t2557575p2",
            "thread_url": "https://www.flashback.org/t2557575",
            "post_id": "post53090057",
            "username": "Storbandsjazz",
            "time_raw": "2015-04-21, 22:59 # 19",
            "confidence": 0.56,
            "comment": "Citat: Ursprungligen postat av Hegamon Jag tycker att skärmkanter på bilarna inte ser så rostiga ut, överhuvudtaget ser jag inge speciell rost, vad kan det bero på? Är vattnet speciellt i gruvan som gör att det inte rostar? Jag förutsätter ändå att de legat på botten i gruvan ett bra tag. Kan tänka mig att bilarna, de från -70 talet använts ca 10 år, eftersom de uppvisar inga direkta rostskador efter användningen på vägarna. Volvo 240 började..."
          },
          {
            "source": "https://www.flashback.org/t2167471p2",
            "thread_url": "https://www.flashback.org/t2167471",
            "post_id": "post44164498",
            "username": "Muffincaek",
            "time_raw": "2013-07-04, 00:21 # 17",
            "confidence": 0.64,
            "comment": "Nu så! Det där stället var ett uppsamlingsskydd för granat övningar verkar det som Här åkte man in: https://imageshack.com/i/49oq4pj Själva skyddet antar jag, med en garageplats: https://imageshack.com/i/mw61m3j Skylt på huset: https://imageshack.com/i/nbz45hj Skylt 2: https://imageshack.com/i/05fjfqj I garageutrymmet fanns ett fågelbo, inget mer: https://imageshack.com/i/nps85bj På sidan av vägen ner bakom byggnaden låg detta: https://imagesh..."
          },
          {
            "source": "https://www.flashback.org/t2167471p2",
            "thread_url": "https://www.flashback.org/t2167471",
            "post_id": "post44169996",
            "username": "DenSomSoker",
            "time_raw": "2013-07-04, 14:58 # 21",
            "confidence": 0.64,
            "comment": "Citat: Ursprungligen postat av Muffincaek Nu så! Det där stället var ett uppsamlingsskydd för granat övningar verkar det som Här åkte man in: https://imageshack.com/i/49oq4pj Själva skyddet antar jag, med en garageplats: https://imageshack.com/i/mw61m3j Skylt på huset: https://imageshack.com/i/nbz45hj Skylt 2: https://imageshack.com/i/05fjfqj I garageutrymmet fanns ett fågelbo, inget mer: https://imageshack.com/i/nps85bj På sidan av vägen ner..."
          },
          {
            "source": "https://www.flashback.org/t2167471p2",
            "thread_url": "https://www.flashback.org/t2167471",
            "post_id": "post44171536",
            "username": "Infotizer",
            "time_raw": "2013-07-04, 16:55 # 22",
            "confidence": 0.72,
            "comment": "Citat: Ursprungligen postat av Muffincaek En liten uppdatering från masten som tråden startades för kommer nu också! Det var folk där, så vi var lite smygiga! Tydligen höll dom på installera / byta ut antenner. Här kommer lite bilder! Vid ingågen: http://imageshack.us/photo/my-images/856/yauw.jpg/ http://imageshack.us/photo/my-images/856/feeu.jpg/ http://imageshack.us/photo/my-images/62/g4g9.jpg/ Brevid masten: http://imageshack.us/photo/my-im..."
          },
          {
            "source": "https://www.flashback.org/t2167471p2",
            "thread_url": "https://www.flashback.org/t2167471",
            "post_id": "post44171943",
            "username": "Muffincaek",
            "time_raw": "2013-07-04, 17:21 # 23",
            "confidence": 0.72,
            "comment": "Citat: Ursprungligen postat av DenSomSoker Tackar för infon och bilderna! Uppgiften utförd med MVG! Skön lirare på gården, med tanke på hans hetsiga humör så dolde han säkert något! Ni får smyga runt i skogen med kikare och avslöja honom! Haha Tackar tackar! och tack för tipset, även om det inte var så mycket så är det alltid roligt att utforska! Längre upp på vägen förbi skyddet vid vändplatsen gick vi längst en övervuxen väg i hopp om att fi..."
          },
          {
            "source": "https://www.flashback.org/t2225405",
            "thread_url": "https://www.flashback.org/t2225405",
            "post_id": "post1476731",
            "username": "wattford",
            "time_raw": "2004-10-31, 14:41 # 5",
            "confidence": 0.64,
            "comment": "Kan det inte bli MYCKET aktuellt att öppna nedlagda station Kymlinge nu när man uppenbarligen planerar ett massivt bostadsbyggande vid Järva Krog och hela området runtomkring? (Läst i Solnas lokaltidning)."
          },
          {
            "source": "https://www.flashback.org/t2225405",
            "thread_url": "https://www.flashback.org/t2225405",
            "post_id": "post1477234",
            "username": "Roadrunner",
            "time_raw": "2004-10-31, 18:26 # 6",
            "confidence": 0.64,
            "comment": "Citat: Ursprungligen postat av wattford Kan det inte bli MYCKET aktuellt att öppna nedlagda station Kymlinge nu när man uppenbarligen planerar ett massivt bostadsbyggande vid Järva Krog och hela området runtomkring? (Läst i Solnas lokaltidning). Kymlinge täcker juh inte direkt in det området som det skall byggas, om jag läste kartan rätt i tidningen! Bygget blev inte av i skogen runt kymlinge pga att det var nån eller några arter (vet ej om de..."
          },
          {
            "source": "https://www.flashback.org/t2225405",
            "thread_url": "https://www.flashback.org/t2225405",
            "post_id": "post1478816",
            "username": "GrisGugge",
            "time_raw": "2004-11-01, 11:42 # 8",
            "confidence": 0.64,
            "comment": "Citat: Ursprungligen postat av Roadrunner Citat: Ursprungligen postat av wattford Kan det inte bli MYCKET aktuellt att öppna nedlagda station Kymlinge nu när man uppenbarligen planerar ett massivt bostadsbyggande vid Järva Krog och hela området runtomkring? (Läst i Solnas lokaltidning). Kymlinge täcker juh inte direkt in det området som det skall byggas, om jag läste kartan rätt i tidningen! Bygget blev inte av i skogen runt kymlinge pga att d..."
          },
          {
            "source": "https://www.flashback.org/t1421697p2",
            "thread_url": "https://www.flashback.org/t1421697",
            "post_id": "post36317694",
            "username": "tearsneverdry",
            "time_raw": "2012-03-18, 02:34 # 18",
            "confidence": 0.56,
            "comment": "folk borde sluta fantisera Kan berätta lite av de jag vet om kulvertsarna på Mariapark... till att börja med så ja det fans en sjukt lång underjordisk gång men nej den gick inte till nått slott (sofiero eller kullagunnarstorp) utan till berga och det dåvarande Hussar regementet K5. gången som är 2 st är sedan länge igenbommade men för de som har tillgång till källaren på stora kasernen på berga kan i den norra delen se tydligt vart man murat i..."
          },
          {
            "source": "https://www.flashback.org/t1421697p2",
            "thread_url": "https://www.flashback.org/t1421697",
            "post_id": "post37058248",
            "username": "cadoro",
            "time_raw": "2012-04-27, 13:40 # 19",
            "confidence": 0.64,
            "comment": "Citat: Ursprungligen postat av tearsneverdry folk borde sluta fantisera Kan berätta lite av de jag vet om kulvertsarna på Mariapark... till att börja med så ja det fans en sjukt lång underjordisk gång men nej den gick inte till nått slott (sofiero eller kullagunnarstorp) utan till berga och det dåvarande Hussar regementet K5. gången som är 2 st är sedan länge igenbommade men för de som har tillgång till källaren på stora kasernen på berga kan..."
          },
          {
            "source": "https://www.flashback.org/t3074043",
            "thread_url": "https://www.flashback.org/t3074043",
            "post_id": "post69383334",
            "username": "Zergler",
            "time_raw": "2019-11-22, 22:07 # 6",
            "confidence": 0.56,
            "comment": "Citat: Ursprungligen postat av tunnelgruppen Klassiker kanske men inte ett bra nybörjarställe. Ska man ge sig in på tunnelbanans område måste man ha koll på vad man gör. Tåg kan komma snabbt utan förvarning och den berömda strömskenan vill man inte komma för nära. Upptäcker de att det finns obehöriga inne på området är de snabba på att skicka ut väktare. Kan verkligen inte rekommendera denna, polaren klämde in sig i timmar under plattformen fö..."
          }
        ],
        "source": "https://www.flashback.org/t3074043",
        "thread_url": "https://www.flashback.org/t3074043",
        "post_id": "post69383334",
        "username": "Zergler",
        "time_raw": "2019-11-22, 22:07 # 6",
        "confidence": 0.56,
        "comment": "Citat: Ursprungligen postat av tunnelgruppen Klassiker kanske men inte ett bra nybörjarställe. Ska man ge sig in på tunnelbanans område måste man ha koll på vad man gör. Tåg kan komma snabbt utan förvarning och den berömda strömskenan vill man inte komma för nära. Upptäcker de att det finns obehöriga inne på området är de snabba på att skicka ut väktare. Kan verkligen inte rekommendera denna, polaren klämde in sig i timmar under plattformen fö..."
      }
    },
    {
      "type": "Feature",
      "geometry": {
        "type": "Point",
        "coordinates": [
          4.2847782,
          52.0930785
        ]
      },
      "properties": {
        "id": "0a66a2cb5007",
        "entity": "Den",
        "query": "Den, Sweden",
        "display_name": "Ambassade van Zweden, 7, Johan de Wittlaan, Scheveningen, Den Haag, Zuid-Holland, Nederland, 2517 JR, Nederland",
        "osm_type": "node",
        "osm_id": 2730012618,
        "geocode_confidence": 0.3463314325418498,
        "evidence": [
          {
            "source": "https://www.flashback.org/t278041",
            "thread_url": "https://www.flashback.org/t278041",
            "post_id": "post3375889",
            "username": "rausing",
            "time_raw": "2005-12-13, 23:38 # 1",
            "confidence": 1.0,
            "comment": "Vad är UE? UE är förkortningen av Urban Exploration som översätts lite plumpt av mig till Urban Utforskning och det går i princip ut på att utforska platser som är undangömda/bortglömda/förbjuda för allmänheten. Med att \"utforska\" så menas egentligen bara att vara, inte att man springer runt och tar prover på bergsmassiv och dylikt, utan bara att finnas till och insupa atmosfären, som oftast/antagligen skiljer sig från \"vanliga\" ställen och ta..."
          },
          {
            "source": "https://www.flashback.org/t103742",
            "thread_url": "https://www.flashback.org/t103742",
            "post_id": "post721642",
            "username": "hannseman",
            "time_raw": "2004-01-18, 16:50 # 8",
            "confidence": 0.56,
            "comment": "Citat: Ursprungligen postat av Emeye Så det är inte igenbommat, eller? Var där för inte alls så länge sedan och det är inte igenbommat. Däremot är Erikdalstunneln \"stängd\" med stora grindar satt uteliggare inte ska ligga och frysa ihjäl i tunneln. Den tunneln ser du från gångbron som går ned till Erikdalsbadet. SöS tunneln ligger på andra sidan av den."
          },
          {
            "source": "https://www.flashback.org/t103742",
            "thread_url": "https://www.flashback.org/t103742",
            "post_id": "post721677",
            "username": "rjd2",
            "time_raw": "2004-01-18, 17:01 # 9",
            "confidence": 0.56,
            "comment": "Citat: Ursprungligen postat av hannseman Var där för inte alls så länge sedan och det är inte igenbommat. Däremot är Erikdalstunneln \"stängd\" med stora grindar satt uteliggare inte ska ligga och frysa ihjäl i tunneln. Den tunneln ser du från gångbron som går ned till Erikdalsbadet. SöS tunneln ligger på andra sidan av den. jaga det var eriksdalstunneln jag menade..."
          },
          {
            "source": "https://www.flashback.org/t1690739",
            "thread_url": "https://www.flashback.org/t1690739",
            "post_id": "post33566240",
            "username": "Xennah",
            "time_raw": "2011-10-20, 14:08 # 3",
            "confidence": 0.96,
            "comment": "Citat: Ursprungligen postat av -SWE-ViGGEN Här är lite info om kulvertarna i Värnamo, hoppas det hjälper. http://www.olssonlinder.se/documents/content/Varnamosjukhus060228.pdf Och här har du någons hemsida om öde och nedlagt i Värnamo http://www.jasifil.se/abandoned.html Tackar, fin läsning på andra länken! Den översta länken handlar dock om sjukhuset i Värnamo, det som fortfarande är i full bruk. Det jag är ute efter är det gamla lasarettet s..."
          },
          {
            "source": "https://www.flashback.org/t750391",
            "thread_url": "https://www.flashback.org/t750391",
            "post_id": "post12960402",
            "username": "b@ron",
            "time_raw": "2008-09-21, 18:11 # 1",
            "confidence": 0.48,
            "comment": "Jag var på Barkarby flygfält i går lördag  skönt sen sommar väder  mycket aktivitet på flygfältet  även James Bond 007 flygplanet var i rörelse. Jag har aldrig tidigare utforskat flygfältet varför jag tog en promenad motsols runt det hemliga berget. Den första del av promenaden var som att besöka ett utrymt sovjetisk flygfält i Polen eller fd DDR men då kommer jag till en anläggning med fordon o maskiner samt skyltar som varnar att du får i..."
          },
          {
            "source": "https://www.flashback.org/t3725204p2",
            "thread_url": "https://www.flashback.org/t3725204",
            "post_id": "post94695162",
            "username": "Batagare",
            "time_raw": "2026-04-06, 08:28 # 16",
            "confidence": 0.48,
            "comment": "Är du intresserad av bunkrar, är Valentins ubåtsbunker i Bremen Farge ett måste. Den var den största ubåtsanläggningen i Tyskland, endast överträffad av anläggningarnai Frankrike. Bunkern är cirka 426 meter lång och 97 meter bred på sin bredaste punkt; väggarna är 4,5 meter tjocka. Byggnadens höjd är mellan 22,5 och 27 meter. Taket byggdes med hjälp av dussintals stora armerade betongbågar, tillverkade på plats och individuellt lyfta på plats...."
          },
          {
            "source": "https://www.flashback.org/t347489p2",
            "thread_url": "https://www.flashback.org/t347489",
            "post_id": "post4540870",
            "username": "McB",
            "time_raw": "2006-07-12, 19:13 # 24",
            "confidence": 0.48,
            "comment": "Citat: Ursprungligen postat av griffin Läs \"Spaning mot skyn\" av Bernt Törnell och/eller \"Luftens Dirigenter\" av Bjarne Darwall. I framförallt den förstnämnda boken står det en del matnyttigt om LFC W2 Svalan. Den där texten känner jag igen... Ett råd till trådstartaren och hans vänner; för er egen skull, försök inte ta er in i berget. Det är fortfarande Försvarsmakten som äger det, och det är fortfarande väldigt hemligt vad som finns därinne...."
          },
          {
            "source": "https://www.flashback.org/t359143",
            "thread_url": "https://www.flashback.org/t359143",
            "post_id": "post9130232",
            "username": "Pendeltåg",
            "time_raw": "2007-11-29, 22:53 # 5",
            "confidence": 0.84,
            "comment": "Citat: Ursprungligen postat av Ayah Ganska ballt ställe faktiskt. Bilder kan läggas upp om ni är intresserade.Någon som vet något mera om det här stället? Har du kvar bilderna? Skulle vara kul att se! Besökte aldrig området själv tyvärr. totalt fanns där C:a 1,7 mil med minkhus, vilka såldes och exporterades till Ryssland. Fabrikshuset du såg kanske var frysanläggningen de hade där? Den användes till att frysa in minkmat med. Mycket av slakter..."
          },
          {
            "source": "https://www.flashback.org/t359143",
            "thread_url": "https://www.flashback.org/t359143",
            "post_id": "post9130752",
            "username": "jornmark",
            "time_raw": "2007-11-29, 23:33 # 6",
            "confidence": 0.84,
            "comment": "Citat: Ursprungligen postat av Pendeltåg Har du kvar bilderna? Skulle vara kul att se! Besökte aldrig området själv tyvärr. totalt fanns där C:a 1,7 mil med minkhus, vilka såldes och exporterades till Ryssland. Fabrikshuset du såg kanske var frysanläggningen de hade där? Den användes till att frysa in minkmat med. Mycket av slakteriavfallet på Gotland kördes dit som minkfoder. Även efter försäljningen av minkhusen användes den fortsatt för att..."
          },
          {
            "source": "https://www.flashback.org/t19834p2",
            "thread_url": "https://www.flashback.org/t19834",
            "post_id": "post135076",
            "username": "Rushdie",
            "time_raw": "2003-06-25, 17:47 # 16",
            "confidence": 0.48,
            "comment": "Vid kolonilotterna vid slottskogen så finns det två stora bergrum. En inhyser ett stort elverk, men den andra är en lång, lång tunnel. Den går ner under Göta älv, och kommer upp vid Ryaverket på Hisingen. Vad jag har fått reda på så är det hemlighetsstämplad information, men ärligt talat, alla vet ju om det"
          }
        ],
        "source": "https://www.flashback.org/t19834p2",
        "thread_url": "https://www.flashback.org/t19834",
        "post_id": "post135076",
        "username": "Rushdie",
        "time_raw": "2003-06-25, 17:47 # 16",
        "confidence": 0.48,
        "comment": "Vid kolonilotterna vid slottskogen så finns det två stora bergrum. En inhyser ett stort elverk, men den andra är en lång, lång tunnel. Den går ner under Göta älv, och kommer upp vid Ryaverket på Hisingen. Vad jag har fått reda på så är det hemlighetsstämplad information, men ärligt talat, alla vet ju om det"
      }
    },
    {
      "type": "Feature",
      "geometry": {
        "type": "Point",
        "coordinates": [
          15.5780328,
          58.39668
        ]
      },
      "properties": {
        "id": "a8a6ffe7e7c5",
        "entity": "Att",
        "query": "Att, Sweden",
        "display_name": "Att, Corson, Västra Valla, Linköpings domkyrkodistrikt, Linköping, Linköpings kommun, Östergötlands län, 581 83, Sverige",
        "osm_type": "node",
        "osm_id": 4183978650,
        "geocode_confidence": 6.607690547031384e-05,
        "evidence": [
          {
            "source": "https://www.flashback.org/t278041",
            "thread_url": "https://www.flashback.org/t278041",
            "post_id": "post3375889",
            "username": "rausing",
            "time_raw": "2005-12-13, 23:38 # 1",
            "confidence": 1.0,
            "comment": "Vad är UE? UE är förkortningen av Urban Exploration som översätts lite plumpt av mig till Urban Utforskning och det går i princip ut på att utforska platser som är undangömda/bortglömda/förbjuda för allmänheten. Med att \"utforska\" så menas egentligen bara att vara, inte att man springer runt och tar prover på bergsmassiv och dylikt, utan bara att finnas till och insupa atmosfären, som oftast/antagligen skiljer sig från \"vanliga\" ställen och ta..."
          },
          {
            "source": "https://www.flashback.org/t2167471",
            "thread_url": "https://www.flashback.org/t2167471",
            "post_id": "post44026122",
            "username": "Myrslingerbult",
            "time_raw": "2013-06-23, 23:00 # 2",
            "confidence": 0.72,
            "comment": "Masten som ni hittat tillhör försvarsmakten, och den används dagligen för att skicka krypterad kommunikation mellan olika regementen och ledningscentraler. Liknande master finns utplacerade som en kedja runtom i hela landet, och tillsammans bildar de Försvarets telenät (FTN) eller Försvarets fasta radiolänknät som det också kallas. I skyddsrummet en bit i från masten finns vanligtvis inte mer än utrustningen än vad som behövs för att konfigure..."
          },
          {
            "source": "https://www.flashback.org/t1421697p2",
            "thread_url": "https://www.flashback.org/t1421697",
            "post_id": "post94235031",
            "username": null,
            "time_raw": "2026-02-06, 17:17 # 23",
            "confidence": 0.56,
            "comment": "Citat: Ursprungligen postat av cadoro Bor du i Helsingborg? Dom är flera mil långa kan jag säga! Utveckla gärna? Att de går från maria park mentalsjukhus och in i centrala helsingborg vet vi men det blir inga mil."
          }
        ],
        "source": "https://www.flashback.org/t1421697p2",
        "thread_url": "https://www.flashback.org/t1421697",
        "post_id": "post94235031",
        "username": null,
        "time_raw": "2026-02-06, 17:17 # 23",
        "confidence": 0.56,
        "comment": "Citat: Ursprungligen postat av cadoro Bor du i Helsingborg? Dom är flera mil långa kan jag säga! Utveckla gärna? Att de går från maria park mentalsjukhus och in i centrala helsingborg vet vi men det blir inga mil."
      }
    },
    {
      "type": "Feature",
      "geometry": {
        "type": "Point",
        "coordinates": [
          18.0832886,
          59.331298
        ]
      },
      "properties": {
        "id": "5492038db8f0",
        "entity": "Rent",
        "query": "Rent, Sweden",
        "display_name": "Rent a bike, 18, Strandvägen, Östermalm, Norra innerstadens stadsdelsområde, Stockholm, Stockholms kommun, Stockholms län, 114 56, Sverige",
        "osm_type": "node",
        "osm_id": 9811112805,
        "geocode_confidence": 8.40184634164495e-05,
        "evidence": [
          {
            "source": "https://www.flashback.org/t278041",
            "thread_url": "https://www.flashback.org/t278041",
            "post_id": "post3375889",
            "username": "rausing",
            "time_raw": "2005-12-13, 23:38 # 1",
            "confidence": 1.0,
            "comment": "Vad är UE? UE är förkortningen av Urban Exploration som översätts lite plumpt av mig till Urban Utforskning och det går i princip ut på att utforska platser som är undangömda/bortglömda/förbjuda för allmänheten. Med att \"utforska\" så menas egentligen bara att vara, inte att man springer runt och tar prover på bergsmassiv och dylikt, utan bara att finnas till och insupa atmosfären, som oftast/antagligen skiljer sig från \"vanliga\" ställen och ta..."
          }
        ],
        "source": "https://www.flashback.org/t278041",
        "thread_url": "https://www.flashback.org/t278041",
        "post_id": "post3375889",
        "username": "rausing",
        "time_raw": "2005-12-13, 23:38 # 1",
        "confidence": 1.0,
        "comment": "Vad är UE? UE är förkortningen av Urban Exploration som översätts lite plumpt av mig till Urban Utforskning och det går i princip ut på att utforska platser som är undangömda/bortglömda/förbjuda för allmänheten. Med att \"utforska\" så menas egentligen bara att vara, inte att man springer runt och tar prover på bergsmassiv och dylikt, utan bara att finnas till och insupa atmosfären, som oftast/antagligen skiljer sig från \"vanliga\" ställen och ta..."
      }
    },
    {
      "type": "Feature",
      "geometry": {
        "type": "Point",
        "coordinates": [
          15.65222,
          60.639614
        ]
      },
      "properties": {
        "id": "fc115abe5950",
        "entity": "Varför",
        "query": "Varför, Sweden",
        "display_name": "Varför ser skogen ut som den gör?, W 851, Stora Hälla, Falun, Falu kommun, Dalarnas län, 791 33, Sverige",
        "osm_type": "node",
        "osm_id": 2460629833,
        "geocode_confidence": 6.609369039440021e-05,
        "evidence": [
          {
            "source": "https://www.flashback.org/t278041",
            "thread_url": "https://www.flashback.org/t278041",
            "post_id": "post3375889",
            "username": "rausing",
            "time_raw": "2005-12-13, 23:38 # 1",
            "confidence": 1.0,
            "comment": "Vad är UE? UE är förkortningen av Urban Exploration som översätts lite plumpt av mig till Urban Utforskning och det går i princip ut på att utforska platser som är undangömda/bortglömda/förbjuda för allmänheten. Med att \"utforska\" så menas egentligen bara att vara, inte att man springer runt och tar prover på bergsmassiv och dylikt, utan bara att finnas till och insupa atmosfären, som oftast/antagligen skiljer sig från \"vanliga\" ställen och ta..."
          },
          {
            "source": "https://www.flashback.org/t435500",
            "thread_url": "https://www.flashback.org/t435500",
            "post_id": "post6166751",
            "username": null,
            "time_raw": "2007-01-27, 14:34 # 9",
            "confidence": 0.76,
            "comment": "Citat: Ursprungligen postat av Prada St Lars bjuder på saker, det gamla vattentornet, dock inte mycket att se. Kulvertarna under st.lars fram med bultsaxen! Varför använda bultsax när det bara är att knalla in...det gick i alla fall för 10 år sen. Gick in vid sjukhusets huvudingången(?) vid apoteket (om det ligger kvar där). Det var bara att dra i ett snöre så öppnades porten ner till underjorden. Var där en del och skejtade, blå backen var gr..."
          },
          {
            "source": "https://www.flashback.org/t3699472p2",
            "thread_url": "https://www.flashback.org/t3699472",
            "post_id": "post93219968",
            "username": "respektive",
            "time_raw": "2025-10-14, 19:44 # 19",
            "confidence": 0.56,
            "comment": "Varför är inlägget skrivet med ChatGPT eller annan motsvarande tjänst? Det gör att trovärdigheten sjunker direkt. Citat: Ursprungligen postat av Flygandekatten För ett par månader sen var jag och några polare ute och drev runt i Stockholm, när vi helt spontant bestämde oss för att försöka ta oss in i Katarinabergets bunker. Vi trodde helt ärligt inte att det skulle gå  det är ju en fullt aktiv anläggning mitt i stan, med massor av kameror och..."
          },
          {
            "source": "https://www.flashback.org/t2225405p2",
            "thread_url": "https://www.flashback.org/t2225405",
            "post_id": "post6949934",
            "username": "HemleN",
            "time_raw": "2007-04-25, 21:10 # 18",
            "confidence": 0.48,
            "comment": "Citat: Ursprungligen postat av Nazbjorn Vad är det hemliga? Varför får man inte ta bilder och varför bevakar de stationen? Bilder får man med största säkerhet ta, bara väktarna som jävlades lite. Varför dom bevakar? Av samma anledning som dom bevaker resten av tunnelbanenätet. Det ligger ju inom spårområdet så det är inte värst lagligt att ta sig dit."
          }
        ],
        "source": "https://www.flashback.org/t2225405p2",
        "thread_url": "https://www.flashback.org/t2225405",
        "post_id": "post6949934",
        "username": "HemleN",
        "time_raw": "2007-04-25, 21:10 # 18",
        "confidence": 0.48,
        "comment": "Citat: Ursprungligen postat av Nazbjorn Vad är det hemliga? Varför får man inte ta bilder och varför bevakar de stationen? Bilder får man med största säkerhet ta, bara väktarna som jävlades lite. Varför dom bevakar? Av samma anledning som dom bevaker resten av tunnelbanenätet. Det ligger ju inom spårområdet så det är inte värst lagligt att ta sig dit."
      }
    },
    {
      "type": "Feature",
      "geometry": {
        "type": "Point",
        "coordinates": [
          12.8009415,
          56.3546798
        ]
      },
      "properties": {
        "id": "584ecc97f42e",
        "entity": "För",
        "query": "För, Sweden",
        "display_name": "Förslöv, Vistorpsvägen, Slammarp, Förslöv, Båstads kommun, Skåne län, 269 72, Sverige",
        "osm_type": "node",
        "osm_id": 4128198821,
        "geocode_confidence": 0.30289193994832775,
        "evidence": [
          {
            "source": "https://www.flashback.org/t278041",
            "thread_url": "https://www.flashback.org/t278041",
            "post_id": "post3375889",
            "username": "rausing",
            "time_raw": "2005-12-13, 23:38 # 1",
            "confidence": 1.0,
            "comment": "Vad är UE? UE är förkortningen av Urban Exploration som översätts lite plumpt av mig till Urban Utforskning och det går i princip ut på att utforska platser som är undangömda/bortglömda/förbjuda för allmänheten. Med att \"utforska\" så menas egentligen bara att vara, inte att man springer runt och tar prover på bergsmassiv och dylikt, utan bara att finnas till och insupa atmosfären, som oftast/antagligen skiljer sig från \"vanliga\" ställen och ta..."
          },
          {
            "source": "https://www.flashback.org/t435500",
            "thread_url": "https://www.flashback.org/t435500",
            "post_id": "post7863334",
            "username": "MacClannough",
            "time_raw": "2007-07-31, 03:46 # 12",
            "confidence": 0.48,
            "comment": "Arlöv består bara av en massa industrier och där har jag hört av en massa folk att där ska det finnas lokaler som är övergivna! För några år sedan så höll jag på att trilla ner i ett stort håll, jag såg en trappa ner till hållet och upptäckte att luffare hade bott där men det gick också en lång jävla gång! Men jag vågade inte gå längre!"
          },
          {
            "source": "https://www.flashback.org/t435500p2",
            "thread_url": "https://www.flashback.org/t435500",
            "post_id": "post7863518",
            "username": "Domedagen",
            "time_raw": "2007-07-31, 04:56 # 14",
            "confidence": 0.56,
            "comment": "Citat: Ursprungligen postat av MacClannough Arlöv består bara av en massa industrier och där har jag hört av en massa folk att där ska det finnas lokaler som är övergivna! För några år sedan så höll jag på att trilla ner i ett stort håll, jag såg en trappa ner till hållet och upptäckte att luffare hade bott där men det gick också en lång jävla gång! Men jag vågade inte gå längre! arlov e ju ine lund!!! e malmo nu ska jag ej klaga.. finns massa..."
          },
          {
            "source": "https://www.flashback.org/t3699472",
            "thread_url": "https://www.flashback.org/t3699472",
            "post_id": "post93218802",
            "username": "Flygandekatten",
            "time_raw": "2025-10-14, 17:35 # 1",
            "confidence": 0.56,
            "comment": "För ett par månader sen var jag och några polare ute och drev runt i Stockholm, när vi helt spontant bestämde oss för att försöka ta oss in i Katarinabergets bunker. Vi trodde helt ärligt inte att det skulle gå  det är ju en fullt aktiv anläggning mitt i stan, med massor av kameror och larm. Men på något sjukt sätt kom vi in. Mitt på dagen, runt kl 13. Inga masker, inga avancerade planer  det bara hände. Väl där inne blev det snabbt tydligt..."
          }
        ],
        "source": "https://www.flashback.org/t3699472",
        "thread_url": "https://www.flashback.org/t3699472",
        "post_id": "post93218802",
        "username": "Flygandekatten",
        "time_raw": "2025-10-14, 17:35 # 1",
        "confidence": 0.56,
        "comment": "För ett par månader sen var jag och några polare ute och drev runt i Stockholm, när vi helt spontant bestämde oss för att försöka ta oss in i Katarinabergets bunker. Vi trodde helt ärligt inte att det skulle gå  det är ju en fullt aktiv anläggning mitt i stan, med massor av kameror och larm. Men på något sjukt sätt kom vi in. Mitt på dagen, runt kl 13. Inga masker, inga avancerade planer  det bara hände. Väl där inne blev det snabbt tydligt..."
      }
    },
    {
      "type": "Feature",
      "geometry": {
        "type": "Point",
        "coordinates": [
          17.9171502,
          59.295421
        ]
      },
      "properties": {
        "id": "28dd136b4367",
        "entity": "Hur",
        "query": "Hur, Sweden",
        "display_name": "Titta och känn på mönstret som barkborren nar gjort. Hur känns det?, Stora sällskapets stig, Sätra, Skärholmens stadsdelsområde, Stockholm, Stockholms kommun, Stockholms län, 127 30, Sverige",
        "osm_type": "node",
        "osm_id": 10923507374,
        "geocode_confidence": 8.40184634164495e-05,
        "evidence": [
          {
            "source": "https://www.flashback.org/t278041",
            "thread_url": "https://www.flashback.org/t278041",
            "post_id": "post3375889",
            "username": "rausing",
            "time_raw": "2005-12-13, 23:38 # 1",
            "confidence": 1.0,
            "comment": "Vad är UE? UE är förkortningen av Urban Exploration som översätts lite plumpt av mig till Urban Utforskning och det går i princip ut på att utforska platser som är undangömda/bortglömda/förbjuda för allmänheten. Med att \"utforska\" så menas egentligen bara att vara, inte att man springer runt och tar prover på bergsmassiv och dylikt, utan bara att finnas till och insupa atmosfären, som oftast/antagligen skiljer sig från \"vanliga\" ställen och ta..."
          },
          {
            "source": "https://www.flashback.org/t282947p2",
            "thread_url": "https://www.flashback.org/t282947",
            "post_id": "post2241227",
            "username": "Jojjesthlm",
            "time_raw": "2005-05-16, 23:16 # 14",
            "confidence": 0.56,
            "comment": "Någon som vet om några övergivna kåkar/industrier i Växjö? Gärna runt hovshaga, araby, centrum-hållet...tvekar på om det finns så centralt dock. Hur va det med gamla Lugnet ut mot Kronoberg, har för mig sen barnsben att det stod tomt där länge? Nu är det väl bostäder dock..."
          },
          {
            "source": "https://www.flashback.org/t3618848",
            "thread_url": "https://www.flashback.org/t3618848",
            "post_id": "post88916066",
            "username": "Caasimolar",
            "time_raw": "2024-07-19, 02:21 # 1",
            "confidence": 0.48,
            "comment": "Hur är det nu för tiden med den såkallade ådalstunneln som går mellan Nyland - Svalltornet - Väja - Kramfors. Vart kommer man in lättast? Har hört att det ska finnas en väg in på nylandsberget men är osäker om det stämmer. Har varit där å kollat lite finns en metalldörr in i bergsväggen ifall man går upp höger när man kommit till parkeringen."
          },
          {
            "source": "https://www.flashback.org/t3074043p2",
            "thread_url": "https://www.flashback.org/t3074043",
            "post_id": "post83053807",
            "username": "Underjording",
            "time_raw": "2023-01-09, 17:46 # 18",
            "confidence": 0.68,
            "comment": "Citat: Ursprungligen postat av Psykadeluxe Råkade skicka svar innan jag var klar.. Iaf, där nere så är det inga kameror och du kommer inte stöta på nån vakt eller så, och i princip låta hur mycket som helst utan att det skulle uppmärksammas. Dit ner tog jag en mindre svets på en pirra som jag för övrigt hittade bakom stängslet på ett mindre bygge, ett plan upp jag öppnar upp dörren genom att göra ett hål som jag kom igenom efter att ha kylt..."
          },
          {
            "source": "https://www.flashback.org/t3074043p2",
            "thread_url": "https://www.flashback.org/t3074043",
            "post_id": "post84086988",
            "username": "Psykadeluxe",
            "time_raw": "2023-04-08, 07:00 # 19",
            "confidence": 0.72,
            "comment": "Citat: Ursprungligen postat av Underjording Om det du säger stämmer.. Hur vet du att tunneln går till Hammarbyhöjden? Har du gått hela vägen? Vad är det för typ av tunnel? Jag har inte gått hela vägen i en sträcka men till och från så har jag öppnat upp luckor i området och då har det alltid verkat som om allt är sammankopplat under marken både inne i innerstan men också i kranskommunerna kring Stockholm. Och det verkar ju trovärdigt med tanke..."
          }
        ],
        "source": "https://www.flashback.org/t3074043p2",
        "thread_url": "https://www.flashback.org/t3074043",
        "post_id": "post84086988",
        "username": "Psykadeluxe",
        "time_raw": "2023-04-08, 07:00 # 19",
        "confidence": 0.72,
        "comment": "Citat: Ursprungligen postat av Underjording Om det du säger stämmer.. Hur vet du att tunneln går till Hammarbyhöjden? Har du gått hela vägen? Vad är det för typ av tunnel? Jag har inte gått hela vägen i en sträcka men till och från så har jag öppnat upp luckor i området och då har det alltid verkat som om allt är sammankopplat under marken både inne i innerstan men också i kranskommunerna kring Stockholm. Och det verkar ju trovärdigt med tanke..."
      }
    },
    {
      "type": "Feature",
      "geometry": {
        "type": "Point",
        "coordinates": [
          18.6314748,
          57.2586791
        ]
      },
      "properties": {
        "id": "2d3a9c746272",
        "entity": "När",
        "query": "När, Sweden",
        "display_name": "När, Gotlands kommun, Gotlands län, 623 48, Sverige",
        "osm_type": "node",
        "osm_id": 474789701,
        "geocode_confidence": 0.38656660986684044,
        "evidence": [
          {
            "source": "https://www.flashback.org/t278041",
            "thread_url": "https://www.flashback.org/t278041",
            "post_id": "post3375889",
            "username": "rausing",
            "time_raw": "2005-12-13, 23:38 # 1",
            "confidence": 1.0,
            "comment": "Vad är UE? UE är förkortningen av Urban Exploration som översätts lite plumpt av mig till Urban Utforskning och det går i princip ut på att utforska platser som är undangömda/bortglömda/förbjuda för allmänheten. Med att \"utforska\" så menas egentligen bara att vara, inte att man springer runt och tar prover på bergsmassiv och dylikt, utan bara att finnas till och insupa atmosfären, som oftast/antagligen skiljer sig från \"vanliga\" ställen och ta..."
          },
          {
            "source": "https://www.flashback.org/t103742",
            "thread_url": "https://www.flashback.org/t103742",
            "post_id": "post724026",
            "username": "Emeye",
            "time_raw": "2004-01-19, 16:53 # 12",
            "confidence": 0.68,
            "comment": "Jag var där i lördags me en polare, först gick jag genom Eriksdalstunneln (den man ser ifrån Eriksdalsbadet) och sedan vidare till SöS-tunneln. När jag kom fram till dörrarna som antagligen leder in till Sjukhusets källarlokaler (det lyste under en av dem) hördes det en massa ljud innifrån tunneln... kan vart tågen ute på pendellinjen, kan vart ue:are, kan vart luffare. Hursomhelst drog jag därifrån då... Ska återvända senare med minst 10 komp..."
          },
          {
            "source": "https://www.flashback.org/t103742p2",
            "thread_url": "https://www.flashback.org/t103742",
            "post_id": "post725120",
            "username": "Psykoz",
            "time_raw": "2004-01-20, 00:27 # 19",
            "confidence": 0.68,
            "comment": "Citat: Ursprungligen postat av Emeye Jag var där i lördags me en polare, först gick jag genom Eriksdalstunneln (den man ser ifrån Eriksdalsbadet) och sedan vidare till SöS-tunneln. När jag kom fram till dörrarna som antagligen leder in till Sjukhusets källarlokaler (det lyste under en av dem) hördes det en massa ljud innifrån tunneln... kan vart tågen ute på pendellinjen, kan vart ue:are, kan vart luffare. Hursomhelst drog jag därifrån då... S..."
          },
          {
            "source": "https://www.flashback.org/t750391",
            "thread_url": "https://www.flashback.org/t750391",
            "post_id": "post12960402",
            "username": "b@ron",
            "time_raw": "2008-09-21, 18:11 # 1",
            "confidence": 0.48,
            "comment": "Jag var på Barkarby flygfält i går lördag  skönt sen sommar väder  mycket aktivitet på flygfältet  även James Bond 007 flygplanet var i rörelse. Jag har aldrig tidigare utforskat flygfältet varför jag tog en promenad motsols runt det hemliga berget. Den första del av promenaden var som att besöka ett utrymt sovjetisk flygfält i Polen eller fd DDR men då kommer jag till en anläggning med fordon o maskiner samt skyltar som varnar att du får i..."
          },
          {
            "source": "https://www.flashback.org/t435500",
            "thread_url": "https://www.flashback.org/t435500",
            "post_id": "post7715758",
            "username": "Naw",
            "time_raw": "2007-07-15, 16:57 # 11",
            "confidence": 0.48,
            "comment": "är intresserad av att börja med UE i Lund jag. När jag var yngre bodde jag på värpinge och precis som någon sa så finns där tunnlar som leder under i princip hela Lund. Man får gå ner i Ravinen på Värpinge, där finns ett stort rör som man kan gå in i, där rinner dock en del vatten så det blir nog enklast och smidigast om man har gummistövlar. Lite mer än halvvägs in i röret kommer en \"korsning\". Till höger är det igenspikat med plankor så man..."
          },
          {
            "source": "https://www.flashback.org/t3699472",
            "thread_url": "https://www.flashback.org/t3699472",
            "post_id": "post93218802",
            "username": "Flygandekatten",
            "time_raw": "2025-10-14, 17:35 # 1",
            "confidence": 0.56,
            "comment": "För ett par månader sen var jag och några polare ute och drev runt i Stockholm, när vi helt spontant bestämde oss för att försöka ta oss in i Katarinabergets bunker. Vi trodde helt ärligt inte att det skulle gå  det är ju en fullt aktiv anläggning mitt i stan, med massor av kameror och larm. Men på något sjukt sätt kom vi in. Mitt på dagen, runt kl 13. Inga masker, inga avancerade planer  det bara hände. Väl där inne blev det snabbt tydligt..."
          },
          {
            "source": "https://www.flashback.org/t3699472p2",
            "thread_url": "https://www.flashback.org/t3699472",
            "post_id": "post93219701",
            "username": "AskMeAboutJesus",
            "time_raw": "2025-10-14, 19:16 # 16",
            "confidence": 0.56,
            "comment": "Citat: Ursprungligen postat av Flygandekatten Spoiler För ett par månader sen var jag och några polare ute och drev runt i Stockholm, när vi helt spontant bestämde oss för att försöka ta oss in i Katarinabergets bunker. Vi trodde helt ärligt inte att det skulle gå  det är ju en fullt aktiv anläggning mitt i stan, med massor av kameror och larm. Men på något sjukt sätt kom vi in. Mitt på dagen, runt kl 13. Inga masker, inga avancerade planer ..."
          },
          {
            "source": "https://www.flashback.org/t3699472p2",
            "thread_url": "https://www.flashback.org/t3699472",
            "post_id": "post93219968",
            "username": "respektive",
            "time_raw": "2025-10-14, 19:44 # 19",
            "confidence": 0.56,
            "comment": "Varför är inlägget skrivet med ChatGPT eller annan motsvarande tjänst? Det gör att trovärdigheten sjunker direkt. Citat: Ursprungligen postat av Flygandekatten För ett par månader sen var jag och några polare ute och drev runt i Stockholm, när vi helt spontant bestämde oss för att försöka ta oss in i Katarinabergets bunker. Vi trodde helt ärligt inte att det skulle gå  det är ju en fullt aktiv anläggning mitt i stan, med massor av kameror och..."
          },
          {
            "source": "https://www.flashback.org/t1421697",
            "thread_url": "https://www.flashback.org/t1421697",
            "post_id": "post28237375",
            "username": "MiJe",
            "time_raw": "2011-01-15, 03:25 # 12",
            "confidence": 0.76,
            "comment": "Jag har varit i delar av kulvertarna och i vissa av rummen där nere vilka var kaklade, vad hade de gjort i de rummen? När jag var ungefär 15 gick jag där på kurs, målning, då hade inte skolorna kommit dit ännu så allt var i princip orört. Vi fick gå in i alla salar, kök och något badrum. Var inte så värst intresserad och visste heller inte så mycket då, tyvärr! Men vi fick i allafall ta porslin från köken och måla på...och attans att jag gav b..."
          },
          {
            "source": "https://www.flashback.org/t359143",
            "thread_url": "https://www.flashback.org/t359143",
            "post_id": "post9130232",
            "username": "Pendeltåg",
            "time_raw": "2007-11-29, 22:53 # 5",
            "confidence": 0.84,
            "comment": "Citat: Ursprungligen postat av Ayah Ganska ballt ställe faktiskt. Bilder kan läggas upp om ni är intresserade.Någon som vet något mera om det här stället? Har du kvar bilderna? Skulle vara kul att se! Besökte aldrig området själv tyvärr. totalt fanns där C:a 1,7 mil med minkhus, vilka såldes och exporterades till Ryssland. Fabrikshuset du såg kanske var frysanläggningen de hade där? Den användes till att frysa in minkmat med. Mycket av slakter..."
          },
          {
            "source": "https://www.flashback.org/t359143",
            "thread_url": "https://www.flashback.org/t359143",
            "post_id": "post9130752",
            "username": "jornmark",
            "time_raw": "2007-11-29, 23:33 # 6",
            "confidence": 0.84,
            "comment": "Citat: Ursprungligen postat av Pendeltåg Har du kvar bilderna? Skulle vara kul att se! Besökte aldrig området själv tyvärr. totalt fanns där C:a 1,7 mil med minkhus, vilka såldes och exporterades till Ryssland. Fabrikshuset du såg kanske var frysanläggningen de hade där? Den användes till att frysa in minkmat med. Mycket av slakteriavfallet på Gotland kördes dit som minkfoder. Även efter försäljningen av minkhusen användes den fortsatt för att..."
          },
          {
            "source": "https://www.flashback.org/t359143",
            "thread_url": "https://www.flashback.org/t359143",
            "post_id": "post10048064",
            "username": "wildhack",
            "time_raw": "2008-02-18, 00:11 # 8",
            "confidence": 0.56,
            "comment": "När vi är inne på detta ämne, är det någon som är bevandrad i detta med pälsdjursfarmar som kan avgöra om detta också varit en minkfarm? Eller något annat djur? Sprang på denna, inte speciellt stora, nedlagda anläggning i en skog rätt nära Kilafors. Någon som vet mer? http://www.flickr.com/photos/wildhack/17120908/in/set-940419/ http://www.flickr.com/photos/wildhack/17120907/in/set-940419/"
          }
        ],
        "source": "https://www.flashback.org/t359143",
        "thread_url": "https://www.flashback.org/t359143",
        "post_id": "post10048064",
        "username": "wildhack",
        "time_raw": "2008-02-18, 00:11 # 8",
        "confidence": 0.56,
        "comment": "När vi är inne på detta ämne, är det någon som är bevandrad i detta med pälsdjursfarmar som kan avgöra om detta också varit en minkfarm? Eller något annat djur? Sprang på denna, inte speciellt stora, nedlagda anläggning i en skog rätt nära Kilafors. Någon som vet mer? http://www.flickr.com/photos/wildhack/17120908/in/set-940419/ http://www.flickr.com/photos/wildhack/17120907/in/set-940419/"
      }
    },
    {
      "type": "Feature",
      "geometry": {
        "type": "Point",
        "coordinates": [
          12.9706185,
          59.1099904
        ]
      },
      "properties": {
        "id": "ccfc8d2d9c25",
        "entity": "Valet",
        "query": "Valet, Sweden",
        "display_name": "Vålet, Säffle, Säffle kommun, Värmlands län, 661 92, Sverige",
        "osm_type": "node",
        "osm_id": 7473348033,
        "geocode_confidence": 0.10672128404669258,
        "evidence": [
          {
            "source": "https://www.flashback.org/t278041",
            "thread_url": "https://www.flashback.org/t278041",
            "post_id": "post3375889",
            "username": "rausing",
            "time_raw": "2005-12-13, 23:38 # 1",
            "confidence": 1.0,
            "comment": "Vad är UE? UE är förkortningen av Urban Exploration som översätts lite plumpt av mig till Urban Utforskning och det går i princip ut på att utforska platser som är undangömda/bortglömda/förbjuda för allmänheten. Med att \"utforska\" så menas egentligen bara att vara, inte att man springer runt och tar prover på bergsmassiv och dylikt, utan bara att finnas till och insupa atmosfären, som oftast/antagligen skiljer sig från \"vanliga\" ställen och ta..."
          }
        ],
        "source": "https://www.flashback.org/t278041",
        "thread_url": "https://www.flashback.org/t278041",
        "post_id": "post3375889",
        "username": "rausing",
        "time_raw": "2005-12-13, 23:38 # 1",
        "confidence": 1.0,
        "comment": "Vad är UE? UE är förkortningen av Urban Exploration som översätts lite plumpt av mig till Urban Utforskning och det går i princip ut på att utforska platser som är undangömda/bortglömda/förbjuda för allmänheten. Med att \"utforska\" så menas egentligen bara att vara, inte att man springer runt och tar prover på bergsmassiv och dylikt, utan bara att finnas till och insupa atmosfären, som oftast/antagligen skiljer sig från \"vanliga\" ställen och ta..."
      }
    },
    {
      "type": "Feature",
      "geometry": {
        "type": "Point",
        "coordinates": [
          11.7981488,
          57.6561445
        ]
      },
      "properties": {
        "id": "c35306eebeb9",
        "entity": "Även",
        "query": "Även, Sweden",
        "display_name": "Aven, Södra Skärgården, Sydväst, Asperö, Göteborgs Stad, Västra Götalands län, Sverige",
        "osm_type": "way",
        "osm_id": 586947473,
        "geocode_confidence": 0.1333931128404669,
        "evidence": [
          {
            "source": "https://www.flashback.org/t278041",
            "thread_url": "https://www.flashback.org/t278041",
            "post_id": "post3375889",
            "username": "rausing",
            "time_raw": "2005-12-13, 23:38 # 1",
            "confidence": 1.0,
            "comment": "Vad är UE? UE är förkortningen av Urban Exploration som översätts lite plumpt av mig till Urban Utforskning och det går i princip ut på att utforska platser som är undangömda/bortglömda/förbjuda för allmänheten. Med att \"utforska\" så menas egentligen bara att vara, inte att man springer runt och tar prover på bergsmassiv och dylikt, utan bara att finnas till och insupa atmosfären, som oftast/antagligen skiljer sig från \"vanliga\" ställen och ta..."
          },
          {
            "source": "https://www.flashback.org/t750391p2",
            "thread_url": "https://www.flashback.org/t750391",
            "post_id": "post13030351",
            "username": "Fanjunkaren",
            "time_raw": "2008-09-26, 16:23 # 21",
            "confidence": 0.72,
            "comment": "Citat: Ursprungligen postat av b@ron mitt \"side kick\" berättar nu att det inte var detta flygplan typ - planet var med 2 säten ; pilot o bakom plats för 1 person ...på flygets motor bredvid propellern var ett rött glas typ infrarött ljus /infrarött värmelampa någon som vet.. tror inte det var civilt  vad gör detta flygplan på Barkarby flygfält en lördag eftermiddag om inte där finns någon aktivt militär aktivitet i berget jag har ett annat..."
          },
          {
            "source": "https://www.flashback.org/t359143",
            "thread_url": "https://www.flashback.org/t359143",
            "post_id": "post9130232",
            "username": "Pendeltåg",
            "time_raw": "2007-11-29, 22:53 # 5",
            "confidence": 0.84,
            "comment": "Citat: Ursprungligen postat av Ayah Ganska ballt ställe faktiskt. Bilder kan läggas upp om ni är intresserade.Någon som vet något mera om det här stället? Har du kvar bilderna? Skulle vara kul att se! Besökte aldrig området själv tyvärr. totalt fanns där C:a 1,7 mil med minkhus, vilka såldes och exporterades till Ryssland. Fabrikshuset du såg kanske var frysanläggningen de hade där? Den användes till att frysa in minkmat med. Mycket av slakter..."
          },
          {
            "source": "https://www.flashback.org/t359143",
            "thread_url": "https://www.flashback.org/t359143",
            "post_id": "post9130752",
            "username": "jornmark",
            "time_raw": "2007-11-29, 23:33 # 6",
            "confidence": 0.84,
            "comment": "Citat: Ursprungligen postat av Pendeltåg Har du kvar bilderna? Skulle vara kul att se! Besökte aldrig området själv tyvärr. totalt fanns där C:a 1,7 mil med minkhus, vilka såldes och exporterades till Ryssland. Fabrikshuset du såg kanske var frysanläggningen de hade där? Den användes till att frysa in minkmat med. Mycket av slakteriavfallet på Gotland kördes dit som minkfoder. Även efter försäljningen av minkhusen användes den fortsatt för att..."
          }
        ],
        "source": "https://www.flashback.org/t359143",
        "thread_url": "https://www.flashback.org/t359143",
        "post_id": "post9130752",
        "username": "jornmark",
        "time_raw": "2007-11-29, 23:33 # 6",
        "confidence": 0.84,
        "comment": "Citat: Ursprungligen postat av Pendeltåg Har du kvar bilderna? Skulle vara kul att se! Besökte aldrig området själv tyvärr. totalt fanns där C:a 1,7 mil med minkhus, vilka såldes och exporterades till Ryssland. Fabrikshuset du såg kanske var frysanläggningen de hade där? Den användes till att frysa in minkmat med. Mycket av slakteriavfallet på Gotland kördes dit som minkfoder. Även efter försäljningen av minkhusen användes den fortsatt för att..."
      }
    },
    {
      "type": "Feature",
      "geometry": {
        "type": "Point",
        "coordinates": [
          12.2458856,
          58.9227829
        ]
      },
      "properties": {
        "id": "c050dddd7347",
        "entity": "Försök",
        "query": "Försök, Sweden",
        "display_name": "Försök, Östra Mon, Bengtsfors kommun, Västra Götalands län, 666 94, Sverige",
        "osm_type": "node",
        "osm_id": 7495885694,
        "geocode_confidence": 0.10672403067063399,
        "evidence": [
          {
            "source": "https://www.flashback.org/t278041",
            "thread_url": "https://www.flashback.org/t278041",
            "post_id": "post3375889",
            "username": "rausing",
            "time_raw": "2005-12-13, 23:38 # 1",
            "confidence": 1.0,
            "comment": "Vad är UE? UE är förkortningen av Urban Exploration som översätts lite plumpt av mig till Urban Utforskning och det går i princip ut på att utforska platser som är undangömda/bortglömda/förbjuda för allmänheten. Med att \"utforska\" så menas egentligen bara att vara, inte att man springer runt och tar prover på bergsmassiv och dylikt, utan bara att finnas till och insupa atmosfären, som oftast/antagligen skiljer sig från \"vanliga\" ställen och ta..."
          }
        ],
        "source": "https://www.flashback.org/t278041",
        "thread_url": "https://www.flashback.org/t278041",
        "post_id": "post3375889",
        "username": "rausing",
        "time_raw": "2005-12-13, 23:38 # 1",
        "confidence": 1.0,
        "comment": "Vad är UE? UE är förkortningen av Urban Exploration som översätts lite plumpt av mig till Urban Utforskning och det går i princip ut på att utforska platser som är undangömda/bortglömda/förbjuda för allmänheten. Med att \"utforska\" så menas egentligen bara att vara, inte att man springer runt och tar prover på bergsmassiv och dylikt, utan bara att finnas till och insupa atmosfären, som oftast/antagligen skiljer sig från \"vanliga\" ställen och ta..."
      }
    },
    {
      "type": "Feature",
      "geometry": {
        "type": "Point",
        "coordinates": [
          21.0870825,
          64.7340328
        ]
      },
      "properties": {
        "id": "4a15512f8215",
        "entity": "Ett",
        "query": "Ett, Sweden",
        "display_name": "Northvolt Ett, Bergsbyn, Skellefteå kommun, Västerbottens län, Sverige",
        "osm_type": "way",
        "osm_id": 906692713,
        "geocode_confidence": 0.08005923628595404,
        "evidence": [
          {
            "source": "https://www.flashback.org/t278041",
            "thread_url": "https://www.flashback.org/t278041",
            "post_id": "post3375889",
            "username": "rausing",
            "time_raw": "2005-12-13, 23:38 # 1",
            "confidence": 1.0,
            "comment": "Vad är UE? UE är förkortningen av Urban Exploration som översätts lite plumpt av mig till Urban Utforskning och det går i princip ut på att utforska platser som är undangömda/bortglömda/förbjuda för allmänheten. Med att \"utforska\" så menas egentligen bara att vara, inte att man springer runt och tar prover på bergsmassiv och dylikt, utan bara att finnas till och insupa atmosfären, som oftast/antagligen skiljer sig från \"vanliga\" ställen och ta..."
          },
          {
            "source": "https://www.flashback.org/t103742p2",
            "thread_url": "https://www.flashback.org/t103742",
            "post_id": "post725120",
            "username": "Psykoz",
            "time_raw": "2004-01-20, 00:27 # 19",
            "confidence": 0.68,
            "comment": "Citat: Ursprungligen postat av Emeye Jag var där i lördags me en polare, först gick jag genom Eriksdalstunneln (den man ser ifrån Eriksdalsbadet) och sedan vidare till SöS-tunneln. När jag kom fram till dörrarna som antagligen leder in till Sjukhusets källarlokaler (det lyste under en av dem) hördes det en massa ljud innifrån tunneln... kan vart tågen ute på pendellinjen, kan vart ue:are, kan vart luffare. Hursomhelst drog jag därifrån då... S..."
          },
          {
            "source": "https://www.flashback.org/t2167471p2",
            "thread_url": "https://www.flashback.org/t2167471",
            "post_id": "post44164498",
            "username": "Muffincaek",
            "time_raw": "2013-07-04, 00:21 # 17",
            "confidence": 0.64,
            "comment": "Nu så! Det där stället var ett uppsamlingsskydd för granat övningar verkar det som Här åkte man in: https://imageshack.com/i/49oq4pj Själva skyddet antar jag, med en garageplats: https://imageshack.com/i/mw61m3j Skylt på huset: https://imageshack.com/i/nbz45hj Skylt 2: https://imageshack.com/i/05fjfqj I garageutrymmet fanns ett fågelbo, inget mer: https://imageshack.com/i/nps85bj På sidan av vägen ner bakom byggnaden låg detta: https://imagesh..."
          },
          {
            "source": "https://www.flashback.org/t2167471p2",
            "thread_url": "https://www.flashback.org/t2167471",
            "post_id": "post44169996",
            "username": "DenSomSoker",
            "time_raw": "2013-07-04, 14:58 # 21",
            "confidence": 0.64,
            "comment": "Citat: Ursprungligen postat av Muffincaek Nu så! Det där stället var ett uppsamlingsskydd för granat övningar verkar det som Här åkte man in: https://imageshack.com/i/49oq4pj Själva skyddet antar jag, med en garageplats: https://imageshack.com/i/mw61m3j Skylt på huset: https://imageshack.com/i/nbz45hj Skylt 2: https://imageshack.com/i/05fjfqj I garageutrymmet fanns ett fågelbo, inget mer: https://imageshack.com/i/nps85bj På sidan av vägen ner..."
          },
          {
            "source": "https://www.flashback.org/t3725204",
            "thread_url": "https://www.flashback.org/t3725204",
            "post_id": "post94692203",
            "username": "Batagare",
            "time_raw": "2026-04-05, 19:22 # 5",
            "confidence": 1.0,
            "comment": "Ammunitionsfabriken DAG Bromberg (nuvarande Bydgoszcz i Polen). DAG Bromberg byggdes mellan 1939 och 1945 som en del av tre tyska vapenfabriker som tillhör Dynamit-AG. Företaget grundades under 1900-talet av Alfred Nobel, den berömda svenska kemisten som uppfann dynamiten och etablerade Nobelpriset. Nobels fabrik tillverkade nitroglycerin och rökfritt pulver som sedan användes vid produktion av ammunition. Ett museum är nu etablerat i NGL-Betr..."
          },
          {
            "source": "https://www.flashback.org/t1421697p2",
            "thread_url": "https://www.flashback.org/t1421697",
            "post_id": "post28899543",
            "username": "Zenerdiod",
            "time_raw": "2011-02-15, 02:42 # 17",
            "confidence": 0.52,
            "comment": "Ett förtydligande. Då jag var nere i kulvertarna och uppe på vinden 92 så hette stället inte Mariapark utan st Maria. Då var det fortfarande en del av Helsingsborgs sjukhus och inte ett bostadsprojekt som jag insett att det blivit i dag. 1992 så var större delen av sjukhuset i malpåse men de hade fortfarande ca 40 vårdplatser. Då sjukhuset hade sin storhetstid så hyste de minst 1000 vårdplatser förmodligen fler med tanke på den gigantiska infr..."
          },
          {
            "source": "https://www.flashback.org/t347489p2",
            "thread_url": "https://www.flashback.org/t347489",
            "post_id": "post4540870",
            "username": "McB",
            "time_raw": "2006-07-12, 19:13 # 24",
            "confidence": 0.48,
            "comment": "Citat: Ursprungligen postat av griffin Läs \"Spaning mot skyn\" av Bernt Törnell och/eller \"Luftens Dirigenter\" av Bjarne Darwall. I framförallt den förstnämnda boken står det en del matnyttigt om LFC W2 Svalan. Den där texten känner jag igen... Ett råd till trådstartaren och hans vänner; för er egen skull, försök inte ta er in i berget. Det är fortfarande Försvarsmakten som äger det, och det är fortfarande väldigt hemligt vad som finns därinne...."
          },
          {
            "source": "https://www.flashback.org/t359143",
            "thread_url": "https://www.flashback.org/t359143",
            "post_id": "post9130232",
            "username": "Pendeltåg",
            "time_raw": "2007-11-29, 22:53 # 5",
            "confidence": 0.84,
            "comment": "Citat: Ursprungligen postat av Ayah Ganska ballt ställe faktiskt. Bilder kan läggas upp om ni är intresserade.Någon som vet något mera om det här stället? Har du kvar bilderna? Skulle vara kul att se! Besökte aldrig området själv tyvärr. totalt fanns där C:a 1,7 mil med minkhus, vilka såldes och exporterades till Ryssland. Fabrikshuset du såg kanske var frysanläggningen de hade där? Den användes till att frysa in minkmat med. Mycket av slakter..."
          },
          {
            "source": "https://www.flashback.org/t359143",
            "thread_url": "https://www.flashback.org/t359143",
            "post_id": "post9130752",
            "username": "jornmark",
            "time_raw": "2007-11-29, 23:33 # 6",
            "confidence": 0.84,
            "comment": "Citat: Ursprungligen postat av Pendeltåg Har du kvar bilderna? Skulle vara kul att se! Besökte aldrig området själv tyvärr. totalt fanns där C:a 1,7 mil med minkhus, vilka såldes och exporterades till Ryssland. Fabrikshuset du såg kanske var frysanläggningen de hade där? Den användes till att frysa in minkmat med. Mycket av slakteriavfallet på Gotland kördes dit som minkfoder. Även efter försäljningen av minkhusen användes den fortsatt för att..."
          }
        ],
        "source": "https://www.flashback.org/t359143",
        "thread_url": "https://www.flashback.org/t359143",
        "post_id": "post9130752",
        "username": "jornmark",
        "time_raw": "2007-11-29, 23:33 # 6",
        "confidence": 0.84,
        "comment": "Citat: Ursprungligen postat av Pendeltåg Har du kvar bilderna? Skulle vara kul att se! Besökte aldrig området själv tyvärr. totalt fanns där C:a 1,7 mil med minkhus, vilka såldes och exporterades till Ryssland. Fabrikshuset du såg kanske var frysanläggningen de hade där? Den användes till att frysa in minkmat med. Mycket av slakteriavfallet på Gotland kördes dit som minkfoder. Även efter försäljningen av minkhusen användes den fortsatt för att..."
      }
    },
    {
      "type": "Feature",
      "geometry": {
        "type": "Point",
        "coordinates": [
          13.0720731,
          55.6321808
        ]
      },
      "properties": {
        "id": "7f505bc93887",
        "entity": "Detta",
        "query": "Detta, Sweden",
        "display_name": "Före detta garage, Trädgårdsgatan, Arlövgården, Arlöv, Malmö, Burlövs kommun, Skåne län, 232 31, Sverige",
        "osm_type": "way",
        "osm_id": 1339075983,
        "geocode_confidence": 7.356755931940211e-05,
        "evidence": [
          {
            "source": "https://www.flashback.org/t278041",
            "thread_url": "https://www.flashback.org/t278041",
            "post_id": "post3375889",
            "username": "rausing",
            "time_raw": "2005-12-13, 23:38 # 1",
            "confidence": 1.0,
            "comment": "Vad är UE? UE är förkortningen av Urban Exploration som översätts lite plumpt av mig till Urban Utforskning och det går i princip ut på att utforska platser som är undangömda/bortglömda/förbjuda för allmänheten. Med att \"utforska\" så menas egentligen bara att vara, inte att man springer runt och tar prover på bergsmassiv och dylikt, utan bara att finnas till och insupa atmosfären, som oftast/antagligen skiljer sig från \"vanliga\" ställen och ta..."
          },
          {
            "source": "https://www.flashback.org/t2557575p2",
            "thread_url": "https://www.flashback.org/t2557575",
            "post_id": "post53090431",
            "username": "MosterAugusta",
            "time_raw": "2015-04-21, 23:30 # 21",
            "confidence": 0.48,
            "comment": "Citat: Ursprungligen postat av maallgan I Silvbergs gamla gruvschakt i Dalarna har man hittat ett 20-tal dumpade bilar, alla man funnit registreringsnummer på har varit visat sig vara stulna, återstår att se om det finns något intressant i bilarna. http://www.dt.se/dalarna/sater/vi-vantar-pa-att-fa-borja-barga http://www.dt.se/dalarna/sater/hittade-16-bilar-i-silvbergs-gruva Detta är ju mer ett PR-jippo än nyhet. Silvberg är ett känt dykställe..."
          },
          {
            "source": "https://www.flashback.org/t2557575p2",
            "thread_url": "https://www.flashback.org/t2557575",
            "post_id": "post53090471",
            "username": "nilltre",
            "time_raw": "2015-04-21, 23:33 # 22",
            "confidence": 0.56,
            "comment": "Citat: Ursprungligen postat av grasuggan99 Hålet är ett ökänt dumpningsställe. Vet även som folk har badat i det största gruvhålet i tron om att det ljusblå vattnet ska vara någon form av krydda. Intressant att veta vad tunnorna innehåller. Var det inte någon i dessa trakter som dumpade en jävla massa giftigt lösningsmedel i en grundvattenstäkt? Obehagligt för badmänniskorna om det visar sig vara något sådant i tunnorna. edit, giftdumpningen h..."
          },
          {
            "source": "https://www.flashback.org/t2225405",
            "thread_url": "https://www.flashback.org/t2225405",
            "post_id": "post1478816",
            "username": "GrisGugge",
            "time_raw": "2004-11-01, 11:42 # 8",
            "confidence": 0.64,
            "comment": "Citat: Ursprungligen postat av Roadrunner Citat: Ursprungligen postat av wattford Kan det inte bli MYCKET aktuellt att öppna nedlagda station Kymlinge nu när man uppenbarligen planerar ett massivt bostadsbyggande vid Järva Krog och hela området runtomkring? (Läst i Solnas lokaltidning). Kymlinge täcker juh inte direkt in det området som det skall byggas, om jag läste kartan rätt i tidningen! Bygget blev inte av i skogen runt kymlinge pga att d..."
          }
        ],
        "source": "https://www.flashback.org/t2225405",
        "thread_url": "https://www.flashback.org/t2225405",
        "post_id": "post1478816",
        "username": "GrisGugge",
        "time_raw": "2004-11-01, 11:42 # 8",
        "confidence": 0.64,
        "comment": "Citat: Ursprungligen postat av Roadrunner Citat: Ursprungligen postat av wattford Kan det inte bli MYCKET aktuellt att öppna nedlagda station Kymlinge nu när man uppenbarligen planerar ett massivt bostadsbyggande vid Järva Krog och hela området runtomkring? (Läst i Solnas lokaltidning). Kymlinge täcker juh inte direkt in det området som det skall byggas, om jag läste kartan rätt i tidningen! Bygget blev inte av i skogen runt kymlinge pga att d..."
      }
    },
    {
      "type": "Feature",
      "geometry": {
        "type": "Point",
        "coordinates": [
          13.9612346,
          58.1862463
        ]
      },
      "properties": {
        "id": "1564aa4f7c76",
        "entity": "Tro",
        "query": "Tro, Sweden",
        "display_name": "Tro, Mellgrensgatan, Kulle, Tidaholm, Tidaholms kommun, Västra Götalands län, 522 31, Sverige",
        "osm_type": "way",
        "osm_id": 384730357,
        "geocode_confidence": 5.628213931482441e-05,
        "evidence": [
          {
            "source": "https://www.flashback.org/t278041",
            "thread_url": "https://www.flashback.org/t278041",
            "post_id": "post3375889",
            "username": "rausing",
            "time_raw": "2005-12-13, 23:38 # 1",
            "confidence": 1.0,
            "comment": "Vad är UE? UE är förkortningen av Urban Exploration som översätts lite plumpt av mig till Urban Utforskning och det går i princip ut på att utforska platser som är undangömda/bortglömda/förbjuda för allmänheten. Med att \"utforska\" så menas egentligen bara att vara, inte att man springer runt och tar prover på bergsmassiv och dylikt, utan bara att finnas till och insupa atmosfären, som oftast/antagligen skiljer sig från \"vanliga\" ställen och ta..."
          }
        ],
        "source": "https://www.flashback.org/t278041",
        "thread_url": "https://www.flashback.org/t278041",
        "post_id": "post3375889",
        "username": "rausing",
        "time_raw": "2005-12-13, 23:38 # 1",
        "confidence": 1.0,
        "comment": "Vad är UE? UE är förkortningen av Urban Exploration som översätts lite plumpt av mig till Urban Utforskning och det går i princip ut på att utforska platser som är undangömda/bortglömda/förbjuda för allmänheten. Med att \"utforska\" så menas egentligen bara att vara, inte att man springer runt och tar prover på bergsmassiv och dylikt, utan bara att finnas till och insupa atmosfären, som oftast/antagligen skiljer sig från \"vanliga\" ställen och ta..."
      }
    },
    {
      "type": "Feature",
      "geometry": {
        "type": "Point",
        "coordinates": [
          18.0671286,
          59.3315448
        ]
      },
      "properties": {
        "id": "e77b2a401fbc",
        "entity": "Clas Ohlson",
        "query": "Clas Ohlson, Sweden",
        "display_name": "Clas Ohlson, Gallerian, Klara, Norrmalm, Norra innerstadens stadsdelsområde, Stockholm, Stockholms kommun, Stockholms län, 111 53, Sverige",
        "osm_type": "node",
        "osm_id": 5213065322,
        "geocode_confidence": 8.40184634164495e-05,
        "evidence": [
          {
            "source": "https://www.flashback.org/t278041",
            "thread_url": "https://www.flashback.org/t278041",
            "post_id": "post3375889",
            "username": "rausing",
            "time_raw": "2005-12-13, 23:38 # 1",
            "confidence": 1.0,
            "comment": "Vad är UE? UE är förkortningen av Urban Exploration som översätts lite plumpt av mig till Urban Utforskning och det går i princip ut på att utforska platser som är undangömda/bortglömda/förbjuda för allmänheten. Med att \"utforska\" så menas egentligen bara att vara, inte att man springer runt och tar prover på bergsmassiv och dylikt, utan bara att finnas till och insupa atmosfären, som oftast/antagligen skiljer sig från \"vanliga\" ställen och ta..."
          }
        ],
        "source": "https://www.flashback.org/t278041",
        "thread_url": "https://www.flashback.org/t278041",
        "post_id": "post3375889",
        "username": "rausing",
        "time_raw": "2005-12-13, 23:38 # 1",
        "confidence": 1.0,
        "comment": "Vad är UE? UE är förkortningen av Urban Exploration som översätts lite plumpt av mig till Urban Utforskning och det går i princip ut på att utforska platser som är undangömda/bortglömda/förbjuda för allmänheten. Med att \"utforska\" så menas egentligen bara att vara, inte att man springer runt och tar prover på bergsmassiv och dylikt, utan bara att finnas till och insupa atmosfären, som oftast/antagligen skiljer sig från \"vanliga\" ställen och ta..."
      }
    },
    {
      "type": "Feature",
      "geometry": {
        "type": "Point",
        "coordinates": [
          17.7053146,
          59.9614667
        ]
      },
      "properties": {
        "id": "d2218ba88629",
        "entity": "Kom",
        "query": "Kom, Sweden",
        "display_name": "Vinter pulka backe (kom ihåg att ta med hjälm), Storvreta, Uppsala kommun, Uppsala län, Sverige",
        "osm_type": "way",
        "osm_id": 299267732,
        "geocode_confidence": 0.10673883344777597,
        "evidence": [
          {
            "source": "https://www.flashback.org/t278041",
            "thread_url": "https://www.flashback.org/t278041",
            "post_id": "post3375889",
            "username": "rausing",
            "time_raw": "2005-12-13, 23:38 # 1",
            "confidence": 1.0,
            "comment": "Vad är UE? UE är förkortningen av Urban Exploration som översätts lite plumpt av mig till Urban Utforskning och det går i princip ut på att utforska platser som är undangömda/bortglömda/förbjuda för allmänheten. Med att \"utforska\" så menas egentligen bara att vara, inte att man springer runt och tar prover på bergsmassiv och dylikt, utan bara att finnas till och insupa atmosfären, som oftast/antagligen skiljer sig från \"vanliga\" ställen och ta..."
          },
          {
            "source": "https://www.flashback.org/t750391p2",
            "thread_url": "https://www.flashback.org/t750391",
            "post_id": "post13030351",
            "username": "Fanjunkaren",
            "time_raw": "2008-09-26, 16:23 # 21",
            "confidence": 0.72,
            "comment": "Citat: Ursprungligen postat av b@ron mitt \"side kick\" berättar nu att det inte var detta flygplan typ - planet var med 2 säten ; pilot o bakom plats för 1 person ...på flygets motor bredvid propellern var ett rött glas typ infrarött ljus /infrarött värmelampa någon som vet.. tror inte det var civilt  vad gör detta flygplan på Barkarby flygfält en lördag eftermiddag om inte där finns någon aktivt militär aktivitet i berget jag har ett annat..."
          }
        ],
        "source": "https://www.flashback.org/t750391p2",
        "thread_url": "https://www.flashback.org/t750391",
        "post_id": "post13030351",
        "username": "Fanjunkaren",
        "time_raw": "2008-09-26, 16:23 # 21",
        "confidence": 0.72,
        "comment": "Citat: Ursprungligen postat av b@ron mitt \"side kick\" berättar nu att det inte var detta flygplan typ - planet var med 2 säten ; pilot o bakom plats för 1 person ...på flygets motor bredvid propellern var ett rött glas typ infrarött ljus /infrarött värmelampa någon som vet.. tror inte det var civilt  vad gör detta flygplan på Barkarby flygfält en lördag eftermiddag om inte där finns någon aktivt militär aktivitet i berget jag har ett annat..."
      }
    },
    {
      "type": "Feature",
      "geometry": {
        "type": "Point",
        "coordinates": [
          18.0921557,
          59.3028463
        ]
      },
      "properties": {
        "id": "443ac6ae81da",
        "entity": "Någon",
        "query": "Någon, Sweden",
        "display_name": "I väntan på någon, Förskeppsgatan, Södra Hammarbyhamnen, Södermalms stadsdelsområde, Stockholm, Stockholms kommun, Stockholms län, 120 30, Sverige",
        "osm_type": "node",
        "osm_id": 2516748001,
        "geocode_confidence": 8.40184634164495e-05,
        "evidence": [
          {
            "source": "https://www.flashback.org/t278041",
            "thread_url": "https://www.flashback.org/t278041",
            "post_id": "post3375889",
            "username": "rausing",
            "time_raw": "2005-12-13, 23:38 # 1",
            "confidence": 1.0,
            "comment": "Vad är UE? UE är förkortningen av Urban Exploration som översätts lite plumpt av mig till Urban Utforskning och det går i princip ut på att utforska platser som är undangömda/bortglömda/förbjuda för allmänheten. Med att \"utforska\" så menas egentligen bara att vara, inte att man springer runt och tar prover på bergsmassiv och dylikt, utan bara att finnas till och insupa atmosfären, som oftast/antagligen skiljer sig från \"vanliga\" ställen och ta..."
          },
          {
            "source": "https://www.flashback.org/t282947p2",
            "thread_url": "https://www.flashback.org/t282947",
            "post_id": "post2241227",
            "username": "Jojjesthlm",
            "time_raw": "2005-05-16, 23:16 # 14",
            "confidence": 0.56,
            "comment": "Någon som vet om några övergivna kåkar/industrier i Växjö? Gärna runt hovshaga, araby, centrum-hållet...tvekar på om det finns så centralt dock. Hur va det med gamla Lugnet ut mot Kronoberg, har för mig sen barnsben att det stod tomt där länge? Nu är det väl bostäder dock..."
          },
          {
            "source": "https://www.flashback.org/t1690739",
            "thread_url": "https://www.flashback.org/t1690739",
            "post_id": "post33564892",
            "username": "Xennah",
            "time_raw": "2011-10-20, 12:49 # 1",
            "confidence": 0.64,
            "comment": "Har sökt en del men tänkte att det kanske finns intresse för en ny tråd? Själv vet jag om att det finns en del nedlagda industrier, och att det går kulvertar under det gamla lasarettet där det är lägenheter och skola idag, är mest intresserad av kulvertarna. Någon som vet mera om dessa? Någon här som har kanske jobbat där eller liknande? Finns nog en hel del roligt där nere, och lyckas jag på något sätt ta mig ner ska jag givetvis dokumentera..."
          },
          {
            "source": "https://www.flashback.org/t1690739",
            "thread_url": "https://www.flashback.org/t1690739",
            "post_id": "post33565347",
            "username": "-SWE-ViGGEN",
            "time_raw": "2011-10-20, 13:18 # 2",
            "confidence": 0.92,
            "comment": "Citat: Ursprungligen postat av Xennah Har sökt en del men tänkte att det kanske finns intresse för en ny tråd? Själv vet jag om att det finns en del nedlagda industrier, och att det går kulvertar under det gamla lasarettet där det är lägenheter och skola idag, är mest intresserad av kulvertarna. Någon som vet mera om dessa? Någon här som har kanske jobbat där eller liknande? Finns nog en hel del roligt där nere, och lyckas jag på något sätt ta..."
          },
          {
            "source": "https://www.flashback.org/t3729252",
            "thread_url": "https://www.flashback.org/t3729252",
            "post_id": "post94908233",
            "username": "Duvermongo",
            "time_raw": "2026-05-06, 20:33 # 1",
            "confidence": 0.56,
            "comment": "Tjenare! Jag planerar ett litet smått Äventyr inom snar framtid till tunneln som ligger i Vitsippsdalen i Göteborg. https://maps.app.goo.gl/X5uuRHPUh1GGsQAq9 . Jag undrar om någon här har varit inne i tunneln och kan berätta lite mer? Någon som har koll vart man kan hitta kartor? Jag har sett en del bilder men det skulle också vara kul att höra lite mer från någon som varit inne i tunneln. Länkar en av mina favorit bilder här https://imgur.com..."
          },
          {
            "source": "https://www.flashback.org/t3729252",
            "thread_url": "https://www.flashback.org/t3729252",
            "post_id": "post94908552",
            "username": "Goulburn",
            "time_raw": "2026-05-06, 21:16 # 2",
            "confidence": 0.56,
            "comment": "Citat: Ursprungligen postat av Duvermongo Tjenare! Jag planerar ett litet smått Äventyr inom snar framtid till tunneln som ligger i Vitsippsdalen i Göteborg. https://maps.app.goo.gl/X5uuRHPUh1GGsQAq9 . Jag undrar om någon här har varit inne i tunneln och kan berätta lite mer? Någon som har koll vart man kan hitta kartor? Jag har sett en del bilder men det skulle också vara kul att höra lite mer från någon som varit inne i tunneln. Länkar en av..."
          },
          {
            "source": "https://www.flashback.org/t2225405",
            "thread_url": "https://www.flashback.org/t2225405",
            "post_id": "post6929553",
            "username": "Solstickeflicka",
            "time_raw": "2007-04-23, 19:41 # 9",
            "confidence": 0.64,
            "comment": "Jag och en vän tänkte åka till \"spökstationen\" Kymlinge imorgon. Jag har sökt en hel del, men inte fått svar på mina viktigaste frågor, tänkte därför att ni kanske kunde hjälpa mig. 1. Är det olagligt att gå in på Kymlinge, dvs att nån vakt kan komma och \"ta hand\" om en. 2. Måste man gå över tunnelbanespåren för att komma in på själva stationen? I sådana fall, hur gör man detta på bästa sätt? 3. Vilken station är det enklast att gå ifrån? Jag..."
          },
          {
            "source": "https://www.flashback.org/t2225405",
            "thread_url": "https://www.flashback.org/t2225405",
            "post_id": "post6929621",
            "username": "rebban",
            "time_raw": "2007-04-23, 19:46 # 10",
            "confidence": 0.64,
            "comment": "Citat: Ursprungligen postat av Solstickeflicka Jag och en vän tänkte åka till \"spökstationen\" Kymlinge imorgon. Jag har sökt en hel del, men inte fått svar på mina viktigaste frågor, tänkte därför att ni kanske kunde hjälpa mig. 1. Är det olagligt att gå in på Kymlinge, dvs att nån vakt kan komma och \"ta hand\" om en. 2. Måste man gå över tunnelbanespåren för att komma in på själva stationen? I sådana fall, hur gör man detta på bästa sätt? 3. V..."
          },
          {
            "source": "https://www.flashback.org/t2225405",
            "thread_url": "https://www.flashback.org/t2225405",
            "post_id": "post6932269",
            "username": "Ssraeshza",
            "time_raw": "2007-04-23, 23:22 # 11",
            "confidence": 0.72,
            "comment": "Citat: Ursprungligen postat av Solstickeflicka Jag och en vän tänkte åka till \"spökstationen\" Kymlinge imorgon. Jag har sökt en hel del, men inte fått svar på mina viktigaste frågor, tänkte därför att ni kanske kunde hjälpa mig. 1. Är det olagligt att gå in på Kymlinge, dvs att nån vakt kan komma och \"ta hand\" om en. 2. Måste man gå över tunnelbanespåren för att komma in på själva stationen? I sådana fall, hur gör man detta på bästa sätt? 3. V..."
          },
          {
            "source": "https://www.flashback.org/t2225405",
            "thread_url": "https://www.flashback.org/t2225405",
            "post_id": "post6932389",
            "username": "Torskfilé",
            "time_raw": "2007-04-23, 23:31 # 12",
            "confidence": 0.72,
            "comment": "Citat: Ursprungligen postat av Solstickeflicka Jag och en vän tänkte åka till \"spökstationen\" Kymlinge imorgon. Jag har sökt en hel del, men inte fått svar på mina viktigaste frågor, tänkte därför att ni kanske kunde hjälpa mig. 1. Är det olagligt att gå in på Kymlinge, dvs att nån vakt kan komma och \"ta hand\" om en. 2. Måste man gå över tunnelbanespåren för att komma in på själva stationen? I sådana fall, hur gör man detta på bästa sätt? 3. V..."
          },
          {
            "source": "https://www.flashback.org/t359143",
            "thread_url": "https://www.flashback.org/t359143",
            "post_id": "post4767801",
            "username": "Ayah",
            "time_raw": "2006-08-10, 13:57 # 1",
            "confidence": 0.96,
            "comment": "Efter några timmars vandring på Gotlands kust norrut från Visby så hamnade vi nära Lummelunda. Längs kusten så märker vi en ganska övergiven och rostig grind, vilket vi går närmre och inspekterar. Vi går förbi grinden och upptäcker ett stort övergivet fabrikshus. Någon sorts radio mast fanns där också. Fabrikshuset verkade ganska övergivet, men orört. Det fanns en massa burkar, verktyg, maskiner, fordon kvar. Efter en tids utforskande av fabri..."
          },
          {
            "source": "https://www.flashback.org/t359143",
            "thread_url": "https://www.flashback.org/t359143",
            "post_id": "post9130232",
            "username": "Pendeltåg",
            "time_raw": "2007-11-29, 22:53 # 5",
            "confidence": 0.84,
            "comment": "Citat: Ursprungligen postat av Ayah Ganska ballt ställe faktiskt. Bilder kan läggas upp om ni är intresserade.Någon som vet något mera om det här stället? Har du kvar bilderna? Skulle vara kul att se! Besökte aldrig området själv tyvärr. totalt fanns där C:a 1,7 mil med minkhus, vilka såldes och exporterades till Ryssland. Fabrikshuset du såg kanske var frysanläggningen de hade där? Den användes till att frysa in minkmat med. Mycket av slakter..."
          },
          {
            "source": "https://www.flashback.org/t359143",
            "thread_url": "https://www.flashback.org/t359143",
            "post_id": "post10048064",
            "username": "wildhack",
            "time_raw": "2008-02-18, 00:11 # 8",
            "confidence": 0.56,
            "comment": "När vi är inne på detta ämne, är det någon som är bevandrad i detta med pälsdjursfarmar som kan avgöra om detta också varit en minkfarm? Eller något annat djur? Sprang på denna, inte speciellt stora, nedlagda anläggning i en skog rätt nära Kilafors. Någon som vet mer? http://www.flickr.com/photos/wildhack/17120908/in/set-940419/ http://www.flickr.com/photos/wildhack/17120907/in/set-940419/"
          }
        ],
        "source": "https://www.flashback.org/t359143",
        "thread_url": "https://www.flashback.org/t359143",
        "post_id": "post10048064",
        "username": "wildhack",
        "time_raw": "2008-02-18, 00:11 # 8",
        "confidence": 0.56,
        "comment": "När vi är inne på detta ämne, är det någon som är bevandrad i detta med pälsdjursfarmar som kan avgöra om detta också varit en minkfarm? Eller något annat djur? Sprang på denna, inte speciellt stora, nedlagda anläggning i en skog rätt nära Kilafors. Någon som vet mer? http://www.flickr.com/photos/wildhack/17120908/in/set-940419/ http://www.flickr.com/photos/wildhack/17120907/in/set-940419/"
      }
    },
    {
      "type": "Feature",
      "geometry": {
        "type": "Point",
        "coordinates": [
          15.5185744,
          58.9316843
        ]
      },
      "properties": {
        "id": "b4b9c501e621",
        "entity": "Gamla",
        "query": "Gamla, Sweden",
        "display_name": "Gamla, Bo, Hallsbergs kommun, Örebro län, Sverige",
        "osm_type": "node",
        "osm_id": 7470240508,
        "geocode_confidence": 0.10672049210345615,
        "evidence": [
          {
            "source": "https://www.flashback.org/t278041",
            "thread_url": "https://www.flashback.org/t278041",
            "post_id": "post3375889",
            "username": "rausing",
            "time_raw": "2005-12-13, 23:38 # 1",
            "confidence": 1.0,
            "comment": "Vad är UE? UE är förkortningen av Urban Exploration som översätts lite plumpt av mig till Urban Utforskning och det går i princip ut på att utforska platser som är undangömda/bortglömda/förbjuda för allmänheten. Med att \"utforska\" så menas egentligen bara att vara, inte att man springer runt och tar prover på bergsmassiv och dylikt, utan bara att finnas till och insupa atmosfären, som oftast/antagligen skiljer sig från \"vanliga\" ställen och ta..."
          }
        ],
        "source": "https://www.flashback.org/t278041",
        "thread_url": "https://www.flashback.org/t278041",
        "post_id": "post3375889",
        "username": "rausing",
        "time_raw": "2005-12-13, 23:38 # 1",
        "confidence": 1.0,
        "comment": "Vad är UE? UE är förkortningen av Urban Exploration som översätts lite plumpt av mig till Urban Utforskning och det går i princip ut på att utforska platser som är undangömda/bortglömda/förbjuda för allmänheten. Med att \"utforska\" så menas egentligen bara att vara, inte att man springer runt och tar prover på bergsmassiv och dylikt, utan bara att finnas till och insupa atmosfären, som oftast/antagligen skiljer sig från \"vanliga\" ställen och ta..."
      }
    },
    {
      "type": "Feature",
      "geometry": {
        "type": "Point",
        "coordinates": [
          16.3058163,
          56.7271725
        ]
      },
      "properties": {
        "id": "98e3bec8f67c",
        "entity": "Farbror Blå",
        "query": "Farbror Blå, Sweden",
        "display_name": "Farbror Blå, Lindsdal, Kalmar kommun, Kalmar län, Sverige",
        "osm_type": "way",
        "osm_id": 149198898,
        "geocode_confidence": 0.08006367971313036,
        "evidence": [
          {
            "source": "https://www.flashback.org/t278041",
            "thread_url": "https://www.flashback.org/t278041",
            "post_id": "post3375889",
            "username": "rausing",
            "time_raw": "2005-12-13, 23:38 # 1",
            "confidence": 1.0,
            "comment": "Vad är UE? UE är förkortningen av Urban Exploration som översätts lite plumpt av mig till Urban Utforskning och det går i princip ut på att utforska platser som är undangömda/bortglömda/förbjuda för allmänheten. Med att \"utforska\" så menas egentligen bara att vara, inte att man springer runt och tar prover på bergsmassiv och dylikt, utan bara att finnas till och insupa atmosfären, som oftast/antagligen skiljer sig från \"vanliga\" ställen och ta..."
          }
        ],
        "source": "https://www.flashback.org/t278041",
        "thread_url": "https://www.flashback.org/t278041",
        "post_id": "post3375889",
        "username": "rausing",
        "time_raw": "2005-12-13, 23:38 # 1",
        "confidence": 1.0,
        "comment": "Vad är UE? UE är förkortningen av Urban Exploration som översätts lite plumpt av mig till Urban Utforskning och det går i princip ut på att utforska platser som är undangömda/bortglömda/förbjuda för allmänheten. Med att \"utforska\" så menas egentligen bara att vara, inte att man springer runt och tar prover på bergsmassiv och dylikt, utan bara att finnas till och insupa atmosfären, som oftast/antagligen skiljer sig från \"vanliga\" ställen och ta..."
      }
    },
    {
      "type": "Feature",
      "geometry": {
        "type": "Point",
        "coordinates": [
          17.9328721,
          59.3265841
        ]
      },
      "properties": {
        "id": "78dcc112ae27",
        "entity": "Dramat",
        "query": "Dramat, Sweden",
        "display_name": "Dramat, Höglandet, Bromma stadsdelsområde, Stockholm, Stockholms kommun, Stockholms län, Sverige",
        "osm_type": "way",
        "osm_id": 678806612,
        "geocode_confidence": 0.06675068513008316,
        "evidence": [
          {
            "source": "https://www.flashback.org/t278041",
            "thread_url": "https://www.flashback.org/t278041",
            "post_id": "post3375889",
            "username": "rausing",
            "time_raw": "2005-12-13, 23:38 # 1",
            "confidence": 1.0,
            "comment": "Vad är UE? UE är förkortningen av Urban Exploration som översätts lite plumpt av mig till Urban Utforskning och det går i princip ut på att utforska platser som är undangömda/bortglömda/förbjuda för allmänheten. Med att \"utforska\" så menas egentligen bara att vara, inte att man springer runt och tar prover på bergsmassiv och dylikt, utan bara att finnas till och insupa atmosfären, som oftast/antagligen skiljer sig från \"vanliga\" ställen och ta..."
          }
        ],
        "source": "https://www.flashback.org/t278041",
        "thread_url": "https://www.flashback.org/t278041",
        "post_id": "post3375889",
        "username": "rausing",
        "time_raw": "2005-12-13, 23:38 # 1",
        "confidence": 1.0,
        "comment": "Vad är UE? UE är förkortningen av Urban Exploration som översätts lite plumpt av mig till Urban Utforskning och det går i princip ut på att utforska platser som är undangömda/bortglömda/förbjuda för allmänheten. Med att \"utforska\" så menas egentligen bara att vara, inte att man springer runt och tar prover på bergsmassiv och dylikt, utan bara att finnas till och insupa atmosfären, som oftast/antagligen skiljer sig från \"vanliga\" ställen och ta..."
      }
    },
    {
      "type": "Feature",
      "geometry": {
        "type": "Point",
        "coordinates": [
          17.7399872,
          59.3427186
        ]
      },
      "properties": {
        "id": "17f7a4285576",
        "entity": "Ska",
        "query": "Ska, Sweden",
        "display_name": "Skå-Edeby flygfält, Färentunavägen, Skå industriområde, Skillinge, Sundby, Ekerö kommun, Järfälla kommun, Stockholms län, 179 75, Sverige",
        "osm_type": "way",
        "osm_id": 204138568,
        "geocode_confidence": 0.34397419227863374,
        "evidence": [
          {
            "source": "https://www.flashback.org/t278041",
            "thread_url": "https://www.flashback.org/t278041",
            "post_id": "post3375889",
            "username": "rausing",
            "time_raw": "2005-12-13, 23:38 # 1",
            "confidence": 1.0,
            "comment": "Vad är UE? UE är förkortningen av Urban Exploration som översätts lite plumpt av mig till Urban Utforskning och det går i princip ut på att utforska platser som är undangömda/bortglömda/förbjuda för allmänheten. Med att \"utforska\" så menas egentligen bara att vara, inte att man springer runt och tar prover på bergsmassiv och dylikt, utan bara att finnas till och insupa atmosfären, som oftast/antagligen skiljer sig från \"vanliga\" ställen och ta..."
          },
          {
            "source": "https://www.flashback.org/t103742",
            "thread_url": "https://www.flashback.org/t103742",
            "post_id": "post724026",
            "username": "Emeye",
            "time_raw": "2004-01-19, 16:53 # 12",
            "confidence": 0.68,
            "comment": "Jag var där i lördags me en polare, först gick jag genom Eriksdalstunneln (den man ser ifrån Eriksdalsbadet) och sedan vidare till SöS-tunneln. När jag kom fram till dörrarna som antagligen leder in till Sjukhusets källarlokaler (det lyste under en av dem) hördes det en massa ljud innifrån tunneln... kan vart tågen ute på pendellinjen, kan vart ue:are, kan vart luffare. Hursomhelst drog jag därifrån då... Ska återvända senare med minst 10 komp..."
          },
          {
            "source": "https://www.flashback.org/t103742p2",
            "thread_url": "https://www.flashback.org/t103742",
            "post_id": "post725120",
            "username": "Psykoz",
            "time_raw": "2004-01-20, 00:27 # 19",
            "confidence": 0.68,
            "comment": "Citat: Ursprungligen postat av Emeye Jag var där i lördags me en polare, först gick jag genom Eriksdalstunneln (den man ser ifrån Eriksdalsbadet) och sedan vidare till SöS-tunneln. När jag kom fram till dörrarna som antagligen leder in till Sjukhusets källarlokaler (det lyste under en av dem) hördes det en massa ljud innifrån tunneln... kan vart tågen ute på pendellinjen, kan vart ue:are, kan vart luffare. Hursomhelst drog jag därifrån då... S..."
          },
          {
            "source": "https://www.flashback.org/t1690739p2",
            "thread_url": "https://www.flashback.org/t1690739",
            "post_id": "post93688153",
            "username": "von-tratt",
            "time_raw": "2025-12-08, 04:34 # 20",
            "confidence": 0.76,
            "comment": "Citat: Ursprungligen postat av Hampthy Njae, skulle varit användbart. Men i och med att det bor folk i huset intill så lär det höras. Bäst att leta med metalldetektor efter armeringen, eller söka sig fram med järnspett. Ska försöka ta reda på lite mer exakt vars inslaget har legat Jag är jävligt sugen på att hitta inslaget. Har tillgång till metalldetektor och bor i närheten Om du skulle vilja göra slag i saken. Det finns ju en annan militär m..."
          },
          {
            "source": "https://www.flashback.org/t3618848",
            "thread_url": "https://www.flashback.org/t3618848",
            "post_id": "post89535363",
            "username": "Caasimolar",
            "time_raw": "2024-09-16, 12:35 # 3",
            "confidence": 0.72,
            "comment": "Citat: Ursprungligen postat av daskyrn Har du kommit någonvart i detta? Nyfiken Var uppe på bruksberget i kramfors, Fanns en stor igenteglad kub som jag lyckades ta mig in i. Inne i den kuben gick det en lucka och en stege ner i en jättestor vattenkammare. Klättrade ner i vattenkammaren och i golvet var det ett enormt rör där det gick ner ett rep. Klättrade ner i röret som gick en bit sen böjde röret sig rakt ner några hundra meter så vågade i..."
          },
          {
            "source": "https://www.flashback.org/t3618848",
            "thread_url": "https://www.flashback.org/t3618848",
            "post_id": "post89538512",
            "username": "daskyrn",
            "time_raw": "2024-09-16, 18:48 # 4",
            "confidence": 0.72,
            "comment": "Citat: Ursprungligen postat av Caasimolar Var uppe på bruksberget i kramfors, Fanns en stor igenteglad kub som jag lyckades ta mig in i. Inne i den kuben gick det en lucka och en stege ner i en jättestor vattenkammare. Klättrade ner i vattenkammaren och i golvet var det ett enormt rör där det gick ner ett rep. Klättrade ner i röret som gick en bit sen böjde röret sig rakt ner några hundra meter så vågade it fortsätta. Klättrade ut å gick i den..."
          },
          {
            "source": "https://www.flashback.org/t2167471",
            "thread_url": "https://www.flashback.org/t2167471",
            "post_id": "post44036338",
            "username": "Muffincaek",
            "time_raw": "2013-06-24, 20:04 # 8",
            "confidence": 0.56,
            "comment": "Citat: Ursprungligen postat av DenSomSoker Finns mycket militärt i skogarna där ser jag, har du någon aning om vad detta är? 63.122307,17.268038 Bra fråga du, ser intressant ut, asfaltsplanen mittemot också! Ska ta mig dit och kolla, slänger upp bilder om det skulle vara något att se!"
          },
          {
            "source": "https://www.flashback.org/t1421697",
            "thread_url": "https://www.flashback.org/t1421697",
            "post_id": "post28186141",
            "username": "Mcnoodles",
            "time_raw": "2011-01-12, 22:53 # 4",
            "confidence": 0.48,
            "comment": "Ska finnas en tråd till hittade dock inte den. Det är även som det nämns i tråden att dom flesta gångarna inte existerar längre eller kräver nyckel. Har själv försökt komma in där genom skolan"
          },
          {
            "source": "https://www.flashback.org/t3074043",
            "thread_url": "https://www.flashback.org/t3074043",
            "post_id": "post68662951",
            "username": "tunnelgruppen",
            "time_raw": "2019-09-10, 19:03 # 4",
            "confidence": 0.84,
            "comment": "Citat: Ursprungligen postat av LadyCinderbottom Klassiker är Kymlinge station https://sv.m.wikipedia.org/wiki/Kymlinge_(tunnelbanestation ) \"Några subkulturer har haft ett speciellt intresse av Kymlinge. Grusplanen nedanför plattformen har fått tjäna som festplats för ett antal ravefester. Stationen är även ett favoritmål inom urban exploration-kulturen\" Ligger i Sumpans kommun mot Hallonbergen - Kista. Vet inte hur det ser ut nuförtiden men e..."
          },
          {
            "source": "https://www.flashback.org/t3074043",
            "thread_url": "https://www.flashback.org/t3074043",
            "post_id": "post69383334",
            "username": "Zergler",
            "time_raw": "2019-11-22, 22:07 # 6",
            "confidence": 0.56,
            "comment": "Citat: Ursprungligen postat av tunnelgruppen Klassiker kanske men inte ett bra nybörjarställe. Ska man ge sig in på tunnelbanans område måste man ha koll på vad man gör. Tåg kan komma snabbt utan förvarning och den berömda strömskenan vill man inte komma för nära. Upptäcker de att det finns obehöriga inne på området är de snabba på att skicka ut väktare. Kan verkligen inte rekommendera denna, polaren klämde in sig i timmar under plattformen fö..."
          }
        ],
        "source": "https://www.flashback.org/t3074043",
        "thread_url": "https://www.flashback.org/t3074043",
        "post_id": "post69383334",
        "username": "Zergler",
        "time_raw": "2019-11-22, 22:07 # 6",
        "confidence": 0.56,
        "comment": "Citat: Ursprungligen postat av tunnelgruppen Klassiker kanske men inte ett bra nybörjarställe. Ska man ge sig in på tunnelbanans område måste man ha koll på vad man gör. Tåg kan komma snabbt utan förvarning och den berömda strömskenan vill man inte komma för nära. Upptäcker de att det finns obehöriga inne på området är de snabba på att skicka ut väktare. Kan verkligen inte rekommendera denna, polaren klämde in sig i timmar under plattformen fö..."
      }
    },
    {
      "type": "Feature",
      "geometry": {
        "type": "Point",
        "coordinates": [
          13.8042882,
          56.244058
        ]
      },
      "properties": {
        "id": "f5e97c33fd70",
        "entity": "Såg",
        "query": "Såg, Sweden",
        "display_name": "Såg, Hässleholms kommun, Skåne län, Sverige",
        "osm_type": "node",
        "osm_id": 6400718646,
        "geocode_confidence": 0.10672306019684136,
        "evidence": [
          {
            "source": "https://www.flashback.org/t627781p2",
            "thread_url": "https://www.flashback.org/t627781",
            "post_id": "post820768",
            "username": "area_0223",
            "time_raw": "2004-03-01, 13:07 # 13",
            "confidence": 0.56,
            "comment": "Såg nått lite knasigt här hemma i fagersta.Snön hade smält i långa stringor och streck ett par 20 tals meter från en FV (Fjärrvärme???) brunn.Undrar om någon vet om fv brunnar brukar vara nått att kika ner i.Kanske kan hitta en häftig fv kurvert en bit under marken??"
          },
          {
            "source": "https://www.flashback.org/t2167471p2",
            "thread_url": "https://www.flashback.org/t2167471",
            "post_id": "post44164498",
            "username": "Muffincaek",
            "time_raw": "2013-07-04, 00:21 # 17",
            "confidence": 0.64,
            "comment": "Nu så! Det där stället var ett uppsamlingsskydd för granat övningar verkar det som Här åkte man in: https://imageshack.com/i/49oq4pj Själva skyddet antar jag, med en garageplats: https://imageshack.com/i/mw61m3j Skylt på huset: https://imageshack.com/i/nbz45hj Skylt 2: https://imageshack.com/i/05fjfqj I garageutrymmet fanns ett fågelbo, inget mer: https://imageshack.com/i/nps85bj På sidan av vägen ner bakom byggnaden låg detta: https://imagesh..."
          },
          {
            "source": "https://www.flashback.org/t2167471p2",
            "thread_url": "https://www.flashback.org/t2167471",
            "post_id": "post44165238",
            "username": "flashwhore",
            "time_raw": "2013-07-04, 01:38 # 18",
            "confidence": 0.48,
            "comment": "Citat: Ursprungligen postat av Muffincaek Kan berätta dock att när vi var ute och kollade runt svängde vi in till vad vi trodde var en övergiven gård då det stog flera tomma hus på tomten som såg obebodd ut, när vi öppnar bildörren skriker en herre \"Vaaaad i helvete gör ni här?\" Jag - \"Vi är bara ute och kollar runt lite, inget speciellt.\" Han - \"Är ni härifrån eller? In i bilen och iväg med er fortare än fan!\" Såg ut som ett äldre hippiepar,..."
          },
          {
            "source": "https://www.flashback.org/t2167471p2",
            "thread_url": "https://www.flashback.org/t2167471",
            "post_id": "post44169996",
            "username": "DenSomSoker",
            "time_raw": "2013-07-04, 14:58 # 21",
            "confidence": 0.64,
            "comment": "Citat: Ursprungligen postat av Muffincaek Nu så! Det där stället var ett uppsamlingsskydd för granat övningar verkar det som Här åkte man in: https://imageshack.com/i/49oq4pj Själva skyddet antar jag, med en garageplats: https://imageshack.com/i/mw61m3j Skylt på huset: https://imageshack.com/i/nbz45hj Skylt 2: https://imageshack.com/i/05fjfqj I garageutrymmet fanns ett fågelbo, inget mer: https://imageshack.com/i/nps85bj På sidan av vägen ner..."
          }
        ],
        "source": "https://www.flashback.org/t2167471p2",
        "thread_url": "https://www.flashback.org/t2167471",
        "post_id": "post44169996",
        "username": "DenSomSoker",
        "time_raw": "2013-07-04, 14:58 # 21",
        "confidence": 0.64,
        "comment": "Citat: Ursprungligen postat av Muffincaek Nu så! Det där stället var ett uppsamlingsskydd för granat övningar verkar det som Här åkte man in: https://imageshack.com/i/49oq4pj Själva skyddet antar jag, med en garageplats: https://imageshack.com/i/mw61m3j Skylt på huset: https://imageshack.com/i/nbz45hj Skylt 2: https://imageshack.com/i/05fjfqj I garageutrymmet fanns ett fågelbo, inget mer: https://imageshack.com/i/nps85bj På sidan av vägen ner..."
      }
    },
    {
      "type": "Feature",
      "geometry": {
        "type": "Point",
        "coordinates": [
          17.9728267,
          59.2958061
        ]
      },
      "properties": {
        "id": "ed135f2a88d9",
        "entity": "Snön",
        "query": "Snön, Sweden",
        "display_name": "Snön, Västertorp, Hägersten-Älvsjö stadsdelsområde, Stockholm, Stockholms kommun, Stockholms län, Sverige",
        "osm_type": "way",
        "osm_id": 451668548,
        "geocode_confidence": 0.06675068513008316,
        "evidence": [
          {
            "source": "https://www.flashback.org/t627781p2",
            "thread_url": "https://www.flashback.org/t627781",
            "post_id": "post820768",
            "username": "area_0223",
            "time_raw": "2004-03-01, 13:07 # 13",
            "confidence": 0.56,
            "comment": "Såg nått lite knasigt här hemma i fagersta.Snön hade smält i långa stringor och streck ett par 20 tals meter från en FV (Fjärrvärme???) brunn.Undrar om någon vet om fv brunnar brukar vara nått att kika ner i.Kanske kan hitta en häftig fv kurvert en bit under marken??"
          }
        ],
        "source": "https://www.flashback.org/t627781p2",
        "thread_url": "https://www.flashback.org/t627781",
        "post_id": "post820768",
        "username": "area_0223",
        "time_raw": "2004-03-01, 13:07 # 13",
        "confidence": 0.56,
        "comment": "Såg nått lite knasigt här hemma i fagersta.Snön hade smält i långa stringor och streck ett par 20 tals meter från en FV (Fjärrvärme???) brunn.Undrar om någon vet om fv brunnar brukar vara nått att kika ner i.Kanske kan hitta en häftig fv kurvert en bit under marken??"
      }
    },
    {
      "type": "Feature",
      "geometry": {
        "type": "Point",
        "coordinates": [
          15.6920498,
          58.3687584
        ]
      },
      "properties": {
        "id": "91f42a415356",
        "entity": "Fjärrvärme",
        "query": "Fjärrvärme, Sweden",
        "display_name": "Fjärrvärmevägen, Harvestad, Landeryd, Linköping, Linköpings kommun, Östergötlands län, 589 52, Sverige",
        "osm_type": "way",
        "osm_id": 322729912,
        "geocode_confidence": 0.05339941023880366,
        "evidence": [
          {
            "source": "https://www.flashback.org/t627781p2",
            "thread_url": "https://www.flashback.org/t627781",
            "post_id": "post820768",
            "username": "area_0223",
            "time_raw": "2004-03-01, 13:07 # 13",
            "confidence": 0.56,
            "comment": "Såg nått lite knasigt här hemma i fagersta.Snön hade smält i långa stringor och streck ett par 20 tals meter från en FV (Fjärrvärme???) brunn.Undrar om någon vet om fv brunnar brukar vara nått att kika ner i.Kanske kan hitta en häftig fv kurvert en bit under marken??"
          }
        ],
        "source": "https://www.flashback.org/t627781p2",
        "thread_url": "https://www.flashback.org/t627781",
        "post_id": "post820768",
        "username": "area_0223",
        "time_raw": "2004-03-01, 13:07 # 13",
        "confidence": 0.56,
        "comment": "Såg nått lite knasigt här hemma i fagersta.Snön hade smält i långa stringor och streck ett par 20 tals meter från en FV (Fjärrvärme???) brunn.Undrar om någon vet om fv brunnar brukar vara nått att kika ner i.Kanske kan hitta en häftig fv kurvert en bit under marken??"
      }
    },
    {
      "type": "Feature",
      "geometry": {
        "type": "Point",
        "coordinates": [
          16.1788654,
          58.5905076
        ]
      },
      "properties": {
        "id": "5fa9e9d8a089",
        "entity": "Var",
        "query": "Var, Sweden",
        "display_name": "Vår enighets fana, Skvallertorget, Nordantill, Norrköping, Norrköpings kommun, Östergötlands län, 602 20, Sverige",
        "osm_type": "node",
        "osm_id": 3265200291,
        "geocode_confidence": 0.12743869505990896,
        "evidence": [
          {
            "source": "https://www.flashback.org/t103742",
            "thread_url": "https://www.flashback.org/t103742",
            "post_id": "post721642",
            "username": "hannseman",
            "time_raw": "2004-01-18, 16:50 # 8",
            "confidence": 0.56,
            "comment": "Citat: Ursprungligen postat av Emeye Så det är inte igenbommat, eller? Var där för inte alls så länge sedan och det är inte igenbommat. Däremot är Erikdalstunneln \"stängd\" med stora grindar satt uteliggare inte ska ligga och frysa ihjäl i tunneln. Den tunneln ser du från gångbron som går ned till Erikdalsbadet. SöS tunneln ligger på andra sidan av den."
          },
          {
            "source": "https://www.flashback.org/t103742",
            "thread_url": "https://www.flashback.org/t103742",
            "post_id": "post721677",
            "username": "rjd2",
            "time_raw": "2004-01-18, 17:01 # 9",
            "confidence": 0.56,
            "comment": "Citat: Ursprungligen postat av hannseman Var där för inte alls så länge sedan och det är inte igenbommat. Däremot är Erikdalstunneln \"stängd\" med stora grindar satt uteliggare inte ska ligga och frysa ihjäl i tunneln. Den tunneln ser du från gångbron som går ned till Erikdalsbadet. SöS tunneln ligger på andra sidan av den. jaga det var eriksdalstunneln jag menade..."
          },
          {
            "source": "https://www.flashback.org/t1690739p2",
            "thread_url": "https://www.flashback.org/t1690739",
            "post_id": "post86790274",
            "username": "Hampthy",
            "time_raw": "2023-12-23, 21:16 # 19",
            "confidence": 0.64,
            "comment": "Citat: Ursprungligen postat av usernomen Det är bara gamla radiomasten. Bunkern ligger längre bort, tror nedgången syns ännu inte besökt stället detta århundradet. Platsen var då paintboll ställe? med div figurer plywood soldater. I vmo, ödehus finns/fanns för vid Vismen, ett märkligt ställe. Masten lär väll ändå ligga i närheten av inslaget. Var ska \"huset\" annars legat?"
          },
          {
            "source": "https://www.flashback.org/t2557575p2",
            "thread_url": "https://www.flashback.org/t2557575",
            "post_id": "post53090471",
            "username": "nilltre",
            "time_raw": "2015-04-21, 23:33 # 22",
            "confidence": 0.56,
            "comment": "Citat: Ursprungligen postat av grasuggan99 Hålet är ett ökänt dumpningsställe. Vet även som folk har badat i det största gruvhålet i tron om att det ljusblå vattnet ska vara någon form av krydda. Intressant att veta vad tunnorna innehåller. Var det inte någon i dessa trakter som dumpade en jävla massa giftigt lösningsmedel i en grundvattenstäkt? Obehagligt för badmänniskorna om det visar sig vara något sådant i tunnorna. edit, giftdumpningen h..."
          },
          {
            "source": "https://www.flashback.org/t435500",
            "thread_url": "https://www.flashback.org/t435500",
            "post_id": "post6166751",
            "username": null,
            "time_raw": "2007-01-27, 14:34 # 9",
            "confidence": 0.76,
            "comment": "Citat: Ursprungligen postat av Prada St Lars bjuder på saker, det gamla vattentornet, dock inte mycket att se. Kulvertarna under st.lars fram med bultsaxen! Varför använda bultsax när det bara är att knalla in...det gick i alla fall för 10 år sen. Gick in vid sjukhusets huvudingången(?) vid apoteket (om det ligger kvar där). Det var bara att dra i ett snöre så öppnades porten ner till underjorden. Var där en del och skejtade, blå backen var gr..."
          },
          {
            "source": "https://www.flashback.org/t1421697",
            "thread_url": "https://www.flashback.org/t1421697",
            "post_id": "post28237375",
            "username": "MiJe",
            "time_raw": "2011-01-15, 03:25 # 12",
            "confidence": 0.76,
            "comment": "Jag har varit i delar av kulvertarna och i vissa av rummen där nere vilka var kaklade, vad hade de gjort i de rummen? När jag var ungefär 15 gick jag där på kurs, målning, då hade inte skolorna kommit dit ännu så allt var i princip orört. Vi fick gå in i alla salar, kök och något badrum. Var inte så värst intresserad och visste heller inte så mycket då, tyvärr! Men vi fick i allafall ta porslin från köken och måla på...och attans att jag gav b..."
          },
          {
            "source": "https://www.flashback.org/t1421697p2",
            "thread_url": "https://www.flashback.org/t1421697",
            "post_id": "post28864649",
            "username": "Zenerdiod",
            "time_raw": "2011-02-13, 14:39 # 16",
            "confidence": 0.56,
            "comment": "Var nere i gångarna i början av 90talet då jag gjorde min praktik som drifttekniker. Minns inte så mycket av dem mer än att vissa gångar hade räls. Patienterna fick skjuta kolvagnar i gångarna för uppvärmning av det gigantiska sjukhuset. Med tillgång till alla låsta utrymmen till det gamla sjukhuset var dock vinden häftigast. Det var hur kul som helst att läsa gamla journaler från 40 och 50 talet. Stället kan ge vem som helst kalla kårar."
          },
          {
            "source": "https://www.flashback.org/t359143",
            "thread_url": "https://www.flashback.org/t359143",
            "post_id": "post94308073",
            "username": "Born4july",
            "time_raw": "2026-02-15, 16:09 # 11",
            "confidence": 0.48,
            "comment": "Googla på minkfarmen Salthamn så slipper ni att sitta och gissa. Var även en mindre djurpark där i norra änden närmast bruket. Vildsvin och Lodjur var de största."
          }
        ],
        "source": "https://www.flashback.org/t359143",
        "thread_url": "https://www.flashback.org/t359143",
        "post_id": "post94308073",
        "username": "Born4july",
        "time_raw": "2026-02-15, 16:09 # 11",
        "confidence": 0.48,
        "comment": "Googla på minkfarmen Salthamn så slipper ni att sitta och gissa. Var även en mindre djurpark där i norra änden närmast bruket. Vildsvin och Lodjur var de största."
      }
    },
    {
      "type": "Feature",
      "geometry": {
        "type": "Point",
        "coordinates": [
          15.8193456,
          58.7234676
        ]
      },
      "properties": {
        "id": "5c59ac6397d1",
        "entity": "Ifrån",
        "query": "Ifrån, Sweden",
        "display_name": "Lotorps ängar söder ifrån, Grostorp, Butbro, Finspångs kommun, Östergötlands län, 612 76, Sverige",
        "osm_type": "way",
        "osm_id": 842607037,
        "geocode_confidence": 0.040055159075303264,
        "evidence": [
          {
            "source": "https://www.flashback.org/t103742",
            "thread_url": "https://www.flashback.org/t103742",
            "post_id": "post721768",
            "username": "rjd2",
            "time_raw": "2004-01-18, 17:36 # 11",
            "confidence": 0.84,
            "comment": "Citat: Ursprungligen postat av Jobbig Jag är lite förvirrad av alla tunnelnamn men det här kan kanske vara något intressant: Nybodatunneln verkade ju inte så jätte intressant det verkade ju inte va mer än 100 meter lång men kul grej ändå. Nu komm jag att tänka på en ganska tuff sak. Ifrån spånga station gick det ett spår det är helt röjt nu men när jag var mindre låg rälsen fortfarande kvar detta spår gick hela vägen ut till lövsta soptipp. Un..."
          }
        ],
        "source": "https://www.flashback.org/t103742",
        "thread_url": "https://www.flashback.org/t103742",
        "post_id": "post721768",
        "username": "rjd2",
        "time_raw": "2004-01-18, 17:36 # 11",
        "confidence": 0.84,
        "comment": "Citat: Ursprungligen postat av Jobbig Jag är lite förvirrad av alla tunnelnamn men det här kan kanske vara något intressant: Nybodatunneln verkade ju inte så jätte intressant det verkade ju inte va mer än 100 meter lång men kul grej ändå. Nu komm jag att tänka på en ganska tuff sak. Ifrån spånga station gick det ett spår det är helt röjt nu men när jag var mindre låg rälsen fortfarande kvar detta spår gick hela vägen ut till lövsta soptipp. Un..."
      }
    },
    {
      "type": "Feature",
      "geometry": {
        "type": "Point",
        "coordinates": [
          18.0359325,
          59.34277
        ]
      },
      "properties": {
        "id": "31c03458204d",
        "entity": "Under",
        "query": "Under, Sweden",
        "display_name": "Under, Karlbergsvägen, Röda bergen, Vasastaden, Norra innerstadens stadsdelsområde, Stockholm, Stockholms kommun, Stockholms län, 113 37, Sverige",
        "osm_type": "node",
        "osm_id": 3097721567,
        "geocode_confidence": 8.40184634164495e-05,
        "evidence": [
          {
            "source": "https://www.flashback.org/t103742",
            "thread_url": "https://www.flashback.org/t103742",
            "post_id": "post721768",
            "username": "rjd2",
            "time_raw": "2004-01-18, 17:36 # 11",
            "confidence": 0.84,
            "comment": "Citat: Ursprungligen postat av Jobbig Jag är lite förvirrad av alla tunnelnamn men det här kan kanske vara något intressant: Nybodatunneln verkade ju inte så jätte intressant det verkade ju inte va mer än 100 meter lång men kul grej ändå. Nu komm jag att tänka på en ganska tuff sak. Ifrån spånga station gick det ett spår det är helt röjt nu men när jag var mindre låg rälsen fortfarande kvar detta spår gick hela vägen ut till lövsta soptipp. Un..."
          },
          {
            "source": "https://www.flashback.org/t282947",
            "thread_url": "https://www.flashback.org/t282947",
            "post_id": "post542450",
            "username": "Keel Lorentz",
            "time_raw": "2003-10-09, 13:06 # 9",
            "confidence": 0.64,
            "comment": "Finns ju bra mycket tunnlar under Katedralskolan, fast jag vet inte hur lätt det är att komma åt dom efter dom byggt om i källaren. Har ju alltid gått rykten om att det går att ta sig hela vägen bort till teknikum men jag vet inte hur mycket sanning det ligger i det, var dock nere under katedral när dom höll på att bygga om för ett antal år sedan och tunnlarna verkade sträcka sig rätt långt. Under torget sägs det också att det finns tunnlar so..."
          },
          {
            "source": "https://www.flashback.org/t282947p2",
            "thread_url": "https://www.flashback.org/t282947",
            "post_id": "post543837",
            "username": "Krokodildon",
            "time_raw": "2003-10-10, 10:57 # 13",
            "confidence": 0.96,
            "comment": "Citat: Ursprungligen postat av Keel Lorentz Finns ju bra mycket tunnlar under Katedralskolan, fast jag vet inte hur lätt det är att komma åt dom efter dom byggt om i källaren. Har ju alltid gått rykten om att det går att ta sig hela vägen bort till teknikum men jag vet inte hur mycket sanning det ligger i det, var dock nere under katedral när dom höll på att bygga om för ett antal år sedan och tunnlarna verkade sträcka sig rätt långt. Under to..."
          },
          {
            "source": "https://www.flashback.org/t347489",
            "thread_url": "https://www.flashback.org/t347489",
            "post_id": "post4534455",
            "username": "Dur3forS",
            "time_raw": "2006-07-11, 22:41 # 1",
            "confidence": 0.76,
            "comment": "Hej. Fick tips om en militäranläggning på Axgatan i Mölndal. Givetvis var jag tvungen att gå dit. Tyvärr var vi bara 2 stycken, och ingen lampa. Men vi hitta på toppen av berget massa små bunkrar, några större, en radiomast. Under radiomasten gick en tunnel rakt in i berget, den var uppen och man såg därinne en \"Nödutgångs\"-skylt. Vi ville inte gå in där eftersom det var kolsvart. Sedan fortsatte vi neråt för berget, tillslut nådde vi foten av..."
          }
        ],
        "source": "https://www.flashback.org/t347489",
        "thread_url": "https://www.flashback.org/t347489",
        "post_id": "post4534455",
        "username": "Dur3forS",
        "time_raw": "2006-07-11, 22:41 # 1",
        "confidence": 0.76,
        "comment": "Hej. Fick tips om en militäranläggning på Axgatan i Mölndal. Givetvis var jag tvungen att gå dit. Tyvärr var vi bara 2 stycken, och ingen lampa. Men vi hitta på toppen av berget massa små bunkrar, några större, en radiomast. Under radiomasten gick en tunnel rakt in i berget, den var uppen och man såg därinne en \"Nödutgångs\"-skylt. Vi ville inte gå in där eftersom det var kolsvart. Sedan fortsatte vi neråt för berget, tillslut nådde vi foten av..."
      }
    },
    {
      "type": "Feature",
      "geometry": {
        "type": "Point",
        "coordinates": [
          18.075732,
          59.3045804
        ]
      },
      "properties": {
        "id": "2ea32748a2af",
        "entity": "Eriksdalsbadet",
        "query": "Eriksdalsbadet, Sweden",
        "display_name": "Eriksdalsbadet, Hammarby Slussväg, Skanstull, Södermalm, Södermalms stadsdelsområde, Stockholm, Stockholms kommun, Stockholms län, 118 60, Sverige",
        "osm_type": "way",
        "osm_id": 14869751,
        "geocode_confidence": 0.306026056337308,
        "evidence": [
          {
            "source": "https://www.flashback.org/t103742",
            "thread_url": "https://www.flashback.org/t103742",
            "post_id": "post724026",
            "username": "Emeye",
            "time_raw": "2004-01-19, 16:53 # 12",
            "confidence": 0.68,
            "comment": "Jag var där i lördags me en polare, först gick jag genom Eriksdalstunneln (den man ser ifrån Eriksdalsbadet) och sedan vidare till SöS-tunneln. När jag kom fram till dörrarna som antagligen leder in till Sjukhusets källarlokaler (det lyste under en av dem) hördes det en massa ljud innifrån tunneln... kan vart tågen ute på pendellinjen, kan vart ue:are, kan vart luffare. Hursomhelst drog jag därifrån då... Ska återvända senare med minst 10 komp..."
          },
          {
            "source": "https://www.flashback.org/t103742p2",
            "thread_url": "https://www.flashback.org/t103742",
            "post_id": "post725120",
            "username": "Psykoz",
            "time_raw": "2004-01-20, 00:27 # 19",
            "confidence": 0.68,
            "comment": "Citat: Ursprungligen postat av Emeye Jag var där i lördags me en polare, först gick jag genom Eriksdalstunneln (den man ser ifrån Eriksdalsbadet) och sedan vidare till SöS-tunneln. När jag kom fram till dörrarna som antagligen leder in till Sjukhusets källarlokaler (det lyste under en av dem) hördes det en massa ljud innifrån tunneln... kan vart tågen ute på pendellinjen, kan vart ue:are, kan vart luffare. Hursomhelst drog jag därifrån då... S..."
          },
          {
            "source": "https://www.flashback.org/t3074043p2",
            "thread_url": "https://www.flashback.org/t3074043",
            "post_id": "post84086988",
            "username": "Psykadeluxe",
            "time_raw": "2023-04-08, 07:00 # 19",
            "confidence": 0.72,
            "comment": "Citat: Ursprungligen postat av Underjording Om det du säger stämmer.. Hur vet du att tunneln går till Hammarbyhöjden? Har du gått hela vägen? Vad är det för typ av tunnel? Jag har inte gått hela vägen i en sträcka men till och från så har jag öppnat upp luckor i området och då har det alltid verkat som om allt är sammankopplat under marken både inne i innerstan men också i kranskommunerna kring Stockholm. Och det verkar ju trovärdigt med tanke..."
          }
        ],
        "source": "https://www.flashback.org/t3074043p2",
        "thread_url": "https://www.flashback.org/t3074043",
        "post_id": "post84086988",
        "username": "Psykadeluxe",
        "time_raw": "2023-04-08, 07:00 # 19",
        "confidence": 0.72,
        "comment": "Citat: Ursprungligen postat av Underjording Om det du säger stämmer.. Hur vet du att tunneln går till Hammarbyhöjden? Har du gått hela vägen? Vad är det för typ av tunnel? Jag har inte gått hela vägen i en sträcka men till och från så har jag öppnat upp luckor i området och då har det alltid verkat som om allt är sammankopplat under marken både inne i innerstan men också i kranskommunerna kring Stockholm. Och det verkar ju trovärdigt med tanke..."
      }
    },
    {
      "type": "Feature",
      "geometry": {
        "type": "Point",
        "coordinates": [
          17.3743257,
          62.478371
        ]
      },
      "properties": {
        "id": "afd6d19c7f8a",
        "entity": "Eriksdals",
        "query": "Eriksdals, Sweden",
        "display_name": "Eriksdals herrgård, Eriksdal, Alnö kommundel, Alnö distrikt, Sundsvalls kommun, Västernorrlands län, Sverige",
        "osm_type": "way",
        "osm_id": 255282527,
        "geocode_confidence": 0.08005755321583884,
        "evidence": [
          {
            "source": "https://www.flashback.org/t103742p2",
            "thread_url": "https://www.flashback.org/t103742",
            "post_id": "post725120",
            "username": "Psykoz",
            "time_raw": "2004-01-20, 00:27 # 19",
            "confidence": 0.68,
            "comment": "Citat: Ursprungligen postat av Emeye Jag var där i lördags me en polare, först gick jag genom Eriksdalstunneln (den man ser ifrån Eriksdalsbadet) och sedan vidare till SöS-tunneln. När jag kom fram till dörrarna som antagligen leder in till Sjukhusets källarlokaler (det lyste under en av dem) hördes det en massa ljud innifrån tunneln... kan vart tågen ute på pendellinjen, kan vart ue:are, kan vart luffare. Hursomhelst drog jag därifrån då... S..."
          }
        ],
        "source": "https://www.flashback.org/t103742p2",
        "thread_url": "https://www.flashback.org/t103742",
        "post_id": "post725120",
        "username": "Psykoz",
        "time_raw": "2004-01-20, 00:27 # 19",
        "confidence": 0.68,
        "comment": "Citat: Ursprungligen postat av Emeye Jag var där i lördags me en polare, först gick jag genom Eriksdalstunneln (den man ser ifrån Eriksdalsbadet) och sedan vidare till SöS-tunneln. När jag kom fram till dörrarna som antagligen leder in till Sjukhusets källarlokaler (det lyste under en av dem) hördes det en massa ljud innifrån tunneln... kan vart tågen ute på pendellinjen, kan vart ue:are, kan vart luffare. Hursomhelst drog jag därifrån då... S..."
      }
    },
    {
      "type": "Feature",
      "geometry": {
        "type": "Point",
        "coordinates": [
          17.9171502,
          59.295421
        ]
      },
      "properties": {
        "id": "de52f4edf38c",
        "entity": "Gjort",
        "query": "Gjort, Sweden",
        "display_name": "Titta och känn på mönstret som barkborren nar gjort. Hur känns det?, Stora sällskapets stig, Sätra, Skärholmens stadsdelsområde, Stockholm, Stockholms kommun, Stockholms län, 127 30, Sverige",
        "osm_type": "node",
        "osm_id": 10923507374,
        "geocode_confidence": 8.40184634164495e-05,
        "evidence": [
          {
            "source": "https://www.flashback.org/t103742p2",
            "thread_url": "https://www.flashback.org/t103742",
            "post_id": "post725120",
            "username": "Psykoz",
            "time_raw": "2004-01-20, 00:27 # 19",
            "confidence": 0.68,
            "comment": "Citat: Ursprungligen postat av Emeye Jag var där i lördags me en polare, först gick jag genom Eriksdalstunneln (den man ser ifrån Eriksdalsbadet) och sedan vidare till SöS-tunneln. När jag kom fram till dörrarna som antagligen leder in till Sjukhusets källarlokaler (det lyste under en av dem) hördes det en massa ljud innifrån tunneln... kan vart tågen ute på pendellinjen, kan vart ue:are, kan vart luffare. Hursomhelst drog jag därifrån då... S..."
          }
        ],
        "source": "https://www.flashback.org/t103742p2",
        "thread_url": "https://www.flashback.org/t103742",
        "post_id": "post725120",
        "username": "Psykoz",
        "time_raw": "2004-01-20, 00:27 # 19",
        "confidence": 0.68,
        "comment": "Citat: Ursprungligen postat av Emeye Jag var där i lördags me en polare, först gick jag genom Eriksdalstunneln (den man ser ifrån Eriksdalsbadet) och sedan vidare till SöS-tunneln. När jag kom fram till dörrarna som antagligen leder in till Sjukhusets källarlokaler (det lyste under en av dem) hördes det en massa ljud innifrån tunneln... kan vart tågen ute på pendellinjen, kan vart ue:are, kan vart luffare. Hursomhelst drog jag därifrån då... S..."
      }
    },
    {
      "type": "Feature",
      "geometry": {
        "type": "Point",
        "coordinates": [
          11.9682877,
          57.6887664
        ]
      },
      "properties": {
        "id": "f4a2265e67da",
        "entity": "Har",
        "query": "Har, Sweden",
        "display_name": "Här, Wavrinskys Plats, Guldheden, Centrum, Göteborg, Göteborgs Stad, Västra Götalands län, 413 20, Sverige",
        "osm_type": "node",
        "osm_id": 1914131674,
        "geocode_confidence": 0.09078915819201436,
        "evidence": [
          {
            "source": "https://www.flashback.org/t103742p2",
            "thread_url": "https://www.flashback.org/t103742",
            "post_id": "post725120",
            "username": "Psykoz",
            "time_raw": "2004-01-20, 00:27 # 19",
            "confidence": 0.68,
            "comment": "Citat: Ursprungligen postat av Emeye Jag var där i lördags me en polare, först gick jag genom Eriksdalstunneln (den man ser ifrån Eriksdalsbadet) och sedan vidare till SöS-tunneln. När jag kom fram till dörrarna som antagligen leder in till Sjukhusets källarlokaler (det lyste under en av dem) hördes det en massa ljud innifrån tunneln... kan vart tågen ute på pendellinjen, kan vart ue:are, kan vart luffare. Hursomhelst drog jag därifrån då... S..."
          },
          {
            "source": "https://www.flashback.org/t282947",
            "thread_url": "https://www.flashback.org/t282947",
            "post_id": "post542450",
            "username": "Keel Lorentz",
            "time_raw": "2003-10-09, 13:06 # 9",
            "confidence": 0.64,
            "comment": "Finns ju bra mycket tunnlar under Katedralskolan, fast jag vet inte hur lätt det är att komma åt dom efter dom byggt om i källaren. Har ju alltid gått rykten om att det går att ta sig hela vägen bort till teknikum men jag vet inte hur mycket sanning det ligger i det, var dock nere under katedral när dom höll på att bygga om för ett antal år sedan och tunnlarna verkade sträcka sig rätt långt. Under torget sägs det också att det finns tunnlar so..."
          },
          {
            "source": "https://www.flashback.org/t282947p2",
            "thread_url": "https://www.flashback.org/t282947",
            "post_id": "post543837",
            "username": "Krokodildon",
            "time_raw": "2003-10-10, 10:57 # 13",
            "confidence": 0.96,
            "comment": "Citat: Ursprungligen postat av Keel Lorentz Finns ju bra mycket tunnlar under Katedralskolan, fast jag vet inte hur lätt det är att komma åt dom efter dom byggt om i källaren. Har ju alltid gått rykten om att det går att ta sig hela vägen bort till teknikum men jag vet inte hur mycket sanning det ligger i det, var dock nere under katedral när dom höll på att bygga om för ett antal år sedan och tunnlarna verkade sträcka sig rätt långt. Under to..."
          },
          {
            "source": "https://www.flashback.org/t1690739",
            "thread_url": "https://www.flashback.org/t1690739",
            "post_id": "post33564892",
            "username": "Xennah",
            "time_raw": "2011-10-20, 12:49 # 1",
            "confidence": 0.64,
            "comment": "Har sökt en del men tänkte att det kanske finns intresse för en ny tråd? Själv vet jag om att det finns en del nedlagda industrier, och att det går kulvertar under det gamla lasarettet där det är lägenheter och skola idag, är mest intresserad av kulvertarna. Någon som vet mera om dessa? Någon här som har kanske jobbat där eller liknande? Finns nog en hel del roligt där nere, och lyckas jag på något sätt ta mig ner ska jag givetvis dokumentera..."
          },
          {
            "source": "https://www.flashback.org/t1690739",
            "thread_url": "https://www.flashback.org/t1690739",
            "post_id": "post33757512",
            "username": "Pussylover",
            "time_raw": "2011-10-31, 07:38 # 5",
            "confidence": 0.48,
            "comment": "Citat: Ursprungligen postat av Fidde123 Har hört att det ska finnas en gång under jord mellan Ya flygfält till finnvedsskolan i Värnamo! låter dock ganska osanolikt! Måste vara en sjujäkla gång det på minst 1,5 mil förbi vattendrag också. Osannolikt som du skriver"
          },
          {
            "source": "https://www.flashback.org/t1690739p2",
            "thread_url": "https://www.flashback.org/t1690739",
            "post_id": "post93688153",
            "username": "von-tratt",
            "time_raw": "2025-12-08, 04:34 # 20",
            "confidence": 0.76,
            "comment": "Citat: Ursprungligen postat av Hampthy Njae, skulle varit användbart. Men i och med att det bor folk i huset intill så lär det höras. Bäst att leta med metalldetektor efter armeringen, eller söka sig fram med järnspett. Ska försöka ta reda på lite mer exakt vars inslaget har legat Jag är jävligt sugen på att hitta inslaget. Har tillgång till metalldetektor och bor i närheten Om du skulle vilja göra slag i saken. Det finns ju en annan militär m..."
          },
          {
            "source": "https://www.flashback.org/t1690739p2",
            "thread_url": "https://www.flashback.org/t1690739",
            "post_id": "post94997526",
            "username": "Hampthy",
            "time_raw": "2026-05-18, 23:17 # 21",
            "confidence": 0.76,
            "comment": "Citat: Ursprungligen postat av von-tratt Jag är jävligt sugen på att hitta inslaget. Har tillgång till metalldetektor och bor i närheten Om du skulle vilja göra slag i saken. Det finns ju en annan militär mast utanför Värnamo som inte har varit i bruk på rätt många decennier antar jag. Hör dessa två ihop på något vis? Hade nog mer klassat det som ingång, eftersom att det var en \"vanlig\" trappa ner i marken. Lär ligga på den platta ytan där. Ha..."
          },
          {
            "source": "https://www.flashback.org/t3618848",
            "thread_url": "https://www.flashback.org/t3618848",
            "post_id": "post88916066",
            "username": "Caasimolar",
            "time_raw": "2024-07-19, 02:21 # 1",
            "confidence": 0.48,
            "comment": "Hur är det nu för tiden med den såkallade ådalstunneln som går mellan Nyland - Svalltornet - Väja - Kramfors. Vart kommer man in lättast? Har hört att det ska finnas en väg in på nylandsberget men är osäker om det stämmer. Har varit där å kollat lite finns en metalldörr in i bergsväggen ifall man går upp höger när man kommit till parkeringen."
          },
          {
            "source": "https://www.flashback.org/t3618848",
            "thread_url": "https://www.flashback.org/t3618848",
            "post_id": "post89535363",
            "username": "Caasimolar",
            "time_raw": "2024-09-16, 12:35 # 3",
            "confidence": 0.72,
            "comment": "Citat: Ursprungligen postat av daskyrn Har du kommit någonvart i detta? Nyfiken Var uppe på bruksberget i kramfors, Fanns en stor igenteglad kub som jag lyckades ta mig in i. Inne i den kuben gick det en lucka och en stege ner i en jättestor vattenkammare. Klättrade ner i vattenkammaren och i golvet var det ett enormt rör där det gick ner ett rep. Klättrade ner i röret som gick en bit sen böjde röret sig rakt ner några hundra meter så vågade i..."
          },
          {
            "source": "https://www.flashback.org/t2167471p2",
            "thread_url": "https://www.flashback.org/t2167471",
            "post_id": "post44171943",
            "username": "Muffincaek",
            "time_raw": "2013-07-04, 17:21 # 23",
            "confidence": 0.72,
            "comment": "Citat: Ursprungligen postat av DenSomSoker Tackar för infon och bilderna! Uppgiften utförd med MVG! Skön lirare på gården, med tanke på hans hetsiga humör så dolde han säkert något! Ni får smyga runt i skogen med kikare och avslöja honom! Haha Tackar tackar! och tack för tipset, även om det inte var så mycket så är det alltid roligt att utforska! Längre upp på vägen förbi skyddet vid vändplatsen gick vi längst en övervuxen väg i hopp om att fi..."
          },
          {
            "source": "https://www.flashback.org/t3729743",
            "thread_url": "https://www.flashback.org/t3729743",
            "post_id": "post94934175",
            "username": "L01x",
            "time_raw": "2026-05-10, 18:22 # 1",
            "confidence": 0.56,
            "comment": "Jaha, det här känns lite som ett långskott men jag och en polare söker platser i Stockholmsområdet för UE. Jag känner till de gamla hederliga som SÖS tunneln (dock kan jag ingen ingång som är åtkomlig), tidigare Akay och Tariq som numera verkar vara rivna iom Slussen-bygget. Har även hört att det ska finnas diverse bergrum vid Loudden vid Gärdet och även på Beckholmen. Jag skulle uppskatta om någon kunde berätta om lite ställen och vad det fin..."
          },
          {
            "source": "https://www.flashback.org/t435500p2",
            "thread_url": "https://www.flashback.org/t435500",
            "post_id": "post7863493",
            "username": "Domedagen",
            "time_raw": "2007-07-31, 04:42 # 13",
            "confidence": 0.64,
            "comment": "ST lars sjukhus... Hoppas dom inte forstort hela omradet med nya bostader. flrr i tiden va det riktigt ruskigt.. Finns sakert ngt kvar Har for mig att finns ngn lucka vid mejeriet.. ni som bor i lund vet vad jag menar... ta promenad i hmm vad heter den.. parken... bredvid mejeriet.. finns luckor runtomkring ocksa.. Sen har du badhuset minns ej namn heller.. ... Finns MASSA"
          },
          {
            "source": "https://www.flashback.org/t435500p2",
            "thread_url": "https://www.flashback.org/t435500",
            "post_id": "post7976094",
            "username": "Skez",
            "time_raw": "2007-08-11, 02:57 # 15",
            "confidence": 0.64,
            "comment": "Citat: Ursprungligen postat av Domedagen ST lars sjukhus... Hoppas dom inte forstort hela omradet med nya bostader. flrr i tiden va det riktigt ruskigt.. Finns sakert ngt kvar Har for mig att finns ngn lucka vid mejeriet.. ni som bor i lund vet vad jag menar... ta promenad i hmm vad heter den.. parken... bredvid mejeriet.. finns luckor runtomkring ocksa.. Sen har du badhuset minns ej namn heller.. ... Finns MASSA Så du menar att dem luckorna i..."
          },
          {
            "source": "https://www.flashback.org/t3699472",
            "thread_url": "https://www.flashback.org/t3699472",
            "post_id": "post93218802",
            "username": "Flygandekatten",
            "time_raw": "2025-10-14, 17:35 # 1",
            "confidence": 0.56,
            "comment": "För ett par månader sen var jag och några polare ute och drev runt i Stockholm, när vi helt spontant bestämde oss för att försöka ta oss in i Katarinabergets bunker. Vi trodde helt ärligt inte att det skulle gå  det är ju en fullt aktiv anläggning mitt i stan, med massor av kameror och larm. Men på något sjukt sätt kom vi in. Mitt på dagen, runt kl 13. Inga masker, inga avancerade planer  det bara hände. Väl där inne blev det snabbt tydligt..."
          },
          {
            "source": "https://www.flashback.org/t3699472p2",
            "thread_url": "https://www.flashback.org/t3699472",
            "post_id": "post93219701",
            "username": "AskMeAboutJesus",
            "time_raw": "2025-10-14, 19:16 # 16",
            "confidence": 0.56,
            "comment": "Citat: Ursprungligen postat av Flygandekatten Spoiler För ett par månader sen var jag och några polare ute och drev runt i Stockholm, när vi helt spontant bestämde oss för att försöka ta oss in i Katarinabergets bunker. Vi trodde helt ärligt inte att det skulle gå  det är ju en fullt aktiv anläggning mitt i stan, med massor av kameror och larm. Men på något sjukt sätt kom vi in. Mitt på dagen, runt kl 13. Inga masker, inga avancerade planer ..."
          },
          {
            "source": "https://www.flashback.org/t3699472p2",
            "thread_url": "https://www.flashback.org/t3699472",
            "post_id": "post93219968",
            "username": "respektive",
            "time_raw": "2025-10-14, 19:44 # 19",
            "confidence": 0.56,
            "comment": "Varför är inlägget skrivet med ChatGPT eller annan motsvarande tjänst? Det gör att trovärdigheten sjunker direkt. Citat: Ursprungligen postat av Flygandekatten För ett par månader sen var jag och några polare ute och drev runt i Stockholm, när vi helt spontant bestämde oss för att försöka ta oss in i Katarinabergets bunker. Vi trodde helt ärligt inte att det skulle gå  det är ju en fullt aktiv anläggning mitt i stan, med massor av kameror och..."
          },
          {
            "source": "https://www.flashback.org/t3725204",
            "thread_url": "https://www.flashback.org/t3725204",
            "post_id": "post94691018",
            "username": "Duvermongo",
            "time_raw": "2026-04-05, 17:00 # 1",
            "confidence": 0.56,
            "comment": "Tja! Jag och en polare tänker göra en roadtrip till öst tyskland för att hitta coola ställen att utforska samt fotografera! Har någon tips på något coolt ställe nere i öst tyskland? Öst europa skulle funka med! Helst fabriker eller bunkrar."
          },
          {
            "source": "https://www.flashback.org/t2225405",
            "thread_url": "https://www.flashback.org/t2225405",
            "post_id": "post648275",
            "username": "Urban U",
            "time_raw": "2003-12-10, 15:50 # 1",
            "confidence": 0.56,
            "comment": "Har för mig att det fanns nån tråd om Kymlinge men hittar den inte. Här kommer lite länkar om denna underliga station: http://www.kynerd.nu/Tunnelbanan/Kymlinge.html http://susning.nu/Kymlinge_Witch_Project En film om Kumlinge (har inte sett den själv) http://anders.hultman.nu/film/kwp/kwp2000.mov"
          },
          {
            "source": "https://www.flashback.org/t1421697",
            "thread_url": "https://www.flashback.org/t1421697",
            "post_id": "post28186141",
            "username": "Mcnoodles",
            "time_raw": "2011-01-12, 22:53 # 4",
            "confidence": 0.48,
            "comment": "Ska finnas en tråd till hittade dock inte den. Det är även som det nämns i tråden att dom flesta gångarna inte existerar längre eller kräver nyckel. Har själv försökt komma in där genom skolan"
          },
          {
            "source": "https://www.flashback.org/t1421697",
            "thread_url": "https://www.flashback.org/t1421697",
            "post_id": "post28186990",
            "username": "swepoman",
            "time_raw": "2011-01-12, 23:27 # 9",
            "confidence": 0.68,
            "comment": "Citat: Ursprungligen postat av prudens Sankta Maria sjukhus var ett spännande hospital. Vet en hel del om detta ställe. Kulvertsystemet var som en liten värld i världen... Fanns även stora vindar belamrade med \"redskap\" från den experimentella eran av hospitalets historia. Intressant ställe. Har du mer information om exprimenten du vill dela med dig av? =)"
          },
          {
            "source": "https://www.flashback.org/t359143",
            "thread_url": "https://www.flashback.org/t359143",
            "post_id": "post9130232",
            "username": "Pendeltåg",
            "time_raw": "2007-11-29, 22:53 # 5",
            "confidence": 0.84,
            "comment": "Citat: Ursprungligen postat av Ayah Ganska ballt ställe faktiskt. Bilder kan läggas upp om ni är intresserade.Någon som vet något mera om det här stället? Har du kvar bilderna? Skulle vara kul att se! Besökte aldrig området själv tyvärr. totalt fanns där C:a 1,7 mil med minkhus, vilka såldes och exporterades till Ryssland. Fabrikshuset du såg kanske var frysanläggningen de hade där? Den användes till att frysa in minkmat med. Mycket av slakter..."
          },
          {
            "source": "https://www.flashback.org/t3074043p2",
            "thread_url": "https://www.flashback.org/t3074043",
            "post_id": "post83053807",
            "username": "Underjording",
            "time_raw": "2023-01-09, 17:46 # 18",
            "confidence": 0.68,
            "comment": "Citat: Ursprungligen postat av Psykadeluxe Råkade skicka svar innan jag var klar.. Iaf, där nere så är det inga kameror och du kommer inte stöta på nån vakt eller så, och i princip låta hur mycket som helst utan att det skulle uppmärksammas. Dit ner tog jag en mindre svets på en pirra som jag för övrigt hittade bakom stängslet på ett mindre bygge, ett plan upp jag öppnar upp dörren genom att göra ett hål som jag kom igenom efter att ha kylt..."
          },
          {
            "source": "https://www.flashback.org/t3074043p2",
            "thread_url": "https://www.flashback.org/t3074043",
            "post_id": "post84086988",
            "username": "Psykadeluxe",
            "time_raw": "2023-04-08, 07:00 # 19",
            "confidence": 0.72,
            "comment": "Citat: Ursprungligen postat av Underjording Om det du säger stämmer.. Hur vet du att tunneln går till Hammarbyhöjden? Har du gått hela vägen? Vad är det för typ av tunnel? Jag har inte gått hela vägen i en sträcka men till och från så har jag öppnat upp luckor i området och då har det alltid verkat som om allt är sammankopplat under marken både inne i innerstan men också i kranskommunerna kring Stockholm. Och det verkar ju trovärdigt med tanke..."
          }
        ],
        "source": "https://www.flashback.org/t3074043p2",
        "thread_url": "https://www.flashback.org/t3074043",
        "post_id": "post84086988",
        "username": "Psykadeluxe",
        "time_raw": "2023-04-08, 07:00 # 19",
        "confidence": 0.72,
        "comment": "Citat: Ursprungligen postat av Underjording Om det du säger stämmer.. Hur vet du att tunneln går till Hammarbyhöjden? Har du gått hela vägen? Vad är det för typ av tunnel? Jag har inte gått hela vägen i en sträcka men till och från så har jag öppnat upp luckor i området och då har det alltid verkat som om allt är sammankopplat under marken både inne i innerstan men också i kranskommunerna kring Stockholm. Och det verkar ju trovärdigt med tanke..."
      }
    },
    {
      "type": "Feature",
      "geometry": {
        "type": "Point",
        "coordinates": [
          13.1901641,
          55.7004088
        ]
      },
      "properties": {
        "id": "72b6a2afbf38",
        "entity": "Katedralskolan",
        "query": "Katedralskolan, Sweden",
        "display_name": "Katedralskolan, Staffans gränd, Stadskärnan, Centrum, Lund, Lunds kommun, Skåne län, 222 23, Sverige",
        "osm_type": "way",
        "osm_id": 148742477,
        "geocode_confidence": 0.34008951795700365,
        "evidence": [
          {
            "source": "https://www.flashback.org/t282947",
            "thread_url": "https://www.flashback.org/t282947",
            "post_id": "post542450",
            "username": "Keel Lorentz",
            "time_raw": "2003-10-09, 13:06 # 9",
            "confidence": 0.64,
            "comment": "Finns ju bra mycket tunnlar under Katedralskolan, fast jag vet inte hur lätt det är att komma åt dom efter dom byggt om i källaren. Har ju alltid gått rykten om att det går att ta sig hela vägen bort till teknikum men jag vet inte hur mycket sanning det ligger i det, var dock nere under katedral när dom höll på att bygga om för ett antal år sedan och tunnlarna verkade sträcka sig rätt långt. Under torget sägs det också att det finns tunnlar so..."
          },
          {
            "source": "https://www.flashback.org/t282947p2",
            "thread_url": "https://www.flashback.org/t282947",
            "post_id": "post543837",
            "username": "Krokodildon",
            "time_raw": "2003-10-10, 10:57 # 13",
            "confidence": 0.96,
            "comment": "Citat: Ursprungligen postat av Keel Lorentz Finns ju bra mycket tunnlar under Katedralskolan, fast jag vet inte hur lätt det är att komma åt dom efter dom byggt om i källaren. Har ju alltid gått rykten om att det går att ta sig hela vägen bort till teknikum men jag vet inte hur mycket sanning det ligger i det, var dock nere under katedral när dom höll på att bygga om för ett antal år sedan och tunnlarna verkade sträcka sig rätt långt. Under to..."
          }
        ],
        "source": "https://www.flashback.org/t282947p2",
        "thread_url": "https://www.flashback.org/t282947",
        "post_id": "post543837",
        "username": "Krokodildon",
        "time_raw": "2003-10-10, 10:57 # 13",
        "confidence": 0.96,
        "comment": "Citat: Ursprungligen postat av Keel Lorentz Finns ju bra mycket tunnlar under Katedralskolan, fast jag vet inte hur lätt det är att komma åt dom efter dom byggt om i källaren. Har ju alltid gått rykten om att det går att ta sig hela vägen bort till teknikum men jag vet inte hur mycket sanning det ligger i det, var dock nere under katedral när dom höll på att bygga om för ett antal år sedan och tunnlarna verkade sträcka sig rätt långt. Under to..."
      }
    },
    {
      "type": "Feature",
      "geometry": {
        "type": "Point",
        "coordinates": [
          18.7145196,
          63.2880587
        ]
      },
      "properties": {
        "id": "bcffffed0d17",
        "entity": "Statt",
        "query": "Statt, Sweden",
        "display_name": "Statt, Lasarettsgatan, Valhalla, Örnsköldsviks distrikt, Örnsköldsviks kommun, Västernorrlands län, 891 34, Sverige",
        "osm_type": "node",
        "osm_id": 626384113,
        "geocode_confidence": 6.052872510867502e-05,
        "evidence": [
          {
            "source": "https://www.flashback.org/t282947",
            "thread_url": "https://www.flashback.org/t282947",
            "post_id": "post542450",
            "username": "Keel Lorentz",
            "time_raw": "2003-10-09, 13:06 # 9",
            "confidence": 0.64,
            "comment": "Finns ju bra mycket tunnlar under Katedralskolan, fast jag vet inte hur lätt det är att komma åt dom efter dom byggt om i källaren. Har ju alltid gått rykten om att det går att ta sig hela vägen bort till teknikum men jag vet inte hur mycket sanning det ligger i det, var dock nere under katedral när dom höll på att bygga om för ett antal år sedan och tunnlarna verkade sträcka sig rätt långt. Under torget sägs det också att det finns tunnlar so..."
          },
          {
            "source": "https://www.flashback.org/t282947p2",
            "thread_url": "https://www.flashback.org/t282947",
            "post_id": "post543837",
            "username": "Krokodildon",
            "time_raw": "2003-10-10, 10:57 # 13",
            "confidence": 0.96,
            "comment": "Citat: Ursprungligen postat av Keel Lorentz Finns ju bra mycket tunnlar under Katedralskolan, fast jag vet inte hur lätt det är att komma åt dom efter dom byggt om i källaren. Har ju alltid gått rykten om att det går att ta sig hela vägen bort till teknikum men jag vet inte hur mycket sanning det ligger i det, var dock nere under katedral när dom höll på att bygga om för ett antal år sedan och tunnlarna verkade sträcka sig rätt långt. Under to..."
          }
        ],
        "source": "https://www.flashback.org/t282947p2",
        "thread_url": "https://www.flashback.org/t282947",
        "post_id": "post543837",
        "username": "Krokodildon",
        "time_raw": "2003-10-10, 10:57 # 13",
        "confidence": 0.96,
        "comment": "Citat: Ursprungligen postat av Keel Lorentz Finns ju bra mycket tunnlar under Katedralskolan, fast jag vet inte hur lätt det är att komma åt dom efter dom byggt om i källaren. Har ju alltid gått rykten om att det går att ta sig hela vägen bort till teknikum men jag vet inte hur mycket sanning det ligger i det, var dock nere under katedral när dom höll på att bygga om för ett antal år sedan och tunnlarna verkade sträcka sig rätt långt. Under to..."
      }
    },
    {
      "type": "Feature",
      "geometry": {
        "type": "Point",
        "coordinates": [
          15.577781,
          58.3997051
        ]
      },
      "properties": {
        "id": "26ddb64f8507",
        "entity": "Något",
        "query": "Något, Sweden",
        "display_name": "Något, Corson, Västra Valla, Linköpings domkyrkodistrikt, Linköping, Linköpings kommun, Östergötlands län, 581 83, Sverige",
        "osm_type": "node",
        "osm_id": 4183978655,
        "geocode_confidence": 6.607690547031384e-05,
        "evidence": [
          {
            "source": "https://www.flashback.org/t282947",
            "thread_url": "https://www.flashback.org/t282947",
            "post_id": "post542450",
            "username": "Keel Lorentz",
            "time_raw": "2003-10-09, 13:06 # 9",
            "confidence": 0.64,
            "comment": "Finns ju bra mycket tunnlar under Katedralskolan, fast jag vet inte hur lätt det är att komma åt dom efter dom byggt om i källaren. Har ju alltid gått rykten om att det går att ta sig hela vägen bort till teknikum men jag vet inte hur mycket sanning det ligger i det, var dock nere under katedral när dom höll på att bygga om för ett antal år sedan och tunnlarna verkade sträcka sig rätt långt. Under torget sägs det också att det finns tunnlar so..."
          },
          {
            "source": "https://www.flashback.org/t282947p2",
            "thread_url": "https://www.flashback.org/t282947",
            "post_id": "post543837",
            "username": "Krokodildon",
            "time_raw": "2003-10-10, 10:57 # 13",
            "confidence": 0.96,
            "comment": "Citat: Ursprungligen postat av Keel Lorentz Finns ju bra mycket tunnlar under Katedralskolan, fast jag vet inte hur lätt det är att komma åt dom efter dom byggt om i källaren. Har ju alltid gått rykten om att det går att ta sig hela vägen bort till teknikum men jag vet inte hur mycket sanning det ligger i det, var dock nere under katedral när dom höll på att bygga om för ett antal år sedan och tunnlarna verkade sträcka sig rätt långt. Under to..."
          }
        ],
        "source": "https://www.flashback.org/t282947p2",
        "thread_url": "https://www.flashback.org/t282947",
        "post_id": "post543837",
        "username": "Krokodildon",
        "time_raw": "2003-10-10, 10:57 # 13",
        "confidence": 0.96,
        "comment": "Citat: Ursprungligen postat av Keel Lorentz Finns ju bra mycket tunnlar under Katedralskolan, fast jag vet inte hur lätt det är att komma åt dom efter dom byggt om i källaren. Har ju alltid gått rykten om att det går att ta sig hela vägen bort till teknikum men jag vet inte hur mycket sanning det ligger i det, var dock nere under katedral när dom höll på att bygga om för ett antal år sedan och tunnlarna verkade sträcka sig rätt långt. Under to..."
      }
    },
    {
      "type": "Feature",
      "geometry": {
        "type": "Point",
        "coordinates": [
          16.1480899,
          58.5812314
        ]
      },
      "properties": {
        "id": "7e8f3524cfb7",
        "entity": "Och",
        "query": "Och, Sweden",
        "display_name": "Sveriges meteorologiska och hydrologiska institut, 1, Folkborgsvägen, Klockaretorpet, Norrköping, Norrköpings kommun, Östergötlands län, 601 76, Sverige",
        "osm_type": "node",
        "osm_id": 4743840719,
        "geocode_confidence": 0.6868860346709234,
        "evidence": [
          {
            "source": "https://www.flashback.org/t282947",
            "thread_url": "https://www.flashback.org/t282947",
            "post_id": "post542575",
            "username": "Krokodildon",
            "time_raw": "2003-10-09, 14:55 # 11",
            "confidence": 0.76,
            "comment": "Citat: Ursprungligen postat av cbe kroko: nee du... hade inte tänkt nått sånnt, inte ens detaljer, var mer intresserad av vad eller vem den tillhörde. Jag trodde inte det var nån speciell aktivitet i växjö längre, mer än det på aerotech. Det är en anläggning för lagring, under 2:a världskriget var det en underjordisk ammunitionsfabrik. Och med tanke på saker som militären lagrar, kan du ju fundera på vilka säkerhetsåtgärder där finns. Om jag s..."
          },
          {
            "source": "https://www.flashback.org/t1690739",
            "thread_url": "https://www.flashback.org/t1690739",
            "post_id": "post33565347",
            "username": "-SWE-ViGGEN",
            "time_raw": "2011-10-20, 13:18 # 2",
            "confidence": 0.92,
            "comment": "Citat: Ursprungligen postat av Xennah Har sökt en del men tänkte att det kanske finns intresse för en ny tråd? Själv vet jag om att det finns en del nedlagda industrier, och att det går kulvertar under det gamla lasarettet där det är lägenheter och skola idag, är mest intresserad av kulvertarna. Någon som vet mera om dessa? Någon här som har kanske jobbat där eller liknande? Finns nog en hel del roligt där nere, och lyckas jag på något sätt ta..."
          },
          {
            "source": "https://www.flashback.org/t1690739",
            "thread_url": "https://www.flashback.org/t1690739",
            "post_id": "post33566240",
            "username": "Xennah",
            "time_raw": "2011-10-20, 14:08 # 3",
            "confidence": 0.96,
            "comment": "Citat: Ursprungligen postat av -SWE-ViGGEN Här är lite info om kulvertarna i Värnamo, hoppas det hjälper. http://www.olssonlinder.se/documents/content/Varnamosjukhus060228.pdf Och här har du någons hemsida om öde och nedlagt i Värnamo http://www.jasifil.se/abandoned.html Tackar, fin läsning på andra länken! Den översta länken handlar dock om sjukhuset i Värnamo, det som fortfarande är i full bruk. Det jag är ute efter är det gamla lasarettet s..."
          },
          {
            "source": "https://www.flashback.org/t347489",
            "thread_url": "https://www.flashback.org/t347489",
            "post_id": "post4534455",
            "username": "Dur3forS",
            "time_raw": "2006-07-11, 22:41 # 1",
            "confidence": 0.76,
            "comment": "Hej. Fick tips om en militäranläggning på Axgatan i Mölndal. Givetvis var jag tvungen att gå dit. Tyvärr var vi bara 2 stycken, och ingen lampa. Men vi hitta på toppen av berget massa små bunkrar, några större, en radiomast. Under radiomasten gick en tunnel rakt in i berget, den var uppen och man såg därinne en \"Nödutgångs\"-skylt. Vi ville inte gå in där eftersom det var kolsvart. Sedan fortsatte vi neråt för berget, tillslut nådde vi foten av..."
          },
          {
            "source": "https://www.flashback.org/t3074043p2",
            "thread_url": "https://www.flashback.org/t3074043",
            "post_id": "post84086988",
            "username": "Psykadeluxe",
            "time_raw": "2023-04-08, 07:00 # 19",
            "confidence": 0.72,
            "comment": "Citat: Ursprungligen postat av Underjording Om det du säger stämmer.. Hur vet du att tunneln går till Hammarbyhöjden? Har du gått hela vägen? Vad är det för typ av tunnel? Jag har inte gått hela vägen i en sträcka men till och från så har jag öppnat upp luckor i området och då har det alltid verkat som om allt är sammankopplat under marken både inne i innerstan men också i kranskommunerna kring Stockholm. Och det verkar ju trovärdigt med tanke..."
          },
          {
            "source": "https://www.flashback.org/t19834p2",
            "thread_url": "https://www.flashback.org/t19834",
            "post_id": "post135077",
            "username": "äldre konto (old)",
            "time_raw": "2003-06-26, 01:01 # 17",
            "confidence": 0.84,
            "comment": "Från kulvertarna under Chalmers går det att ta sig bort till Majorna (Mariaplan) enligt uppgift. Såna här små böjda gröna luftintag avslöjar ju rätt mycket om underjordiska tunnlar sträckningar. Dom går ju att se i t.ex. Gårda (runt Ullevi, längs fabriksgatan). Ute i Kortedala och Bergsjön finns det också en hel del såna. Vid berget vid SKF (på vänster sida strax innan Bellevue, från stan sett) finns ju fyra eller fem stora portar rakt in i be..."
          }
        ],
        "source": "https://www.flashback.org/t19834p2",
        "thread_url": "https://www.flashback.org/t19834",
        "post_id": "post135077",
        "username": "äldre konto (old)",
        "time_raw": "2003-06-26, 01:01 # 17",
        "confidence": 0.84,
        "comment": "Från kulvertarna under Chalmers går det att ta sig bort till Majorna (Mariaplan) enligt uppgift. Såna här små böjda gröna luftintag avslöjar ju rätt mycket om underjordiska tunnlar sträckningar. Dom går ju att se i t.ex. Gårda (runt Ullevi, längs fabriksgatan). Ute i Kortedala och Bergsjön finns det också en hel del såna. Vid berget vid SKF (på vänster sida strax innan Bellevue, från stan sett) finns ju fyra eller fem stora portar rakt in i be..."
      }
    },
    {
      "type": "Feature",
      "geometry": {
        "type": "Point",
        "coordinates": [
          -0.1602537,
          51.5189287
        ]
      },
      "properties": {
        "id": "bdb45929d84e",
        "entity": "Min",
        "query": "Min, Sweden",
        "display_name": "Embassy of Sweden, 11, Montagu Place, Marylebone, City of Westminster, Greater London, England, W1H 2AL, United Kingdom",
        "osm_type": "way",
        "osm_id": 202352317,
        "geocode_confidence": 0.39542339164457335,
        "evidence": [
          {
            "source": "https://www.flashback.org/t282947p2",
            "thread_url": "https://www.flashback.org/t282947",
            "post_id": "post543837",
            "username": "Krokodildon",
            "time_raw": "2003-10-10, 10:57 # 13",
            "confidence": 0.96,
            "comment": "Citat: Ursprungligen postat av Keel Lorentz Finns ju bra mycket tunnlar under Katedralskolan, fast jag vet inte hur lätt det är att komma åt dom efter dom byggt om i källaren. Har ju alltid gått rykten om att det går att ta sig hela vägen bort till teknikum men jag vet inte hur mycket sanning det ligger i det, var dock nere under katedral när dom höll på att bygga om för ett antal år sedan och tunnlarna verkade sträcka sig rätt långt. Under to..."
          },
          {
            "source": "https://www.flashback.org/t2167471p2",
            "thread_url": "https://www.flashback.org/t2167471",
            "post_id": "post44171943",
            "username": "Muffincaek",
            "time_raw": "2013-07-04, 17:21 # 23",
            "confidence": 0.72,
            "comment": "Citat: Ursprungligen postat av DenSomSoker Tackar för infon och bilderna! Uppgiften utförd med MVG! Skön lirare på gården, med tanke på hans hetsiga humör så dolde han säkert något! Ni får smyga runt i skogen med kikare och avslöja honom! Haha Tackar tackar! och tack för tipset, även om det inte var så mycket så är det alltid roligt att utforska! Längre upp på vägen förbi skyddet vid vändplatsen gick vi längst en övervuxen väg i hopp om att fi..."
          }
        ],
        "source": "https://www.flashback.org/t2167471p2",
        "thread_url": "https://www.flashback.org/t2167471",
        "post_id": "post44171943",
        "username": "Muffincaek",
        "time_raw": "2013-07-04, 17:21 # 23",
        "confidence": 0.72,
        "comment": "Citat: Ursprungligen postat av DenSomSoker Tackar för infon och bilderna! Uppgiften utförd med MVG! Skön lirare på gården, med tanke på hans hetsiga humör så dolde han säkert något! Ni får smyga runt i skogen med kikare och avslöja honom! Haha Tackar tackar! och tack för tipset, även om det inte var så mycket så är det alltid roligt att utforska! Längre upp på vägen förbi skyddet vid vändplatsen gick vi längst en övervuxen väg i hopp om att fi..."
      }
    },
    {
      "type": "Feature",
      "geometry": {
        "type": "Point",
        "coordinates": [
          14.8169172,
          56.8829794
        ]
      },
      "properties": {
        "id": "ebba4d0b85be",
        "entity": "Teknikum",
        "query": "Teknikum, Sweden",
        "display_name": "Teknikum, 6, Gamla Norrvägen, Gamla Norr, Norr, Växjö, Växjö kommun, Kronobergs län, 352 43, Sverige",
        "osm_type": "node",
        "osm_id": 1194735215,
        "geocode_confidence": 0.20813244289121335,
        "evidence": [
          {
            "source": "https://www.flashback.org/t282947p2",
            "thread_url": "https://www.flashback.org/t282947",
            "post_id": "post543837",
            "username": "Krokodildon",
            "time_raw": "2003-10-10, 10:57 # 13",
            "confidence": 0.96,
            "comment": "Citat: Ursprungligen postat av Keel Lorentz Finns ju bra mycket tunnlar under Katedralskolan, fast jag vet inte hur lätt det är att komma åt dom efter dom byggt om i källaren. Har ju alltid gått rykten om att det går att ta sig hela vägen bort till teknikum men jag vet inte hur mycket sanning det ligger i det, var dock nere under katedral när dom höll på att bygga om för ett antal år sedan och tunnlarna verkade sträcka sig rätt långt. Under to..."
          }
        ],
        "source": "https://www.flashback.org/t282947p2",
        "thread_url": "https://www.flashback.org/t282947",
        "post_id": "post543837",
        "username": "Krokodildon",
        "time_raw": "2003-10-10, 10:57 # 13",
        "confidence": 0.96,
        "comment": "Citat: Ursprungligen postat av Keel Lorentz Finns ju bra mycket tunnlar under Katedralskolan, fast jag vet inte hur lätt det är att komma åt dom efter dom byggt om i källaren. Har ju alltid gått rykten om att det går att ta sig hela vägen bort till teknikum men jag vet inte hur mycket sanning det ligger i det, var dock nere under katedral när dom höll på att bygga om för ett antal år sedan och tunnlarna verkade sträcka sig rätt långt. Under to..."
      }
    },
    {
      "type": "Feature",
      "geometry": {
        "type": "Point",
        "coordinates": [
          15.6163251,
          58.415664
        ]
      },
      "properties": {
        "id": "76a5e7bf1808",
        "entity": "Katedral-",
        "query": "Katedral-, Sweden",
        "display_name": "Katedralskolan, 20, Platensgatan, Vasastaden, Linköpings domkyrkodistrikt, Linköping, Linköpings kommun, Östergötlands län, 582 18, Sverige",
        "osm_type": "way",
        "osm_id": 90885123,
        "geocode_confidence": 0.33113623856093605,
        "evidence": [
          {
            "source": "https://www.flashback.org/t282947p2",
            "thread_url": "https://www.flashback.org/t282947",
            "post_id": "post543837",
            "username": "Krokodildon",
            "time_raw": "2003-10-10, 10:57 # 13",
            "confidence": 0.96,
            "comment": "Citat: Ursprungligen postat av Keel Lorentz Finns ju bra mycket tunnlar under Katedralskolan, fast jag vet inte hur lätt det är att komma åt dom efter dom byggt om i källaren. Har ju alltid gått rykten om att det går att ta sig hela vägen bort till teknikum men jag vet inte hur mycket sanning det ligger i det, var dock nere under katedral när dom höll på att bygga om för ett antal år sedan och tunnlarna verkade sträcka sig rätt långt. Under to..."
          }
        ],
        "source": "https://www.flashback.org/t282947p2",
        "thread_url": "https://www.flashback.org/t282947",
        "post_id": "post543837",
        "username": "Krokodildon",
        "time_raw": "2003-10-10, 10:57 # 13",
        "confidence": 0.96,
        "comment": "Citat: Ursprungligen postat av Keel Lorentz Finns ju bra mycket tunnlar under Katedralskolan, fast jag vet inte hur lätt det är att komma åt dom efter dom byggt om i källaren. Har ju alltid gått rykten om att det går att ta sig hela vägen bort till teknikum men jag vet inte hur mycket sanning det ligger i det, var dock nere under katedral när dom höll på att bygga om för ett antal år sedan och tunnlarna verkade sträcka sig rätt långt. Under to..."
      }
    },
    {
      "type": "Feature",
      "geometry": {
        "type": "Point",
        "coordinates": [
          15.6163251,
          58.415664
        ]
      },
      "properties": {
        "id": "a60aac3cc7fb",
        "entity": "Katedral",
        "query": "Katedral, Sweden",
        "display_name": "Katedralskolan, 20, Platensgatan, Vasastaden, Linköpings domkyrkodistrikt, Linköping, Linköpings kommun, Östergötlands län, 582 18, Sverige",
        "osm_type": "way",
        "osm_id": 90885123,
        "geocode_confidence": 0.33113623856093605,
        "evidence": [
          {
            "source": "https://www.flashback.org/t282947p2",
            "thread_url": "https://www.flashback.org/t282947",
            "post_id": "post543837",
            "username": "Krokodildon",
            "time_raw": "2003-10-10, 10:57 # 13",
            "confidence": 0.96,
            "comment": "Citat: Ursprungligen postat av Keel Lorentz Finns ju bra mycket tunnlar under Katedralskolan, fast jag vet inte hur lätt det är att komma åt dom efter dom byggt om i källaren. Har ju alltid gått rykten om att det går att ta sig hela vägen bort till teknikum men jag vet inte hur mycket sanning det ligger i det, var dock nere under katedral när dom höll på att bygga om för ett antal år sedan och tunnlarna verkade sträcka sig rätt långt. Under to..."
          }
        ],
        "source": "https://www.flashback.org/t282947p2",
        "thread_url": "https://www.flashback.org/t282947",
        "post_id": "post543837",
        "username": "Krokodildon",
        "time_raw": "2003-10-10, 10:57 # 13",
        "confidence": 0.96,
        "comment": "Citat: Ursprungligen postat av Keel Lorentz Finns ju bra mycket tunnlar under Katedralskolan, fast jag vet inte hur lätt det är att komma åt dom efter dom byggt om i källaren. Har ju alltid gått rykten om att det går att ta sig hela vägen bort till teknikum men jag vet inte hur mycket sanning det ligger i det, var dock nere under katedral när dom höll på att bygga om för ett antal år sedan och tunnlarna verkade sträcka sig rätt långt. Under to..."
      }
    },
    {
      "type": "Feature",
      "geometry": {
        "type": "Point",
        "coordinates": [
          18.0270547,
          59.2569354
        ]
      },
      "properties": {
        "id": "7d3869bfa19f",
        "entity": "Dagens",
        "query": "Dagens, Sweden",
        "display_name": "Dagens Habesha Butiken, Rågsvedstorget, Rågsved, Enskede-Årsta-Vantörs stadsdelsområde, Stockholm, Stockholms kommun, Stockholms län, 124 64, Sverige",
        "osm_type": "node",
        "osm_id": 12009172402,
        "geocode_confidence": 8.40184634164495e-05,
        "evidence": [
          {
            "source": "https://www.flashback.org/t282947p2",
            "thread_url": "https://www.flashback.org/t282947",
            "post_id": "post543837",
            "username": "Krokodildon",
            "time_raw": "2003-10-10, 10:57 # 13",
            "confidence": 0.96,
            "comment": "Citat: Ursprungligen postat av Keel Lorentz Finns ju bra mycket tunnlar under Katedralskolan, fast jag vet inte hur lätt det är att komma åt dom efter dom byggt om i källaren. Har ju alltid gått rykten om att det går att ta sig hela vägen bort till teknikum men jag vet inte hur mycket sanning det ligger i det, var dock nere under katedral när dom höll på att bygga om för ett antal år sedan och tunnlarna verkade sträcka sig rätt långt. Under to..."
          }
        ],
        "source": "https://www.flashback.org/t282947p2",
        "thread_url": "https://www.flashback.org/t282947",
        "post_id": "post543837",
        "username": "Krokodildon",
        "time_raw": "2003-10-10, 10:57 # 13",
        "confidence": 0.96,
        "comment": "Citat: Ursprungligen postat av Keel Lorentz Finns ju bra mycket tunnlar under Katedralskolan, fast jag vet inte hur lätt det är att komma åt dom efter dom byggt om i källaren. Har ju alltid gått rykten om att det går att ta sig hela vägen bort till teknikum men jag vet inte hur mycket sanning det ligger i det, var dock nere under katedral när dom höll på att bygga om för ett antal år sedan och tunnlarna verkade sträcka sig rätt långt. Under to..."
      }
    },
    {
      "type": "Feature",
      "geometry": {
        "type": "Point",
        "coordinates": [
          12.9864848,
          55.603522
        ]
      },
      "properties": {
        "id": "a933f904d684",
        "entity": "Aldrig",
        "query": "Aldrig, Sweden",
        "display_name": "Trädgården som aldrig sover, Malmö Hus, Norr, Malmö, Malmö kommun, Skåne län, Sverige",
        "osm_type": "way",
        "osm_id": 1084451666,
        "geocode_confidence": 0.06674023422598611,
        "evidence": [
          {
            "source": "https://www.flashback.org/t282947p2",
            "thread_url": "https://www.flashback.org/t282947",
            "post_id": "post543837",
            "username": "Krokodildon",
            "time_raw": "2003-10-10, 10:57 # 13",
            "confidence": 0.96,
            "comment": "Citat: Ursprungligen postat av Keel Lorentz Finns ju bra mycket tunnlar under Katedralskolan, fast jag vet inte hur lätt det är att komma åt dom efter dom byggt om i källaren. Har ju alltid gått rykten om att det går att ta sig hela vägen bort till teknikum men jag vet inte hur mycket sanning det ligger i det, var dock nere under katedral när dom höll på att bygga om för ett antal år sedan och tunnlarna verkade sträcka sig rätt långt. Under to..."
          }
        ],
        "source": "https://www.flashback.org/t282947p2",
        "thread_url": "https://www.flashback.org/t282947",
        "post_id": "post543837",
        "username": "Krokodildon",
        "time_raw": "2003-10-10, 10:57 # 13",
        "confidence": 0.96,
        "comment": "Citat: Ursprungligen postat av Keel Lorentz Finns ju bra mycket tunnlar under Katedralskolan, fast jag vet inte hur lätt det är att komma åt dom efter dom byggt om i källaren. Har ju alltid gått rykten om att det går att ta sig hela vägen bort till teknikum men jag vet inte hur mycket sanning det ligger i det, var dock nere under katedral när dom höll på att bygga om för ett antal år sedan och tunnlarna verkade sträcka sig rätt långt. Under to..."
      }
    },
    {
      "type": "Feature",
      "geometry": {
        "type": "Point",
        "coordinates": [
          18.112881,
          59.2848519
        ]
      },
      "properties": {
        "id": "828876117f4b",
        "entity": "Vet",
        "query": "Vet, Sweden",
        "display_name": "Zootopia Vet, 4, Lågskärsvägen, Kärrtorp, Skarpnäcks stadsdelsområde, Stockholm, Stockholms kommun, Stockholms län, 121 55, Sverige",
        "osm_type": "node",
        "osm_id": 8815755614,
        "geocode_confidence": 8.40184634164495e-05,
        "evidence": [
          {
            "source": "https://www.flashback.org/t282947p2",
            "thread_url": "https://www.flashback.org/t282947",
            "post_id": "post543837",
            "username": "Krokodildon",
            "time_raw": "2003-10-10, 10:57 # 13",
            "confidence": 0.96,
            "comment": "Citat: Ursprungligen postat av Keel Lorentz Finns ju bra mycket tunnlar under Katedralskolan, fast jag vet inte hur lätt det är att komma åt dom efter dom byggt om i källaren. Har ju alltid gått rykten om att det går att ta sig hela vägen bort till teknikum men jag vet inte hur mycket sanning det ligger i det, var dock nere under katedral när dom höll på att bygga om för ett antal år sedan och tunnlarna verkade sträcka sig rätt långt. Under to..."
          },
          {
            "source": "https://www.flashback.org/t2557575p2",
            "thread_url": "https://www.flashback.org/t2557575",
            "post_id": "post53090471",
            "username": "nilltre",
            "time_raw": "2015-04-21, 23:33 # 22",
            "confidence": 0.56,
            "comment": "Citat: Ursprungligen postat av grasuggan99 Hålet är ett ökänt dumpningsställe. Vet även som folk har badat i det största gruvhålet i tron om att det ljusblå vattnet ska vara någon form av krydda. Intressant att veta vad tunnorna innehåller. Var det inte någon i dessa trakter som dumpade en jävla massa giftigt lösningsmedel i en grundvattenstäkt? Obehagligt för badmänniskorna om det visar sig vara något sådant i tunnorna. edit, giftdumpningen h..."
          },
          {
            "source": "https://www.flashback.org/t750391",
            "thread_url": "https://www.flashback.org/t750391",
            "post_id": "post12962154",
            "username": "Swampman",
            "time_raw": "2008-09-21, 19:58 # 4",
            "confidence": 0.48,
            "comment": "Citat: Ursprungligen postat av Edwards Barkarby är väl bara civil flygklubb numera. Vet att FortV äger en liten del av området runt berghangaren och tornet och att just detta är skyltat militärt område. FMLOG har kvar verksamhet vid Barkarby och den gamla berghangaren plus två av plattorna ovanjord används för hantering av logistik kring mtrl. Inte sexigare än så."
          },
          {
            "source": "https://www.flashback.org/t1421697",
            "thread_url": "https://www.flashback.org/t1421697",
            "post_id": "post28186946",
            "username": "prudens",
            "time_raw": "2011-01-12, 23:25 # 8",
            "confidence": 0.68,
            "comment": "Sankta Maria sjukhus var ett spännande hospital. Vet en hel del om detta ställe. Kulvertsystemet var som en liten värld i världen... Fanns även stora vindar belamrade med \"redskap\" från den experimentella eran av hospitalets historia. Intressant ställe."
          },
          {
            "source": "https://www.flashback.org/t1421697",
            "thread_url": "https://www.flashback.org/t1421697",
            "post_id": "post28186990",
            "username": "swepoman",
            "time_raw": "2011-01-12, 23:27 # 9",
            "confidence": 0.68,
            "comment": "Citat: Ursprungligen postat av prudens Sankta Maria sjukhus var ett spännande hospital. Vet en hel del om detta ställe. Kulvertsystemet var som en liten värld i världen... Fanns även stora vindar belamrade med \"redskap\" från den experimentella eran av hospitalets historia. Intressant ställe. Har du mer information om exprimenten du vill dela med dig av? =)"
          },
          {
            "source": "https://www.flashback.org/t347489",
            "thread_url": "https://www.flashback.org/t347489",
            "post_id": "post4534455",
            "username": "Dur3forS",
            "time_raw": "2006-07-11, 22:41 # 1",
            "confidence": 0.76,
            "comment": "Hej. Fick tips om en militäranläggning på Axgatan i Mölndal. Givetvis var jag tvungen att gå dit. Tyvärr var vi bara 2 stycken, och ingen lampa. Men vi hitta på toppen av berget massa små bunkrar, några större, en radiomast. Under radiomasten gick en tunnel rakt in i berget, den var uppen och man såg därinne en \"Nödutgångs\"-skylt. Vi ville inte gå in där eftersom det var kolsvart. Sedan fortsatte vi neråt för berget, tillslut nådde vi foten av..."
          },
          {
            "source": "https://www.flashback.org/t3074043",
            "thread_url": "https://www.flashback.org/t3074043",
            "post_id": "post68631667",
            "username": "LadyCinderbottom",
            "time_raw": "2019-09-07, 19:01 # 2",
            "confidence": 0.84,
            "comment": "Citat: Ursprungligen postat av G2H1 Tjenare! Jag och mina kompisar blev sjukt sugna på att testa det här med UE. Vi vill alltså ta oss in på ödelagda platser. Problemet är att ingen av oss vet vart vi skulle kunna åka. Kikade runt lite här på flashback men hittade nästan bara gamla trådar. Så jag undrar om någon här skulle kunna rekommendera nåt fint ställe här i Stockholms trakterna nära västra Stockholm? Tack på förhand! Klassiker är Kymling..."
          },
          {
            "source": "https://www.flashback.org/t3074043",
            "thread_url": "https://www.flashback.org/t3074043",
            "post_id": "post68632158",
            "username": "G2H1",
            "time_raw": "2019-09-07, 19:57 # 3",
            "confidence": 0.76,
            "comment": "Citat: Ursprungligen postat av LadyCinderbottom Klassiker är Kymlinge station https://sv.m.wikipedia.org/wiki/Kymlinge_(tunnelbanestation ) \"Några subkulturer har haft ett speciellt intresse av Kymlinge. Grusplanen nedanför plattformen har fått tjäna som festplats för ett antal ravefester. Stationen är även ett favoritmål inom urban exploration-kulturen\" Ligger i Sumpans kommun mot Hallonbergen - Kista. Vet inte hur det ser ut nuförtiden men e..."
          },
          {
            "source": "https://www.flashback.org/t3074043",
            "thread_url": "https://www.flashback.org/t3074043",
            "post_id": "post68662951",
            "username": "tunnelgruppen",
            "time_raw": "2019-09-10, 19:03 # 4",
            "confidence": 0.84,
            "comment": "Citat: Ursprungligen postat av LadyCinderbottom Klassiker är Kymlinge station https://sv.m.wikipedia.org/wiki/Kymlinge_(tunnelbanestation ) \"Några subkulturer har haft ett speciellt intresse av Kymlinge. Grusplanen nedanför plattformen har fått tjäna som festplats för ett antal ravefester. Stationen är även ett favoritmål inom urban exploration-kulturen\" Ligger i Sumpans kommun mot Hallonbergen - Kista. Vet inte hur det ser ut nuförtiden men e..."
          },
          {
            "source": "https://www.flashback.org/t19834",
            "thread_url": "https://www.flashback.org/t19834",
            "post_id": "post135064",
            "username": "äldre konto (old)",
            "time_raw": "2002-11-20, 14:29 # 5",
            "confidence": 0.52,
            "comment": "Citat: Ursprungligen postat av Misantrop Vid Esperantoplatsen ska man kunna komma ned i kloakerna, som in sin tur leder ut till tunnlar för telekabling. Vet inte om det är sant! jo där är det ju en stor jävla grind, så det stämmer säkert. mycket tacksamt att gå förbi där när det är kallt pga av värmen som kommer ut från hålet men det väl en sån där vanlig kloak /kabeltunnel. inte så upphetsande egentligen"
          }
        ],
        "source": "https://www.flashback.org/t19834",
        "thread_url": "https://www.flashback.org/t19834",
        "post_id": "post135064",
        "username": "äldre konto (old)",
        "time_raw": "2002-11-20, 14:29 # 5",
        "confidence": 0.52,
        "comment": "Citat: Ursprungligen postat av Misantrop Vid Esperantoplatsen ska man kunna komma ned i kloakerna, som in sin tur leder ut till tunnlar för telekabling. Vet inte om det är sant! jo där är det ju en stor jävla grind, så det stämmer säkert. mycket tacksamt att gå förbi där när det är kallt pga av värmen som kommer ut från hålet men det väl en sån där vanlig kloak /kabeltunnel. inte så upphetsande egentligen"
      }
    },
    {
      "type": "Feature",
      "geometry": {
        "type": "Point",
        "coordinates": [
          14.8094385,
          56.8787183
        ]
      },
      "properties": {
        "id": "8dcb3bfe2353",
        "entity": "Växjö",
        "query": "Växjö, Sweden",
        "display_name": "Växjö, Växjö kommun, Kronobergs län, 352 30, Sverige",
        "osm_type": "node",
        "osm_id": 25508576,
        "geocode_confidence": 0.5837972140158655,
        "evidence": [
          {
            "source": "https://www.flashback.org/t282947p2",
            "thread_url": "https://www.flashback.org/t282947",
            "post_id": "post2241227",
            "username": "Jojjesthlm",
            "time_raw": "2005-05-16, 23:16 # 14",
            "confidence": 0.56,
            "comment": "Någon som vet om några övergivna kåkar/industrier i Växjö? Gärna runt hovshaga, araby, centrum-hållet...tvekar på om det finns så centralt dock. Hur va det med gamla Lugnet ut mot Kronoberg, har för mig sen barnsben att det stod tomt där länge? Nu är det väl bostäder dock..."
          },
          {
            "source": "https://www.flashback.org/t282947p2",
            "thread_url": "https://www.flashback.org/t282947",
            "post_id": "post3442019",
            "username": null,
            "time_raw": "2005-12-27, 17:55 # 21",
            "confidence": 0.48,
            "comment": "Citat: Ursprungligen postat av David_22 Hejsan har pm:at ett bra UE tips till dig ang. Växjö. Handlar om en flera kilometer lång tunnel. Kanske kännd vad vet jag. Skulle dessutom vilja ha \"Pias\" bilderna mailade till mig om det går bra. Du tror int att du skulle kunna PM:a UE tipset till mig med . Skulle bli jätteglad:P"
          }
        ],
        "source": "https://www.flashback.org/t282947p2",
        "thread_url": "https://www.flashback.org/t282947",
        "post_id": "post3442019",
        "username": null,
        "time_raw": "2005-12-27, 17:55 # 21",
        "confidence": 0.48,
        "comment": "Citat: Ursprungligen postat av David_22 Hejsan har pm:at ett bra UE tips till dig ang. Växjö. Handlar om en flera kilometer lång tunnel. Kanske kännd vad vet jag. Skulle dessutom vilja ha \"Pias\" bilderna mailade till mig om det går bra. Du tror int att du skulle kunna PM:a UE tipset till mig med . Skulle bli jätteglad:P"
      }
    },
    {
      "type": "Feature",
      "geometry": {
        "type": "Point",
        "coordinates": [
          17.6331914,
          59.8596084
        ]
      },
      "properties": {
        "id": "ac8f31161cfe",
        "entity": "Gärna",
        "query": "Gärna, Sweden",
        "display_name": "Ta en Bok! Lämna gärna en!, Vattugränd, Främre Luthagen, Fjärdingen, Uppsala, Uppsala kommun, Uppsala län, 753 10, Sverige",
        "osm_type": "node",
        "osm_id": 11080994606,
        "geocode_confidence": 7.216678110928538e-05,
        "evidence": [
          {
            "source": "https://www.flashback.org/t282947p2",
            "thread_url": "https://www.flashback.org/t282947",
            "post_id": "post2241227",
            "username": "Jojjesthlm",
            "time_raw": "2005-05-16, 23:16 # 14",
            "confidence": 0.56,
            "comment": "Någon som vet om några övergivna kåkar/industrier i Växjö? Gärna runt hovshaga, araby, centrum-hållet...tvekar på om det finns så centralt dock. Hur va det med gamla Lugnet ut mot Kronoberg, har för mig sen barnsben att det stod tomt där länge? Nu är det väl bostäder dock..."
          }
        ],
        "source": "https://www.flashback.org/t282947p2",
        "thread_url": "https://www.flashback.org/t282947",
        "post_id": "post2241227",
        "username": "Jojjesthlm",
        "time_raw": "2005-05-16, 23:16 # 14",
        "confidence": 0.56,
        "comment": "Någon som vet om några övergivna kåkar/industrier i Växjö? Gärna runt hovshaga, araby, centrum-hållet...tvekar på om det finns så centralt dock. Hur va det med gamla Lugnet ut mot Kronoberg, har för mig sen barnsben att det stod tomt där länge? Nu är det väl bostäder dock..."
      }
    },
    {
      "type": "Feature",
      "geometry": {
        "type": "Point",
        "coordinates": [
          15.6551756,
          60.6207637
        ]
      },
      "properties": {
        "id": "97fea8828b7b",
        "entity": "Lugnet",
        "query": "Lugnet, Sweden",
        "display_name": "Lugnet, Lilla Hälla, Falun, Falu kommun, Dalarnas län, 791 31, Sverige",
        "osm_type": "node",
        "osm_id": 577361876,
        "geocode_confidence": 0.39696805131781304,
        "evidence": [
          {
            "source": "https://www.flashback.org/t282947p2",
            "thread_url": "https://www.flashback.org/t282947",
            "post_id": "post2241227",
            "username": "Jojjesthlm",
            "time_raw": "2005-05-16, 23:16 # 14",
            "confidence": 0.56,
            "comment": "Någon som vet om några övergivna kåkar/industrier i Växjö? Gärna runt hovshaga, araby, centrum-hållet...tvekar på om det finns så centralt dock. Hur va det med gamla Lugnet ut mot Kronoberg, har för mig sen barnsben att det stod tomt där länge? Nu är det väl bostäder dock..."
          }
        ],
        "source": "https://www.flashback.org/t282947p2",
        "thread_url": "https://www.flashback.org/t282947",
        "post_id": "post2241227",
        "username": "Jojjesthlm",
        "time_raw": "2005-05-16, 23:16 # 14",
        "confidence": 0.56,
        "comment": "Någon som vet om några övergivna kåkar/industrier i Växjö? Gärna runt hovshaga, araby, centrum-hållet...tvekar på om det finns så centralt dock. Hur va det med gamla Lugnet ut mot Kronoberg, har för mig sen barnsben att det stod tomt där länge? Nu är det väl bostäder dock..."
      }
    },
    {
      "type": "Feature",
      "geometry": {
        "type": "Point",
        "coordinates": [
          14.410897,
          56.8007878
        ]
      },
      "properties": {
        "id": "84d7e51dfbb7",
        "entity": "Kronoberg",
        "query": "Kronoberg, Sweden",
        "display_name": "Kronobergs län, Sverige",
        "osm_type": "relation",
        "osm_id": 54412,
        "geocode_confidence": 0.5695719363280182,
        "evidence": [
          {
            "source": "https://www.flashback.org/t282947p2",
            "thread_url": "https://www.flashback.org/t282947",
            "post_id": "post2241227",
            "username": "Jojjesthlm",
            "time_raw": "2005-05-16, 23:16 # 14",
            "confidence": 0.56,
            "comment": "Någon som vet om några övergivna kåkar/industrier i Växjö? Gärna runt hovshaga, araby, centrum-hållet...tvekar på om det finns så centralt dock. Hur va det med gamla Lugnet ut mot Kronoberg, har för mig sen barnsben att det stod tomt där länge? Nu är det väl bostäder dock..."
          }
        ],
        "source": "https://www.flashback.org/t282947p2",
        "thread_url": "https://www.flashback.org/t282947",
        "post_id": "post2241227",
        "username": "Jojjesthlm",
        "time_raw": "2005-05-16, 23:16 # 14",
        "confidence": 0.56,
        "comment": "Någon som vet om några övergivna kåkar/industrier i Växjö? Gärna runt hovshaga, araby, centrum-hållet...tvekar på om det finns så centralt dock. Hur va det med gamla Lugnet ut mot Kronoberg, har för mig sen barnsben att det stod tomt där länge? Nu är det väl bostäder dock..."
      }
    },
    {
      "type": "Feature",
      "geometry": {
        "type": "Point",
        "coordinates": [
          16.0830727,
          61.8315797
        ]
      },
      "properties": {
        "id": "df14a1e65737",
        "entity": "Ute",
        "query": "Ute, Sweden",
        "display_name": "Stenhamre uteplats, Ljusdal, Ljusdals kommun, Gävleborgs län, Sverige",
        "osm_type": "way",
        "osm_id": 464925358,
        "geocode_confidence": 0.08005822919050885,
        "evidence": [
          {
            "source": "https://www.flashback.org/t282947p2",
            "thread_url": "https://www.flashback.org/t282947",
            "post_id": "post2242820",
            "username": "zidnuss",
            "time_raw": "2005-05-17, 10:59 # 15",
            "confidence": 0.48,
            "comment": "Jag vet inga direkta hus. Det finns väll endel industrier nere vid gammla fläkten fast jag vet inte om det är produktion i dom eller inte. Ute vid i11 finns det väll bara gammla bunkrar"
          },
          {
            "source": "https://www.flashback.org/t19834p2",
            "thread_url": "https://www.flashback.org/t19834",
            "post_id": "post135077",
            "username": "äldre konto (old)",
            "time_raw": "2003-06-26, 01:01 # 17",
            "confidence": 0.84,
            "comment": "Från kulvertarna under Chalmers går det att ta sig bort till Majorna (Mariaplan) enligt uppgift. Såna här små böjda gröna luftintag avslöjar ju rätt mycket om underjordiska tunnlar sträckningar. Dom går ju att se i t.ex. Gårda (runt Ullevi, längs fabriksgatan). Ute i Kortedala och Bergsjön finns det också en hel del såna. Vid berget vid SKF (på vänster sida strax innan Bellevue, från stan sett) finns ju fyra eller fem stora portar rakt in i be..."
          }
        ],
        "source": "https://www.flashback.org/t19834p2",
        "thread_url": "https://www.flashback.org/t19834",
        "post_id": "post135077",
        "username": "äldre konto (old)",
        "time_raw": "2003-06-26, 01:01 # 17",
        "confidence": 0.84,
        "comment": "Från kulvertarna under Chalmers går det att ta sig bort till Majorna (Mariaplan) enligt uppgift. Såna här små böjda gröna luftintag avslöjar ju rätt mycket om underjordiska tunnlar sträckningar. Dom går ju att se i t.ex. Gårda (runt Ullevi, längs fabriksgatan). Ute i Kortedala och Bergsjön finns det också en hel del såna. Vid berget vid SKF (på vänster sida strax innan Bellevue, från stan sett) finns ju fyra eller fem stora portar rakt in i be..."
      }
    },
    {
      "type": "Feature",
      "geometry": {
        "type": "Point",
        "coordinates": [
          18.2764586,
          64.3164677
        ]
      },
      "properties": {
        "id": "028ee37af1be",
        "entity": "Hejsan",
        "query": "Hejsan, Sweden",
        "display_name": "Hejsanvägen, Granträsk, Lycksele kommun, Västerbottens län, Sverige",
        "osm_type": "way",
        "osm_id": 910767327,
        "geocode_confidence": 0.05339059662775612,
        "evidence": [
          {
            "source": "https://www.flashback.org/t282947p2",
            "thread_url": "https://www.flashback.org/t282947",
            "post_id": "post3442019",
            "username": null,
            "time_raw": "2005-12-27, 17:55 # 21",
            "confidence": 0.48,
            "comment": "Citat: Ursprungligen postat av David_22 Hejsan har pm:at ett bra UE tips till dig ang. Växjö. Handlar om en flera kilometer lång tunnel. Kanske kännd vad vet jag. Skulle dessutom vilja ha \"Pias\" bilderna mailade till mig om det går bra. Du tror int att du skulle kunna PM:a UE tipset till mig med . Skulle bli jätteglad:P"
          }
        ],
        "source": "https://www.flashback.org/t282947p2",
        "thread_url": "https://www.flashback.org/t282947",
        "post_id": "post3442019",
        "username": null,
        "time_raw": "2005-12-27, 17:55 # 21",
        "confidence": 0.48,
        "comment": "Citat: Ursprungligen postat av David_22 Hejsan har pm:at ett bra UE tips till dig ang. Växjö. Handlar om en flera kilometer lång tunnel. Kanske kännd vad vet jag. Skulle dessutom vilja ha \"Pias\" bilderna mailade till mig om det går bra. Du tror int att du skulle kunna PM:a UE tipset till mig med . Skulle bli jätteglad:P"
      }
    },
    {
      "type": "Feature",
      "geometry": {
        "type": "Point",
        "coordinates": [
          14.1459481,
          55.4032126
        ]
      },
      "properties": {
        "id": "d49d249dc4c5",
        "entity": "Handlar",
        "query": "Handlar, Sweden",
        "display_name": "Handlarvägen, Ekesåkra, Ystads kommun, Skåne län, 271 77, Sverige",
        "osm_type": "way",
        "osm_id": 37046136,
        "geocode_confidence": 0.053389221789883236,
        "evidence": [
          {
            "source": "https://www.flashback.org/t282947p2",
            "thread_url": "https://www.flashback.org/t282947",
            "post_id": "post3442019",
            "username": null,
            "time_raw": "2005-12-27, 17:55 # 21",
            "confidence": 0.48,
            "comment": "Citat: Ursprungligen postat av David_22 Hejsan har pm:at ett bra UE tips till dig ang. Växjö. Handlar om en flera kilometer lång tunnel. Kanske kännd vad vet jag. Skulle dessutom vilja ha \"Pias\" bilderna mailade till mig om det går bra. Du tror int att du skulle kunna PM:a UE tipset till mig med . Skulle bli jätteglad:P"
          }
        ],
        "source": "https://www.flashback.org/t282947p2",
        "thread_url": "https://www.flashback.org/t282947",
        "post_id": "post3442019",
        "username": null,
        "time_raw": "2005-12-27, 17:55 # 21",
        "confidence": 0.48,
        "comment": "Citat: Ursprungligen postat av David_22 Hejsan har pm:at ett bra UE tips till dig ang. Växjö. Handlar om en flera kilometer lång tunnel. Kanske kännd vad vet jag. Skulle dessutom vilja ha \"Pias\" bilderna mailade till mig om det går bra. Du tror int att du skulle kunna PM:a UE tipset till mig med . Skulle bli jätteglad:P"
      }
    },
    {
      "type": "Feature",
      "geometry": {
        "type": "Point",
        "coordinates": [
          17.5672108,
          59.1155325
        ]
      },
      "properties": {
        "id": "b3647a54d42c",
        "entity": "Pias",
        "query": "Pias, Sweden",
        "display_name": "Pias väg, Östra Kallfors, Södertälje kommun, Stockholms län, 153 38, Sverige",
        "osm_type": "way",
        "osm_id": 1101479625,
        "geocode_confidence": 0.040056962691691456,
        "evidence": [
          {
            "source": "https://www.flashback.org/t282947p2",
            "thread_url": "https://www.flashback.org/t282947",
            "post_id": "post3442019",
            "username": null,
            "time_raw": "2005-12-27, 17:55 # 21",
            "confidence": 0.48,
            "comment": "Citat: Ursprungligen postat av David_22 Hejsan har pm:at ett bra UE tips till dig ang. Växjö. Handlar om en flera kilometer lång tunnel. Kanske kännd vad vet jag. Skulle dessutom vilja ha \"Pias\" bilderna mailade till mig om det går bra. Du tror int att du skulle kunna PM:a UE tipset till mig med . Skulle bli jätteglad:P"
          }
        ],
        "source": "https://www.flashback.org/t282947p2",
        "thread_url": "https://www.flashback.org/t282947",
        "post_id": "post3442019",
        "username": null,
        "time_raw": "2005-12-27, 17:55 # 21",
        "confidence": 0.48,
        "comment": "Citat: Ursprungligen postat av David_22 Hejsan har pm:at ett bra UE tips till dig ang. Växjö. Handlar om en flera kilometer lång tunnel. Kanske kännd vad vet jag. Skulle dessutom vilja ha \"Pias\" bilderna mailade till mig om det går bra. Du tror int att du skulle kunna PM:a UE tipset till mig med . Skulle bli jätteglad:P"
      }
    },
    {
      "type": "Feature",
      "geometry": {
        "type": "Point",
        "coordinates": [
          15.5834118,
          58.4319758
        ]
      },
      "properties": {
        "id": "6c5f9a89dfe9",
        "entity": "Själv",
        "query": "Själv, Sweden",
        "display_name": "Gör-det-själv-biltvätt, Nygårdsvägen, Skäggetorp, Linköping, Linköpings kommun, Östergötlands län, 586 43, Sverige",
        "osm_type": "way",
        "osm_id": 430985075,
        "geocode_confidence": 6.607690547031384e-05,
        "evidence": [
          {
            "source": "https://www.flashback.org/t1690739",
            "thread_url": "https://www.flashback.org/t1690739",
            "post_id": "post33564892",
            "username": "Xennah",
            "time_raw": "2011-10-20, 12:49 # 1",
            "confidence": 0.64,
            "comment": "Har sökt en del men tänkte att det kanske finns intresse för en ny tråd? Själv vet jag om att det finns en del nedlagda industrier, och att det går kulvertar under det gamla lasarettet där det är lägenheter och skola idag, är mest intresserad av kulvertarna. Någon som vet mera om dessa? Någon här som har kanske jobbat där eller liknande? Finns nog en hel del roligt där nere, och lyckas jag på något sätt ta mig ner ska jag givetvis dokumentera..."
          },
          {
            "source": "https://www.flashback.org/t1690739",
            "thread_url": "https://www.flashback.org/t1690739",
            "post_id": "post33565347",
            "username": "-SWE-ViGGEN",
            "time_raw": "2011-10-20, 13:18 # 2",
            "confidence": 0.92,
            "comment": "Citat: Ursprungligen postat av Xennah Har sökt en del men tänkte att det kanske finns intresse för en ny tråd? Själv vet jag om att det finns en del nedlagda industrier, och att det går kulvertar under det gamla lasarettet där det är lägenheter och skola idag, är mest intresserad av kulvertarna. Någon som vet mera om dessa? Någon här som har kanske jobbat där eller liknande? Finns nog en hel del roligt där nere, och lyckas jag på något sätt ta..."
          }
        ],
        "source": "https://www.flashback.org/t1690739",
        "thread_url": "https://www.flashback.org/t1690739",
        "post_id": "post33565347",
        "username": "-SWE-ViGGEN",
        "time_raw": "2011-10-20, 13:18 # 2",
        "confidence": 0.92,
        "comment": "Citat: Ursprungligen postat av Xennah Har sökt en del men tänkte att det kanske finns intresse för en ny tråd? Själv vet jag om att det finns en del nedlagda industrier, och att det går kulvertar under det gamla lasarettet där det är lägenheter och skola idag, är mest intresserad av kulvertarna. Någon som vet mera om dessa? Någon här som har kanske jobbat där eller liknande? Finns nog en hel del roligt där nere, och lyckas jag på något sätt ta..."
      }
    },
    {
      "type": "Feature",
      "geometry": {
        "type": "Point",
        "coordinates": [
          14.0410977,
          57.184902
        ]
      },
      "properties": {
        "id": "c747f78d9f55",
        "entity": "Värnamo",
        "query": "Värnamo, Sweden",
        "display_name": "Värnamo, Värnamo kommun, Jönköpings län, 331 30, Sverige",
        "osm_type": "node",
        "osm_id": 30146159,
        "geocode_confidence": 0.4920768320516343,
        "evidence": [
          {
            "source": "https://www.flashback.org/t1690739",
            "thread_url": "https://www.flashback.org/t1690739",
            "post_id": "post33565347",
            "username": "-SWE-ViGGEN",
            "time_raw": "2011-10-20, 13:18 # 2",
            "confidence": 0.92,
            "comment": "Citat: Ursprungligen postat av Xennah Har sökt en del men tänkte att det kanske finns intresse för en ny tråd? Själv vet jag om att det finns en del nedlagda industrier, och att det går kulvertar under det gamla lasarettet där det är lägenheter och skola idag, är mest intresserad av kulvertarna. Någon som vet mera om dessa? Någon här som har kanske jobbat där eller liknande? Finns nog en hel del roligt där nere, och lyckas jag på något sätt ta..."
          },
          {
            "source": "https://www.flashback.org/t1690739",
            "thread_url": "https://www.flashback.org/t1690739",
            "post_id": "post33566240",
            "username": "Xennah",
            "time_raw": "2011-10-20, 14:08 # 3",
            "confidence": 0.96,
            "comment": "Citat: Ursprungligen postat av -SWE-ViGGEN Här är lite info om kulvertarna i Värnamo, hoppas det hjälper. http://www.olssonlinder.se/documents/content/Varnamosjukhus060228.pdf Och här har du någons hemsida om öde och nedlagt i Värnamo http://www.jasifil.se/abandoned.html Tackar, fin läsning på andra länken! Den översta länken handlar dock om sjukhuset i Värnamo, det som fortfarande är i full bruk. Det jag är ute efter är det gamla lasarettet s..."
          },
          {
            "source": "https://www.flashback.org/t1690739",
            "thread_url": "https://www.flashback.org/t1690739",
            "post_id": "post33757512",
            "username": "Pussylover",
            "time_raw": "2011-10-31, 07:38 # 5",
            "confidence": 0.48,
            "comment": "Citat: Ursprungligen postat av Fidde123 Har hört att det ska finnas en gång under jord mellan Ya flygfält till finnvedsskolan i Värnamo! låter dock ganska osanolikt! Måste vara en sjujäkla gång det på minst 1,5 mil förbi vattendrag också. Osannolikt som du skriver"
          },
          {
            "source": "https://www.flashback.org/t1690739p2",
            "thread_url": "https://www.flashback.org/t1690739",
            "post_id": "post93688153",
            "username": "von-tratt",
            "time_raw": "2025-12-08, 04:34 # 20",
            "confidence": 0.76,
            "comment": "Citat: Ursprungligen postat av Hampthy Njae, skulle varit användbart. Men i och med att det bor folk i huset intill så lär det höras. Bäst att leta med metalldetektor efter armeringen, eller söka sig fram med järnspett. Ska försöka ta reda på lite mer exakt vars inslaget har legat Jag är jävligt sugen på att hitta inslaget. Har tillgång till metalldetektor och bor i närheten Om du skulle vilja göra slag i saken. Det finns ju en annan militär m..."
          },
          {
            "source": "https://www.flashback.org/t1690739p2",
            "thread_url": "https://www.flashback.org/t1690739",
            "post_id": "post94997526",
            "username": "Hampthy",
            "time_raw": "2026-05-18, 23:17 # 21",
            "confidence": 0.76,
            "comment": "Citat: Ursprungligen postat av von-tratt Jag är jävligt sugen på att hitta inslaget. Har tillgång till metalldetektor och bor i närheten Om du skulle vilja göra slag i saken. Det finns ju en annan militär mast utanför Värnamo som inte har varit i bruk på rätt många decennier antar jag. Hör dessa två ihop på något vis? Hade nog mer klassat det som ingång, eftersom att det var en \"vanlig\" trappa ner i marken. Lär ligga på den platta ytan där. Ha..."
          }
        ],
        "source": "https://www.flashback.org/t1690739p2",
        "thread_url": "https://www.flashback.org/t1690739",
        "post_id": "post94997526",
        "username": "Hampthy",
        "time_raw": "2026-05-18, 23:17 # 21",
        "confidence": 0.76,
        "comment": "Citat: Ursprungligen postat av von-tratt Jag är jävligt sugen på att hitta inslaget. Har tillgång till metalldetektor och bor i närheten Om du skulle vilja göra slag i saken. Det finns ju en annan militär mast utanför Värnamo som inte har varit i bruk på rätt många decennier antar jag. Hör dessa två ihop på något vis? Hade nog mer klassat det som ingång, eftersom att det var en \"vanlig\" trappa ner i marken. Lär ligga på den platta ytan där. Ha..."
      }
    },
    {
      "type": "Feature",
      "geometry": {
        "type": "Point",
        "coordinates": [
          11.9682877,
          57.6887664
        ]
      },
      "properties": {
        "id": "0f4c8b18a018",
        "entity": "Här",
        "query": "Här, Sweden",
        "display_name": "Här, Wavrinskys Plats, Guldheden, Centrum, Göteborg, Göteborgs Stad, Västra Götalands län, 413 20, Sverige",
        "osm_type": "node",
        "osm_id": 1914131674,
        "geocode_confidence": 0.09078915819201436,
        "evidence": [
          {
            "source": "https://www.flashback.org/t1690739",
            "thread_url": "https://www.flashback.org/t1690739",
            "post_id": "post33565347",
            "username": "-SWE-ViGGEN",
            "time_raw": "2011-10-20, 13:18 # 2",
            "confidence": 0.92,
            "comment": "Citat: Ursprungligen postat av Xennah Har sökt en del men tänkte att det kanske finns intresse för en ny tråd? Själv vet jag om att det finns en del nedlagda industrier, och att det går kulvertar under det gamla lasarettet där det är lägenheter och skola idag, är mest intresserad av kulvertarna. Någon som vet mera om dessa? Någon här som har kanske jobbat där eller liknande? Finns nog en hel del roligt där nere, och lyckas jag på något sätt ta..."
          },
          {
            "source": "https://www.flashback.org/t1690739",
            "thread_url": "https://www.flashback.org/t1690739",
            "post_id": "post33566240",
            "username": "Xennah",
            "time_raw": "2011-10-20, 14:08 # 3",
            "confidence": 0.96,
            "comment": "Citat: Ursprungligen postat av -SWE-ViGGEN Här är lite info om kulvertarna i Värnamo, hoppas det hjälper. http://www.olssonlinder.se/documents/content/Varnamosjukhus060228.pdf Och här har du någons hemsida om öde och nedlagt i Värnamo http://www.jasifil.se/abandoned.html Tackar, fin läsning på andra länken! Den översta länken handlar dock om sjukhuset i Värnamo, det som fortfarande är i full bruk. Det jag är ute efter är det gamla lasarettet s..."
          },
          {
            "source": "https://www.flashback.org/t2167471",
            "thread_url": "https://www.flashback.org/t2167471",
            "post_id": "post44025685",
            "username": "Muffincaek",
            "time_raw": "2013-06-23, 22:39 # 1",
            "confidence": 0.72,
            "comment": "Vi var några som traskade runt en bra bit ut i skogen utanför Sollefteå i helgen, utforskade ett gammalt brandtorn från 1938. Bild på brandtornet: http://imageshack.us/photo/my-images/543/cdru.jpg/ Väl på plats så märkte vi en ovanligt stor mast och gick dit för att kolla, första dagen såg vi inget speciellt runt masten. Här är masten: http://imageshack.us/photo/my-images/546/3m3v.jpg/ http://imageshack.us/photo/my-images/855/q5z5.jpg/ Andra d..."
          },
          {
            "source": "https://www.flashback.org/t2167471p2",
            "thread_url": "https://www.flashback.org/t2167471",
            "post_id": "post44164498",
            "username": "Muffincaek",
            "time_raw": "2013-07-04, 00:21 # 17",
            "confidence": 0.64,
            "comment": "Nu så! Det där stället var ett uppsamlingsskydd för granat övningar verkar det som Här åkte man in: https://imageshack.com/i/49oq4pj Själva skyddet antar jag, med en garageplats: https://imageshack.com/i/mw61m3j Skylt på huset: https://imageshack.com/i/nbz45hj Skylt 2: https://imageshack.com/i/05fjfqj I garageutrymmet fanns ett fågelbo, inget mer: https://imageshack.com/i/nps85bj På sidan av vägen ner bakom byggnaden låg detta: https://imagesh..."
          },
          {
            "source": "https://www.flashback.org/t2167471p2",
            "thread_url": "https://www.flashback.org/t2167471",
            "post_id": "post44169996",
            "username": "DenSomSoker",
            "time_raw": "2013-07-04, 14:58 # 21",
            "confidence": 0.64,
            "comment": "Citat: Ursprungligen postat av Muffincaek Nu så! Det där stället var ett uppsamlingsskydd för granat övningar verkar det som Här åkte man in: https://imageshack.com/i/49oq4pj Själva skyddet antar jag, med en garageplats: https://imageshack.com/i/mw61m3j Skylt på huset: https://imageshack.com/i/nbz45hj Skylt 2: https://imageshack.com/i/05fjfqj I garageutrymmet fanns ett fågelbo, inget mer: https://imageshack.com/i/nps85bj På sidan av vägen ner..."
          },
          {
            "source": "https://www.flashback.org/t2167471p2",
            "thread_url": "https://www.flashback.org/t2167471",
            "post_id": "post44171536",
            "username": "Infotizer",
            "time_raw": "2013-07-04, 16:55 # 22",
            "confidence": 0.72,
            "comment": "Citat: Ursprungligen postat av Muffincaek En liten uppdatering från masten som tråden startades för kommer nu också! Det var folk där, så vi var lite smygiga! Tydligen höll dom på installera / byta ut antenner. Här kommer lite bilder! Vid ingågen: http://imageshack.us/photo/my-images/856/yauw.jpg/ http://imageshack.us/photo/my-images/856/feeu.jpg/ http://imageshack.us/photo/my-images/62/g4g9.jpg/ Brevid masten: http://imageshack.us/photo/my-im..."
          },
          {
            "source": "https://www.flashback.org/t2225405",
            "thread_url": "https://www.flashback.org/t2225405",
            "post_id": "post648275",
            "username": "Urban U",
            "time_raw": "2003-12-10, 15:50 # 1",
            "confidence": 0.56,
            "comment": "Har för mig att det fanns nån tråd om Kymlinge men hittar den inte. Här kommer lite länkar om denna underliga station: http://www.kynerd.nu/Tunnelbanan/Kymlinge.html http://susning.nu/Kymlinge_Witch_Project En film om Kumlinge (har inte sett den själv) http://anders.hultman.nu/film/kwp/kwp2000.mov"
          }
        ],
        "source": "https://www.flashback.org/t2225405",
        "thread_url": "https://www.flashback.org/t2225405",
        "post_id": "post648275",
        "username": "Urban U",
        "time_raw": "2003-12-10, 15:50 # 1",
        "confidence": 0.56,
        "comment": "Har för mig att det fanns nån tråd om Kymlinge men hittar den inte. Här kommer lite länkar om denna underliga station: http://www.kynerd.nu/Tunnelbanan/Kymlinge.html http://susning.nu/Kymlinge_Witch_Project En film om Kumlinge (har inte sett den själv) http://anders.hultman.nu/film/kwp/kwp2000.mov"
      }
    },
    {
      "type": "Feature",
      "geometry": {
        "type": "Point",
        "coordinates": [
          13.4581315,
          56.7136233
        ]
      },
      "properties": {
        "id": "7c8554ad5d98",
        "entity": "Måste",
        "query": "Måste, Sweden",
        "display_name": "Mäste, Ljungby kommun, Kronobergs län, Sverige",
        "osm_type": "node",
        "osm_id": 7462998684,
        "geocode_confidence": 0.13338841916533148,
        "evidence": [
          {
            "source": "https://www.flashback.org/t1690739",
            "thread_url": "https://www.flashback.org/t1690739",
            "post_id": "post33757512",
            "username": "Pussylover",
            "time_raw": "2011-10-31, 07:38 # 5",
            "confidence": 0.48,
            "comment": "Citat: Ursprungligen postat av Fidde123 Har hört att det ska finnas en gång under jord mellan Ya flygfält till finnvedsskolan i Värnamo! låter dock ganska osanolikt! Måste vara en sjujäkla gång det på minst 1,5 mil förbi vattendrag också. Osannolikt som du skriver"
          },
          {
            "source": "https://www.flashback.org/t2225405",
            "thread_url": "https://www.flashback.org/t2225405",
            "post_id": "post6929553",
            "username": "Solstickeflicka",
            "time_raw": "2007-04-23, 19:41 # 9",
            "confidence": 0.64,
            "comment": "Jag och en vän tänkte åka till \"spökstationen\" Kymlinge imorgon. Jag har sökt en hel del, men inte fått svar på mina viktigaste frågor, tänkte därför att ni kanske kunde hjälpa mig. 1. Är det olagligt att gå in på Kymlinge, dvs att nån vakt kan komma och \"ta hand\" om en. 2. Måste man gå över tunnelbanespåren för att komma in på själva stationen? I sådana fall, hur gör man detta på bästa sätt? 3. Vilken station är det enklast att gå ifrån? Jag..."
          },
          {
            "source": "https://www.flashback.org/t2225405",
            "thread_url": "https://www.flashback.org/t2225405",
            "post_id": "post6929621",
            "username": "rebban",
            "time_raw": "2007-04-23, 19:46 # 10",
            "confidence": 0.64,
            "comment": "Citat: Ursprungligen postat av Solstickeflicka Jag och en vän tänkte åka till \"spökstationen\" Kymlinge imorgon. Jag har sökt en hel del, men inte fått svar på mina viktigaste frågor, tänkte därför att ni kanske kunde hjälpa mig. 1. Är det olagligt att gå in på Kymlinge, dvs att nån vakt kan komma och \"ta hand\" om en. 2. Måste man gå över tunnelbanespåren för att komma in på själva stationen? I sådana fall, hur gör man detta på bästa sätt? 3. V..."
          },
          {
            "source": "https://www.flashback.org/t2225405",
            "thread_url": "https://www.flashback.org/t2225405",
            "post_id": "post6932269",
            "username": "Ssraeshza",
            "time_raw": "2007-04-23, 23:22 # 11",
            "confidence": 0.72,
            "comment": "Citat: Ursprungligen postat av Solstickeflicka Jag och en vän tänkte åka till \"spökstationen\" Kymlinge imorgon. Jag har sökt en hel del, men inte fått svar på mina viktigaste frågor, tänkte därför att ni kanske kunde hjälpa mig. 1. Är det olagligt att gå in på Kymlinge, dvs att nån vakt kan komma och \"ta hand\" om en. 2. Måste man gå över tunnelbanespåren för att komma in på själva stationen? I sådana fall, hur gör man detta på bästa sätt? 3. V..."
          },
          {
            "source": "https://www.flashback.org/t2225405",
            "thread_url": "https://www.flashback.org/t2225405",
            "post_id": "post6932389",
            "username": "Torskfilé",
            "time_raw": "2007-04-23, 23:31 # 12",
            "confidence": 0.72,
            "comment": "Citat: Ursprungligen postat av Solstickeflicka Jag och en vän tänkte åka till \"spökstationen\" Kymlinge imorgon. Jag har sökt en hel del, men inte fått svar på mina viktigaste frågor, tänkte därför att ni kanske kunde hjälpa mig. 1. Är det olagligt att gå in på Kymlinge, dvs att nån vakt kan komma och \"ta hand\" om en. 2. Måste man gå över tunnelbanespåren för att komma in på själva stationen? I sådana fall, hur gör man detta på bästa sätt? 3. V..."
          }
        ],
        "source": "https://www.flashback.org/t2225405",
        "thread_url": "https://www.flashback.org/t2225405",
        "post_id": "post6932389",
        "username": "Torskfilé",
        "time_raw": "2007-04-23, 23:31 # 12",
        "confidence": 0.72,
        "comment": "Citat: Ursprungligen postat av Solstickeflicka Jag och en vän tänkte åka till \"spökstationen\" Kymlinge imorgon. Jag har sökt en hel del, men inte fått svar på mina viktigaste frågor, tänkte därför att ni kanske kunde hjälpa mig. 1. Är det olagligt att gå in på Kymlinge, dvs att nån vakt kan komma och \"ta hand\" om en. 2. Måste man gå över tunnelbanespåren för att komma in på själva stationen? I sådana fall, hur gör man detta på bästa sätt? 3. V..."
      }
    },
    {
      "type": "Feature",
      "geometry": {
        "type": "Point",
        "coordinates": [
          14.2773519,
          59.2709112
        ]
      },
      "properties": {
        "id": "2c22de5bf491",
        "entity": "Vismen",
        "query": "Vismen, Sweden",
        "display_name": "Vismen, Björneborg, Kristinehamns kommun, Värmlands län, Sverige",
        "osm_type": "relation",
        "osm_id": 3433706,
        "geocode_confidence": 0.13618373728802152,
        "evidence": [
          {
            "source": "https://www.flashback.org/t1690739p2",
            "thread_url": "https://www.flashback.org/t1690739",
            "post_id": "post86790177",
            "username": "usernomen",
            "time_raw": "2023-12-23, 21:05 # 18",
            "confidence": 0.6,
            "comment": "Det är bara gamla radiomasten. Bunkern ligger längre bort, tror nedgången syns ännu inte besökt stället detta århundradet. Platsen var då paintboll ställe? med div figurer plywood soldater. I vmo, ödehus finns/fanns för vid Vismen, ett märkligt ställe."
          },
          {
            "source": "https://www.flashback.org/t1690739p2",
            "thread_url": "https://www.flashback.org/t1690739",
            "post_id": "post86790274",
            "username": "Hampthy",
            "time_raw": "2023-12-23, 21:16 # 19",
            "confidence": 0.64,
            "comment": "Citat: Ursprungligen postat av usernomen Det är bara gamla radiomasten. Bunkern ligger längre bort, tror nedgången syns ännu inte besökt stället detta århundradet. Platsen var då paintboll ställe? med div figurer plywood soldater. I vmo, ödehus finns/fanns för vid Vismen, ett märkligt ställe. Masten lär väll ändå ligga i närheten av inslaget. Var ska \"huset\" annars legat?"
          }
        ],
        "source": "https://www.flashback.org/t1690739p2",
        "thread_url": "https://www.flashback.org/t1690739",
        "post_id": "post86790274",
        "username": "Hampthy",
        "time_raw": "2023-12-23, 21:16 # 19",
        "confidence": 0.64,
        "comment": "Citat: Ursprungligen postat av usernomen Det är bara gamla radiomasten. Bunkern ligger längre bort, tror nedgången syns ännu inte besökt stället detta århundradet. Platsen var då paintboll ställe? med div figurer plywood soldater. I vmo, ödehus finns/fanns för vid Vismen, ett märkligt ställe. Masten lär väll ändå ligga i närheten av inslaget. Var ska \"huset\" annars legat?"
      }
    },
    {
      "type": "Feature",
      "geometry": {
        "type": "Point",
        "coordinates": [
          11.9830608,
          57.8037708
        ]
      },
      "properties": {
        "id": "8be8ec62c9fc",
        "entity": "Bunkern",
        "query": "Bunkern, Sweden",
        "display_name": "Bunkern, Smedlyckan, Kärra, Hisingen, Mysterna, Göteborgs Stad, Västra Götalands län, 425 65, Sverige",
        "osm_type": "way",
        "osm_id": 315979825,
        "geocode_confidence": 7.775005722128661e-05,
        "evidence": [
          {
            "source": "https://www.flashback.org/t1690739p2",
            "thread_url": "https://www.flashback.org/t1690739",
            "post_id": "post86790177",
            "username": "usernomen",
            "time_raw": "2023-12-23, 21:05 # 18",
            "confidence": 0.6,
            "comment": "Det är bara gamla radiomasten. Bunkern ligger längre bort, tror nedgången syns ännu inte besökt stället detta århundradet. Platsen var då paintboll ställe? med div figurer plywood soldater. I vmo, ödehus finns/fanns för vid Vismen, ett märkligt ställe."
          },
          {
            "source": "https://www.flashback.org/t1690739p2",
            "thread_url": "https://www.flashback.org/t1690739",
            "post_id": "post86790274",
            "username": "Hampthy",
            "time_raw": "2023-12-23, 21:16 # 19",
            "confidence": 0.64,
            "comment": "Citat: Ursprungligen postat av usernomen Det är bara gamla radiomasten. Bunkern ligger längre bort, tror nedgången syns ännu inte besökt stället detta århundradet. Platsen var då paintboll ställe? med div figurer plywood soldater. I vmo, ödehus finns/fanns för vid Vismen, ett märkligt ställe. Masten lär väll ändå ligga i närheten av inslaget. Var ska \"huset\" annars legat?"
          },
          {
            "source": "https://www.flashback.org/t3725204p2",
            "thread_url": "https://www.flashback.org/t3725204",
            "post_id": "post94695162",
            "username": "Batagare",
            "time_raw": "2026-04-06, 08:28 # 16",
            "confidence": 0.48,
            "comment": "Är du intresserad av bunkrar, är Valentins ubåtsbunker i Bremen Farge ett måste. Den var den största ubåtsanläggningen i Tyskland, endast överträffad av anläggningarnai Frankrike. Bunkern är cirka 426 meter lång och 97 meter bred på sin bredaste punkt; väggarna är 4,5 meter tjocka. Byggnadens höjd är mellan 22,5 och 27 meter. Taket byggdes med hjälp av dussintals stora armerade betongbågar, tillverkade på plats och individuellt lyfta på plats...."
          },
          {
            "source": "https://www.flashback.org/t3725204p2",
            "thread_url": "https://www.flashback.org/t3725204",
            "post_id": "post94780238",
            "username": "Lumbago",
            "time_raw": "2026-04-17, 16:27 # 18",
            "confidence": 0.52,
            "comment": "Öster om Berlin finns Fuchsbau. Bunkern byggdes under Nazi-tiden, byggdes ut ordentligt av DDR-regimen under 1970-talet, och användes även några år av den tyska militären efter Tysklands återförenande. Plomberades år 1995 och öppnades åter år 2005. Visningar hålls varje vecka. https://www.bunkermuseum-fuchsbau.de/ https://www.tripadvisor.se/Attraction_Review-g656527-d8527298-Reviews-Bunkeranlage_Fuchsbau_ZGS14-Bad_Saarow_Brandenburg.html"
          }
        ],
        "source": "https://www.flashback.org/t3725204p2",
        "thread_url": "https://www.flashback.org/t3725204",
        "post_id": "post94780238",
        "username": "Lumbago",
        "time_raw": "2026-04-17, 16:27 # 18",
        "confidence": 0.52,
        "comment": "Öster om Berlin finns Fuchsbau. Bunkern byggdes under Nazi-tiden, byggdes ut ordentligt av DDR-regimen under 1970-talet, och användes även några år av den tyska militären efter Tysklands återförenande. Plomberades år 1995 och öppnades åter år 2005. Visningar hålls varje vecka. https://www.bunkermuseum-fuchsbau.de/ https://www.tripadvisor.se/Attraction_Review-g656527-d8527298-Reviews-Bunkeranlage_Fuchsbau_ZGS14-Bad_Saarow_Brandenburg.html"
      }
    },
    {
      "type": "Feature",
      "geometry": {
        "type": "Point",
        "coordinates": [
          11.3597667,
          58.6345719
        ]
      },
      "properties": {
        "id": "898878c2617f",
        "entity": "Platsen",
        "query": "Platsen, Sweden",
        "display_name": "Platsen, Åbrott, Tanums kommun, Västra Götalands län, 457 41, Sverige",
        "osm_type": "node",
        "osm_id": 7483587679,
        "geocode_confidence": 0.10672429617761499,
        "evidence": [
          {
            "source": "https://www.flashback.org/t1690739p2",
            "thread_url": "https://www.flashback.org/t1690739",
            "post_id": "post86790177",
            "username": "usernomen",
            "time_raw": "2023-12-23, 21:05 # 18",
            "confidence": 0.6,
            "comment": "Det är bara gamla radiomasten. Bunkern ligger längre bort, tror nedgången syns ännu inte besökt stället detta århundradet. Platsen var då paintboll ställe? med div figurer plywood soldater. I vmo, ödehus finns/fanns för vid Vismen, ett märkligt ställe."
          },
          {
            "source": "https://www.flashback.org/t1690739p2",
            "thread_url": "https://www.flashback.org/t1690739",
            "post_id": "post86790274",
            "username": "Hampthy",
            "time_raw": "2023-12-23, 21:16 # 19",
            "confidence": 0.64,
            "comment": "Citat: Ursprungligen postat av usernomen Det är bara gamla radiomasten. Bunkern ligger längre bort, tror nedgången syns ännu inte besökt stället detta århundradet. Platsen var då paintboll ställe? med div figurer plywood soldater. I vmo, ödehus finns/fanns för vid Vismen, ett märkligt ställe. Masten lär väll ändå ligga i närheten av inslaget. Var ska \"huset\" annars legat?"
          }
        ],
        "source": "https://www.flashback.org/t1690739p2",
        "thread_url": "https://www.flashback.org/t1690739",
        "post_id": "post86790274",
        "username": "Hampthy",
        "time_raw": "2023-12-23, 21:16 # 19",
        "confidence": 0.64,
        "comment": "Citat: Ursprungligen postat av usernomen Det är bara gamla radiomasten. Bunkern ligger längre bort, tror nedgången syns ännu inte besökt stället detta århundradet. Platsen var då paintboll ställe? med div figurer plywood soldater. I vmo, ödehus finns/fanns för vid Vismen, ett märkligt ställe. Masten lär väll ändå ligga i närheten av inslaget. Var ska \"huset\" annars legat?"
      }
    },
    {
      "type": "Feature",
      "geometry": {
        "type": "Point",
        "coordinates": [
          17.1470584,
          60.6770724
        ]
      },
      "properties": {
        "id": "0a5f89ec621f",
        "entity": "Masten",
        "query": "Masten, Sweden",
        "display_name": "Masten, Södertull, Gävle, Gävle kommun, Gävleborgs län, Sverige",
        "osm_type": "way",
        "osm_id": 290065702,
        "geocode_confidence": 0.10673135652704659,
        "evidence": [
          {
            "source": "https://www.flashback.org/t1690739p2",
            "thread_url": "https://www.flashback.org/t1690739",
            "post_id": "post86790274",
            "username": "Hampthy",
            "time_raw": "2023-12-23, 21:16 # 19",
            "confidence": 0.64,
            "comment": "Citat: Ursprungligen postat av usernomen Det är bara gamla radiomasten. Bunkern ligger längre bort, tror nedgången syns ännu inte besökt stället detta århundradet. Platsen var då paintboll ställe? med div figurer plywood soldater. I vmo, ödehus finns/fanns för vid Vismen, ett märkligt ställe. Masten lär väll ändå ligga i närheten av inslaget. Var ska \"huset\" annars legat?"
          },
          {
            "source": "https://www.flashback.org/t2167471",
            "thread_url": "https://www.flashback.org/t2167471",
            "post_id": "post44026122",
            "username": "Myrslingerbult",
            "time_raw": "2013-06-23, 23:00 # 2",
            "confidence": 0.72,
            "comment": "Masten som ni hittat tillhör försvarsmakten, och den används dagligen för att skicka krypterad kommunikation mellan olika regementen och ledningscentraler. Liknande master finns utplacerade som en kedja runtom i hela landet, och tillsammans bildar de Försvarets telenät (FTN) eller Försvarets fasta radiolänknät som det också kallas. I skyddsrummet en bit i från masten finns vanligtvis inte mer än utrustningen än vad som behövs för att konfigure..."
          }
        ],
        "source": "https://www.flashback.org/t2167471",
        "thread_url": "https://www.flashback.org/t2167471",
        "post_id": "post44026122",
        "username": "Myrslingerbult",
        "time_raw": "2013-06-23, 23:00 # 2",
        "confidence": 0.72,
        "comment": "Masten som ni hittat tillhör försvarsmakten, och den används dagligen för att skicka krypterad kommunikation mellan olika regementen och ledningscentraler. Liknande master finns utplacerade som en kedja runtom i hela landet, och tillsammans bildar de Försvarets telenät (FTN) eller Försvarets fasta radiolänknät som det också kallas. I skyddsrummet en bit i från masten finns vanligtvis inte mer än utrustningen än vad som behövs för att konfigure..."
      }
    },
    {
      "type": "Feature",
      "geometry": {
        "type": "Point",
        "coordinates": [
          13.1425442,
          58.4176105
        ]
      },
      "properties": {
        "id": "df75283a75b5",
        "entity": "Bäst",
        "query": "Bäst, Sweden",
        "display_name": "Bast, Norra Härene distrikt, Lidköpings kommun, Västra Götalands län, 531 93, Sverige",
        "osm_type": "node",
        "osm_id": 7495631505,
        "geocode_confidence": 0.13339003967345692,
        "evidence": [
          {
            "source": "https://www.flashback.org/t1690739p2",
            "thread_url": "https://www.flashback.org/t1690739",
            "post_id": "post93688153",
            "username": "von-tratt",
            "time_raw": "2025-12-08, 04:34 # 20",
            "confidence": 0.76,
            "comment": "Citat: Ursprungligen postat av Hampthy Njae, skulle varit användbart. Men i och med att det bor folk i huset intill så lär det höras. Bäst att leta med metalldetektor efter armeringen, eller söka sig fram med järnspett. Ska försöka ta reda på lite mer exakt vars inslaget har legat Jag är jävligt sugen på att hitta inslaget. Har tillgång till metalldetektor och bor i närheten Om du skulle vilja göra slag i saken. Det finns ju en annan militär m..."
          }
        ],
        "source": "https://www.flashback.org/t1690739p2",
        "thread_url": "https://www.flashback.org/t1690739",
        "post_id": "post93688153",
        "username": "von-tratt",
        "time_raw": "2025-12-08, 04:34 # 20",
        "confidence": 0.76,
        "comment": "Citat: Ursprungligen postat av Hampthy Njae, skulle varit användbart. Men i och med att det bor folk i huset intill så lär det höras. Bäst att leta med metalldetektor efter armeringen, eller söka sig fram med järnspett. Ska försöka ta reda på lite mer exakt vars inslaget har legat Jag är jävligt sugen på att hitta inslaget. Har tillgång till metalldetektor och bor i närheten Om du skulle vilja göra slag i saken. Det finns ju en annan militär m..."
      }
    },
    {
      "type": "Feature",
      "geometry": {
        "type": "Point",
        "coordinates": [
          13.0999813,
          56.1116035
        ]
      },
      "properties": {
        "id": "60afccfa72f9",
        "entity": "Hör",
        "query": "Hör, Sweden",
        "display_name": "Hör, Klippan, Klippans kommun, Skåne län, 264 39, Sverige",
        "osm_type": "node",
        "osm_id": 7486807532,
        "geocode_confidence": 0.1067217692835889,
        "evidence": [
          {
            "source": "https://www.flashback.org/t1690739p2",
            "thread_url": "https://www.flashback.org/t1690739",
            "post_id": "post93688153",
            "username": "von-tratt",
            "time_raw": "2025-12-08, 04:34 # 20",
            "confidence": 0.76,
            "comment": "Citat: Ursprungligen postat av Hampthy Njae, skulle varit användbart. Men i och med att det bor folk i huset intill så lär det höras. Bäst att leta med metalldetektor efter armeringen, eller söka sig fram med järnspett. Ska försöka ta reda på lite mer exakt vars inslaget har legat Jag är jävligt sugen på att hitta inslaget. Har tillgång till metalldetektor och bor i närheten Om du skulle vilja göra slag i saken. Det finns ju en annan militär m..."
          },
          {
            "source": "https://www.flashback.org/t1690739p2",
            "thread_url": "https://www.flashback.org/t1690739",
            "post_id": "post94997526",
            "username": "Hampthy",
            "time_raw": "2026-05-18, 23:17 # 21",
            "confidence": 0.76,
            "comment": "Citat: Ursprungligen postat av von-tratt Jag är jävligt sugen på att hitta inslaget. Har tillgång till metalldetektor och bor i närheten Om du skulle vilja göra slag i saken. Det finns ju en annan militär mast utanför Värnamo som inte har varit i bruk på rätt många decennier antar jag. Hör dessa två ihop på något vis? Hade nog mer klassat det som ingång, eftersom att det var en \"vanlig\" trappa ner i marken. Lär ligga på den platta ytan där. Ha..."
          }
        ],
        "source": "https://www.flashback.org/t1690739p2",
        "thread_url": "https://www.flashback.org/t1690739",
        "post_id": "post94997526",
        "username": "Hampthy",
        "time_raw": "2026-05-18, 23:17 # 21",
        "confidence": 0.76,
        "comment": "Citat: Ursprungligen postat av von-tratt Jag är jävligt sugen på att hitta inslaget. Har tillgång till metalldetektor och bor i närheten Om du skulle vilja göra slag i saken. Det finns ju en annan militär mast utanför Värnamo som inte har varit i bruk på rätt många decennier antar jag. Hör dessa två ihop på något vis? Hade nog mer klassat det som ingång, eftersom att det var en \"vanlig\" trappa ner i marken. Lär ligga på den platta ytan där. Ha..."
      }
    },
    {
      "type": "Feature",
      "geometry": {
        "type": "Point",
        "coordinates": [
          17.0420897,
          60.2904667
        ]
      },
      "properties": {
        "id": "7feb3d63fa8b",
        "entity": "Hade",
        "query": "Hade, Sweden",
        "display_name": "Hade, Gävle kommun, Gävleborgs län, Sverige",
        "osm_type": "node",
        "osm_id": 565652920,
        "geocode_confidence": 0.13338948577096207,
        "evidence": [
          {
            "source": "https://www.flashback.org/t1690739p2",
            "thread_url": "https://www.flashback.org/t1690739",
            "post_id": "post94997526",
            "username": "Hampthy",
            "time_raw": "2026-05-18, 23:17 # 21",
            "confidence": 0.76,
            "comment": "Citat: Ursprungligen postat av von-tratt Jag är jävligt sugen på att hitta inslaget. Har tillgång till metalldetektor och bor i närheten Om du skulle vilja göra slag i saken. Det finns ju en annan militär mast utanför Värnamo som inte har varit i bruk på rätt många decennier antar jag. Hör dessa två ihop på något vis? Hade nog mer klassat det som ingång, eftersom att det var en \"vanlig\" trappa ner i marken. Lär ligga på den platta ytan där. Ha..."
          },
          {
            "source": "https://www.flashback.org/t359143",
            "thread_url": "https://www.flashback.org/t359143",
            "post_id": "post10056457",
            "username": "Hegge",
            "time_raw": "2008-02-18, 18:39 # 9",
            "confidence": 0.64,
            "comment": "Angående övergivna minkfarmar har jag en intressant historia att berätta. Hade för en tid sedan fått information om något som troligtvis skulle vara en övergiven minkfarm en bit in i skogen. Åkte på ett antal expeditioner för att finna denna farm, dock utan resultat. Men tillslut lyckades vi lokalisera den via eniros flygfoto, vilket inte var högupplöst på denna plats, och vi gav os återigen iväg. Efter en lång vandring genom skogen och runt e..."
          }
        ],
        "source": "https://www.flashback.org/t359143",
        "thread_url": "https://www.flashback.org/t359143",
        "post_id": "post10056457",
        "username": "Hegge",
        "time_raw": "2008-02-18, 18:39 # 9",
        "confidence": 0.64,
        "comment": "Angående övergivna minkfarmar har jag en intressant historia att berätta. Hade för en tid sedan fått information om något som troligtvis skulle vara en övergiven minkfarm en bit in i skogen. Åkte på ett antal expeditioner för att finna denna farm, dock utan resultat. Men tillslut lyckades vi lokalisera den via eniros flygfoto, vilket inte var högupplöst på denna plats, och vi gav os återigen iväg. Efter en lång vandring genom skogen och runt e..."
      }
    },
    {
      "type": "Feature",
      "geometry": {
        "type": "Point",
        "coordinates": [
          12.9928765,
          55.5905399
        ]
      },
      "properties": {
        "id": "1f30fd1f3847",
        "entity": "Lär",
        "query": "Lär, Sweden",
        "display_name": "Lär känna Pildammsparkens fågar, Margaretavägen, Pildammsparken, Innerstaden, Malmö, Malmö kommun, Skåne län, 217 42, Sverige",
        "osm_type": "node",
        "osm_id": 12990086449,
        "geocode_confidence": 7.356755931940211e-05,
        "evidence": [
          {
            "source": "https://www.flashback.org/t1690739p2",
            "thread_url": "https://www.flashback.org/t1690739",
            "post_id": "post94997526",
            "username": "Hampthy",
            "time_raw": "2026-05-18, 23:17 # 21",
            "confidence": 0.76,
            "comment": "Citat: Ursprungligen postat av von-tratt Jag är jävligt sugen på att hitta inslaget. Har tillgång till metalldetektor och bor i närheten Om du skulle vilja göra slag i saken. Det finns ju en annan militär mast utanför Värnamo som inte har varit i bruk på rätt många decennier antar jag. Hör dessa två ihop på något vis? Hade nog mer klassat det som ingång, eftersom att det var en \"vanlig\" trappa ner i marken. Lär ligga på den platta ytan där. Ha..."
          }
        ],
        "source": "https://www.flashback.org/t1690739p2",
        "thread_url": "https://www.flashback.org/t1690739",
        "post_id": "post94997526",
        "username": "Hampthy",
        "time_raw": "2026-05-18, 23:17 # 21",
        "confidence": 0.76,
        "comment": "Citat: Ursprungligen postat av von-tratt Jag är jävligt sugen på att hitta inslaget. Har tillgång till metalldetektor och bor i närheten Om du skulle vilja göra slag i saken. Det finns ju en annan militär mast utanför Värnamo som inte har varit i bruk på rätt många decennier antar jag. Hör dessa två ihop på något vis? Hade nog mer klassat det som ingång, eftersom att det var en \"vanlig\" trappa ner i marken. Lär ligga på den platta ytan där. Ha..."
      }
    },
    {
      "type": "Feature",
      "geometry": {
        "type": "Point",
        "coordinates": [
          11.8335326,
          57.727476
        ]
      },
      "properties": {
        "id": "98a5256c719f",
        "entity": "Volvo",
        "query": "Volvo, Sweden",
        "display_name": "Volvo Cars Torslanda, Arendal, Hisingen, Västra Låssby, Göteborgs Stad, Västra Götalands län, Sverige",
        "osm_type": "relation",
        "osm_id": 13387832,
        "geocode_confidence": 0.5577693300681458,
        "evidence": [
          {
            "source": "https://www.flashback.org/t2557575p2",
            "thread_url": "https://www.flashback.org/t2557575",
            "post_id": "post53089333",
            "username": "fghjkl",
            "time_raw": "2015-04-21, 22:12 # 16",
            "confidence": 0.56,
            "comment": "Citat: Ursprungligen postat av Hegamon Jag tycker att skärmkanter på bilarna inte ser så rostiga ut, överhuvudtaget ser jag inge speciell rost, vad kan det bero på? Är vattnet speciellt i gruvan som gör att det inte rostar? Jag förutsätter ändå att de legat på botten i gruvan ett bra tag. Kan tänka mig att bilarna, de från -70 talet använts ca 10 år, eftersom de uppvisar inga direkta rostskador efter användningen på vägarna. Volvo 240 började..."
          },
          {
            "source": "https://www.flashback.org/t2557575p2",
            "thread_url": "https://www.flashback.org/t2557575",
            "post_id": "post53090057",
            "username": "Storbandsjazz",
            "time_raw": "2015-04-21, 22:59 # 19",
            "confidence": 0.56,
            "comment": "Citat: Ursprungligen postat av Hegamon Jag tycker att skärmkanter på bilarna inte ser så rostiga ut, överhuvudtaget ser jag inge speciell rost, vad kan det bero på? Är vattnet speciellt i gruvan som gör att det inte rostar? Jag förutsätter ändå att de legat på botten i gruvan ett bra tag. Kan tänka mig att bilarna, de från -70 talet använts ca 10 år, eftersom de uppvisar inga direkta rostskador efter användningen på vägarna. Volvo 240 började..."
          }
        ],
        "source": "https://www.flashback.org/t2557575p2",
        "thread_url": "https://www.flashback.org/t2557575",
        "post_id": "post53090057",
        "username": "Storbandsjazz",
        "time_raw": "2015-04-21, 22:59 # 19",
        "confidence": 0.56,
        "comment": "Citat: Ursprungligen postat av Hegamon Jag tycker att skärmkanter på bilarna inte ser så rostiga ut, överhuvudtaget ser jag inge speciell rost, vad kan det bero på? Är vattnet speciellt i gruvan som gör att det inte rostar? Jag förutsätter ändå att de legat på botten i gruvan ett bra tag. Kan tänka mig att bilarna, de från -70 talet använts ca 10 år, eftersom de uppvisar inga direkta rostskador efter användningen på vägarna. Volvo 240 började..."
      }
    },
    {
      "type": "Feature",
      "geometry": {
        "type": "Point",
        "coordinates": [
          12.8862812,
          56.6696297
        ]
      },
      "properties": {
        "id": "1abf68a7850f",
        "entity": "Inte",
        "query": "Inte, Sweden",
        "display_name": "Rivning av gamla skolan, lägg inte till något här, Linehed, Halmstad, Halmstads kommun, Hallands län, Sverige",
        "osm_type": "way",
        "osm_id": 1306371501,
        "geocode_confidence": 0.08006343556878001,
        "evidence": [
          {
            "source": "https://www.flashback.org/t2557575p2",
            "thread_url": "https://www.flashback.org/t2557575",
            "post_id": "post53089333",
            "username": "fghjkl",
            "time_raw": "2015-04-21, 22:12 # 16",
            "confidence": 0.56,
            "comment": "Citat: Ursprungligen postat av Hegamon Jag tycker att skärmkanter på bilarna inte ser så rostiga ut, överhuvudtaget ser jag inge speciell rost, vad kan det bero på? Är vattnet speciellt i gruvan som gör att det inte rostar? Jag förutsätter ändå att de legat på botten i gruvan ett bra tag. Kan tänka mig att bilarna, de från -70 talet använts ca 10 år, eftersom de uppvisar inga direkta rostskador efter användningen på vägarna. Volvo 240 började..."
          },
          {
            "source": "https://www.flashback.org/t750391",
            "thread_url": "https://www.flashback.org/t750391",
            "post_id": "post12962154",
            "username": "Swampman",
            "time_raw": "2008-09-21, 19:58 # 4",
            "confidence": 0.48,
            "comment": "Citat: Ursprungligen postat av Edwards Barkarby är väl bara civil flygklubb numera. Vet att FortV äger en liten del av området runt berghangaren och tornet och att just detta är skyltat militärt område. FMLOG har kvar verksamhet vid Barkarby och den gamla berghangaren plus två av plattorna ovanjord används för hantering av logistik kring mtrl. Inte sexigare än så."
          },
          {
            "source": "https://www.flashback.org/t3618848",
            "thread_url": "https://www.flashback.org/t3618848",
            "post_id": "post94946381",
            "username": "borrass",
            "time_raw": "2026-05-12, 13:37 # 8",
            "confidence": 0.56,
            "comment": "Citat: Ursprungligen postat av ZpexIV Vart är bruksberget?? Borde rimligen vara berget vid området bruket i Kramfors? Inte en aning bara en gissning."
          }
        ],
        "source": "https://www.flashback.org/t3618848",
        "thread_url": "https://www.flashback.org/t3618848",
        "post_id": "post94946381",
        "username": "borrass",
        "time_raw": "2026-05-12, 13:37 # 8",
        "confidence": 0.56,
        "comment": "Citat: Ursprungligen postat av ZpexIV Vart är bruksberget?? Borde rimligen vara berget vid området bruket i Kramfors? Inte en aning bara en gissning."
      }
    },
    {
      "type": "Feature",
      "geometry": {
        "type": "Point",
        "coordinates": [
          15.6621664,
          60.6223243
        ]
      },
      "properties": {
        "id": "3d3dac620ea4",
        "entity": "Fet-",
        "query": "Fet-, Sweden",
        "display_name": "Fet-Mats, Lugnet, Lilla Hälla, Falun, Falu kommun, Dalarnas län, 791 40, Sverige",
        "osm_type": "way",
        "osm_id": 442743926,
        "geocode_confidence": 0.04006609369039443,
        "evidence": [
          {
            "source": "https://www.flashback.org/t2557575p2",
            "thread_url": "https://www.flashback.org/t2557575",
            "post_id": "post53089333",
            "username": "fghjkl",
            "time_raw": "2015-04-21, 22:12 # 16",
            "confidence": 0.56,
            "comment": "Citat: Ursprungligen postat av Hegamon Jag tycker att skärmkanter på bilarna inte ser så rostiga ut, överhuvudtaget ser jag inge speciell rost, vad kan det bero på? Är vattnet speciellt i gruvan som gör att det inte rostar? Jag förutsätter ändå att de legat på botten i gruvan ett bra tag. Kan tänka mig att bilarna, de från -70 talet använts ca 10 år, eftersom de uppvisar inga direkta rostskador efter användningen på vägarna. Volvo 240 började..."
          }
        ],
        "source": "https://www.flashback.org/t2557575p2",
        "thread_url": "https://www.flashback.org/t2557575",
        "post_id": "post53089333",
        "username": "fghjkl",
        "time_raw": "2015-04-21, 22:12 # 16",
        "confidence": 0.56,
        "comment": "Citat: Ursprungligen postat av Hegamon Jag tycker att skärmkanter på bilarna inte ser så rostiga ut, överhuvudtaget ser jag inge speciell rost, vad kan det bero på? Är vattnet speciellt i gruvan som gör att det inte rostar? Jag förutsätter ändå att de legat på botten i gruvan ett bra tag. Kan tänka mig att bilarna, de från -70 talet använts ca 10 år, eftersom de uppvisar inga direkta rostskador efter användningen på vägarna. Volvo 240 började..."
      }
    },
    {
      "type": "Feature",
      "geometry": {
        "type": "Point",
        "coordinates": [
          18.0791733,
          59.3123199
        ]
      },
      "properties": {
        "id": "2aea5aacbeb4",
        "entity": "Enkelt",
        "query": "Enkelt, Sweden",
        "display_name": "Bara Enkelt, Skånegatan, Södermalm, Södermalms stadsdelsområde, Stockholm, Stockholms kommun, Stockholms län, 116 37, Sverige",
        "osm_type": "node",
        "osm_id": 1509877648,
        "geocode_confidence": 8.40184634164495e-05,
        "evidence": [
          {
            "source": "https://www.flashback.org/t2557575p2",
            "thread_url": "https://www.flashback.org/t2557575",
            "post_id": "post53090057",
            "username": "Storbandsjazz",
            "time_raw": "2015-04-21, 22:59 # 19",
            "confidence": 0.56,
            "comment": "Citat: Ursprungligen postat av Hegamon Jag tycker att skärmkanter på bilarna inte ser så rostiga ut, överhuvudtaget ser jag inge speciell rost, vad kan det bero på? Är vattnet speciellt i gruvan som gör att det inte rostar? Jag förutsätter ändå att de legat på botten i gruvan ett bra tag. Kan tänka mig att bilarna, de från -70 talet använts ca 10 år, eftersom de uppvisar inga direkta rostskador efter användningen på vägarna. Volvo 240 började..."
          }
        ],
        "source": "https://www.flashback.org/t2557575p2",
        "thread_url": "https://www.flashback.org/t2557575",
        "post_id": "post53090057",
        "username": "Storbandsjazz",
        "time_raw": "2015-04-21, 22:59 # 19",
        "confidence": 0.56,
        "comment": "Citat: Ursprungligen postat av Hegamon Jag tycker att skärmkanter på bilarna inte ser så rostiga ut, överhuvudtaget ser jag inge speciell rost, vad kan det bero på? Är vattnet speciellt i gruvan som gör att det inte rostar? Jag förutsätter ändå att de legat på botten i gruvan ett bra tag. Kan tänka mig att bilarna, de från -70 talet använts ca 10 år, eftersom de uppvisar inga direkta rostskador efter användningen på vägarna. Volvo 240 började..."
      }
    },
    {
      "type": "Feature",
      "geometry": {
        "type": "Point",
        "coordinates": [
          16.32425,
          56.7085261
        ]
      },
      "properties": {
        "id": "f48d0e75d45d",
        "entity": "Rätta",
        "query": "Rätta, Sweden",
        "display_name": "Rätta vägen, Vimpeltorpet, Kalmar, Kalmar kommun, Kalmar län, 393 61, Sverige",
        "osm_type": "way",
        "osm_id": 503248623,
        "geocode_confidence": 0.05339701304646369,
        "evidence": [
          {
            "source": "https://www.flashback.org/t2557575p2",
            "thread_url": "https://www.flashback.org/t2557575",
            "post_id": "post53090057",
            "username": "Storbandsjazz",
            "time_raw": "2015-04-21, 22:59 # 19",
            "confidence": 0.56,
            "comment": "Citat: Ursprungligen postat av Hegamon Jag tycker att skärmkanter på bilarna inte ser så rostiga ut, överhuvudtaget ser jag inge speciell rost, vad kan det bero på? Är vattnet speciellt i gruvan som gör att det inte rostar? Jag förutsätter ändå att de legat på botten i gruvan ett bra tag. Kan tänka mig att bilarna, de från -70 talet använts ca 10 år, eftersom de uppvisar inga direkta rostskador efter användningen på vägarna. Volvo 240 började..."
          }
        ],
        "source": "https://www.flashback.org/t2557575p2",
        "thread_url": "https://www.flashback.org/t2557575",
        "post_id": "post53090057",
        "username": "Storbandsjazz",
        "time_raw": "2015-04-21, 22:59 # 19",
        "confidence": 0.56,
        "comment": "Citat: Ursprungligen postat av Hegamon Jag tycker att skärmkanter på bilarna inte ser så rostiga ut, överhuvudtaget ser jag inge speciell rost, vad kan det bero på? Är vattnet speciellt i gruvan som gör att det inte rostar? Jag förutsätter ändå att de legat på botten i gruvan ett bra tag. Kan tänka mig att bilarna, de från -70 talet använts ca 10 år, eftersom de uppvisar inga direkta rostskador efter användningen på vägarna. Volvo 240 började..."
      }
    },
    {
      "type": "Feature",
      "geometry": {
        "type": "Point",
        "coordinates": [
          14.2151224,
          61.0603779
        ]
      },
      "properties": {
        "id": "de6fbaf0cba0",
        "entity": "Dalarna",
        "query": "Dalarna, Sweden",
        "display_name": "Dalarnas län, Sverige",
        "osm_type": "relation",
        "osm_id": 52834,
        "geocode_confidence": 0.61184586115,
        "evidence": [
          {
            "source": "https://www.flashback.org/t2557575p2",
            "thread_url": "https://www.flashback.org/t2557575",
            "post_id": "post53090431",
            "username": "MosterAugusta",
            "time_raw": "2015-04-21, 23:30 # 21",
            "confidence": 0.48,
            "comment": "Citat: Ursprungligen postat av maallgan I Silvbergs gamla gruvschakt i Dalarna har man hittat ett 20-tal dumpade bilar, alla man funnit registreringsnummer på har varit visat sig vara stulna, återstår att se om det finns något intressant i bilarna. http://www.dt.se/dalarna/sater/vi-vantar-pa-att-fa-borja-barga http://www.dt.se/dalarna/sater/hittade-16-bilar-i-silvbergs-gruva Detta är ju mer ett PR-jippo än nyhet. Silvberg är ett känt dykställe..."
          }
        ],
        "source": "https://www.flashback.org/t2557575p2",
        "thread_url": "https://www.flashback.org/t2557575",
        "post_id": "post53090431",
        "username": "MosterAugusta",
        "time_raw": "2015-04-21, 23:30 # 21",
        "confidence": 0.48,
        "comment": "Citat: Ursprungligen postat av maallgan I Silvbergs gamla gruvschakt i Dalarna har man hittat ett 20-tal dumpade bilar, alla man funnit registreringsnummer på har varit visat sig vara stulna, återstår att se om det finns något intressant i bilarna. http://www.dt.se/dalarna/sater/vi-vantar-pa-att-fa-borja-barga http://www.dt.se/dalarna/sater/hittade-16-bilar-i-silvbergs-gruva Detta är ju mer ett PR-jippo än nyhet. Silvberg är ett känt dykställe..."
      }
    },
    {
      "type": "Feature",
      "geometry": {
        "type": "Point",
        "coordinates": [
          15.5007706,
          60.3611481
        ]
      },
      "properties": {
        "id": "10f8dd5d0522",
        "entity": "Silvbergs",
        "query": "Silvbergs, Sweden",
        "display_name": "Silvbergs kyrka, 461, W 653, Grängshammar, Säters kommun, Dalarnas län, 781 96, Sverige",
        "osm_type": "way",
        "osm_id": 585518205,
        "geocode_confidence": 0.18157831638402872,
        "evidence": [
          {
            "source": "https://www.flashback.org/t2557575p2",
            "thread_url": "https://www.flashback.org/t2557575",
            "post_id": "post53090431",
            "username": "MosterAugusta",
            "time_raw": "2015-04-21, 23:30 # 21",
            "confidence": 0.48,
            "comment": "Citat: Ursprungligen postat av maallgan I Silvbergs gamla gruvschakt i Dalarna har man hittat ett 20-tal dumpade bilar, alla man funnit registreringsnummer på har varit visat sig vara stulna, återstår att se om det finns något intressant i bilarna. http://www.dt.se/dalarna/sater/vi-vantar-pa-att-fa-borja-barga http://www.dt.se/dalarna/sater/hittade-16-bilar-i-silvbergs-gruva Detta är ju mer ett PR-jippo än nyhet. Silvberg är ett känt dykställe..."
          }
        ],
        "source": "https://www.flashback.org/t2557575p2",
        "thread_url": "https://www.flashback.org/t2557575",
        "post_id": "post53090431",
        "username": "MosterAugusta",
        "time_raw": "2015-04-21, 23:30 # 21",
        "confidence": 0.48,
        "comment": "Citat: Ursprungligen postat av maallgan I Silvbergs gamla gruvschakt i Dalarna har man hittat ett 20-tal dumpade bilar, alla man funnit registreringsnummer på har varit visat sig vara stulna, återstår att se om det finns något intressant i bilarna. http://www.dt.se/dalarna/sater/vi-vantar-pa-att-fa-borja-barga http://www.dt.se/dalarna/sater/hittade-16-bilar-i-silvbergs-gruva Detta är ju mer ett PR-jippo än nyhet. Silvberg är ett känt dykställe..."
      }
    },
    {
      "type": "Feature",
      "geometry": {
        "type": "Point",
        "coordinates": [
          12.993202,
          55.5992168
        ]
      },
      "properties": {
        "id": "0ba03fbcb538",
        "entity": "Kul",
        "query": "Kul, Sweden",
        "display_name": "Simhallsbadet, Banérsgatan, Hästhagen, Innerstaden, Malmö, Malmö kommun, Skåne län, 211 48, Sverige",
        "osm_type": "way",
        "osm_id": 37892937,
        "geocode_confidence": 0.29960026554141705,
        "evidence": [
          {
            "source": "https://www.flashback.org/t2557575p2",
            "thread_url": "https://www.flashback.org/t2557575",
            "post_id": "post53090431",
            "username": "MosterAugusta",
            "time_raw": "2015-04-21, 23:30 # 21",
            "confidence": 0.48,
            "comment": "Citat: Ursprungligen postat av maallgan I Silvbergs gamla gruvschakt i Dalarna har man hittat ett 20-tal dumpade bilar, alla man funnit registreringsnummer på har varit visat sig vara stulna, återstår att se om det finns något intressant i bilarna. http://www.dt.se/dalarna/sater/vi-vantar-pa-att-fa-borja-barga http://www.dt.se/dalarna/sater/hittade-16-bilar-i-silvbergs-gruva Detta är ju mer ett PR-jippo än nyhet. Silvberg är ett känt dykställe..."
          },
          {
            "source": "https://www.flashback.org/t2557575p2",
            "thread_url": "https://www.flashback.org/t2557575",
            "post_id": "post53090471",
            "username": "nilltre",
            "time_raw": "2015-04-21, 23:33 # 22",
            "confidence": 0.56,
            "comment": "Citat: Ursprungligen postat av grasuggan99 Hålet är ett ökänt dumpningsställe. Vet även som folk har badat i det största gruvhålet i tron om att det ljusblå vattnet ska vara någon form av krydda. Intressant att veta vad tunnorna innehåller. Var det inte någon i dessa trakter som dumpade en jävla massa giftigt lösningsmedel i en grundvattenstäkt? Obehagligt för badmänniskorna om det visar sig vara något sådant i tunnorna. edit, giftdumpningen h..."
          }
        ],
        "source": "https://www.flashback.org/t2557575p2",
        "thread_url": "https://www.flashback.org/t2557575",
        "post_id": "post53090471",
        "username": "nilltre",
        "time_raw": "2015-04-21, 23:33 # 22",
        "confidence": 0.56,
        "comment": "Citat: Ursprungligen postat av grasuggan99 Hålet är ett ökänt dumpningsställe. Vet även som folk har badat i det största gruvhålet i tron om att det ljusblå vattnet ska vara någon form av krydda. Intressant att veta vad tunnorna innehåller. Var det inte någon i dessa trakter som dumpade en jävla massa giftigt lösningsmedel i en grundvattenstäkt? Obehagligt för badmänniskorna om det visar sig vara något sådant i tunnorna. edit, giftdumpningen h..."
      }
    },
    {
      "type": "Feature",
      "geometry": {
        "type": "Point",
        "coordinates": [
          -0.1602537,
          51.5189287
        ]
      },
      "properties": {
        "id": "75b94fcd04d1",
        "entity": "Sån",
        "query": "Sån, Sweden",
        "display_name": "Embassy of Sweden, 11, Montagu Place, Marylebone, City of Westminster, Greater London, England, W1H 2AL, United Kingdom",
        "osm_type": "way",
        "osm_id": 202352317,
        "geocode_confidence": 0.39542339164457335,
        "evidence": [
          {
            "source": "https://www.flashback.org/t2557575p2",
            "thread_url": "https://www.flashback.org/t2557575",
            "post_id": "post53090431",
            "username": "MosterAugusta",
            "time_raw": "2015-04-21, 23:30 # 21",
            "confidence": 0.48,
            "comment": "Citat: Ursprungligen postat av maallgan I Silvbergs gamla gruvschakt i Dalarna har man hittat ett 20-tal dumpade bilar, alla man funnit registreringsnummer på har varit visat sig vara stulna, återstår att se om det finns något intressant i bilarna. http://www.dt.se/dalarna/sater/vi-vantar-pa-att-fa-borja-barga http://www.dt.se/dalarna/sater/hittade-16-bilar-i-silvbergs-gruva Detta är ju mer ett PR-jippo än nyhet. Silvberg är ett känt dykställe..."
          },
          {
            "source": "https://www.flashback.org/t2557575p2",
            "thread_url": "https://www.flashback.org/t2557575",
            "post_id": "post53090471",
            "username": "nilltre",
            "time_raw": "2015-04-21, 23:33 # 22",
            "confidence": 0.56,
            "comment": "Citat: Ursprungligen postat av grasuggan99 Hålet är ett ökänt dumpningsställe. Vet även som folk har badat i det största gruvhålet i tron om att det ljusblå vattnet ska vara någon form av krydda. Intressant att veta vad tunnorna innehåller. Var det inte någon i dessa trakter som dumpade en jävla massa giftigt lösningsmedel i en grundvattenstäkt? Obehagligt för badmänniskorna om det visar sig vara något sådant i tunnorna. edit, giftdumpningen h..."
          }
        ],
        "source": "https://www.flashback.org/t2557575p2",
        "thread_url": "https://www.flashback.org/t2557575",
        "post_id": "post53090471",
        "username": "nilltre",
        "time_raw": "2015-04-21, 23:33 # 22",
        "confidence": 0.56,
        "comment": "Citat: Ursprungligen postat av grasuggan99 Hålet är ett ökänt dumpningsställe. Vet även som folk har badat i det största gruvhålet i tron om att det ljusblå vattnet ska vara någon form av krydda. Intressant att veta vad tunnorna innehåller. Var det inte någon i dessa trakter som dumpade en jävla massa giftigt lösningsmedel i en grundvattenstäkt? Obehagligt för badmänniskorna om det visar sig vara något sådant i tunnorna. edit, giftdumpningen h..."
      }
    },
    {
      "type": "Feature",
      "geometry": {
        "type": "Point",
        "coordinates": [
          11.6869389,
          58.7582866
        ]
      },
      "properties": {
        "id": "cd623186280a",
        "entity": "Hålet",
        "query": "Hålet, Sweden",
        "display_name": "Hålet, Tanums kommun, Västra Götalands län, Sverige",
        "osm_type": "way",
        "osm_id": 342915111,
        "geocode_confidence": 0.13339096284428167,
        "evidence": [
          {
            "source": "https://www.flashback.org/t2557575p2",
            "thread_url": "https://www.flashback.org/t2557575",
            "post_id": "post53090471",
            "username": "nilltre",
            "time_raw": "2015-04-21, 23:33 # 22",
            "confidence": 0.56,
            "comment": "Citat: Ursprungligen postat av grasuggan99 Hålet är ett ökänt dumpningsställe. Vet även som folk har badat i det största gruvhålet i tron om att det ljusblå vattnet ska vara någon form av krydda. Intressant att veta vad tunnorna innehåller. Var det inte någon i dessa trakter som dumpade en jävla massa giftigt lösningsmedel i en grundvattenstäkt? Obehagligt för badmänniskorna om det visar sig vara något sådant i tunnorna. edit, giftdumpningen h..."
          }
        ],
        "source": "https://www.flashback.org/t2557575p2",
        "thread_url": "https://www.flashback.org/t2557575",
        "post_id": "post53090471",
        "username": "nilltre",
        "time_raw": "2015-04-21, 23:33 # 22",
        "confidence": 0.56,
        "comment": "Citat: Ursprungligen postat av grasuggan99 Hålet är ett ökänt dumpningsställe. Vet även som folk har badat i det största gruvhålet i tron om att det ljusblå vattnet ska vara någon form av krydda. Intressant att veta vad tunnorna innehåller. Var det inte någon i dessa trakter som dumpade en jävla massa giftigt lösningsmedel i en grundvattenstäkt? Obehagligt för badmänniskorna om det visar sig vara något sådant i tunnorna. edit, giftdumpningen h..."
      }
    },
    {
      "type": "Feature",
      "geometry": {
        "type": "Point",
        "coordinates": [
          11.958938,
          57.69844
        ]
      },
      "properties": {
        "id": "6f0b49293406",
        "entity": "Gift",
        "query": "Gift, Sweden",
        "display_name": "Little things souvenir & gift shop, Haga Nygata, Haga, Centrum, Göteborg, Göteborgs Stad, Västra Götalands län, 412 96, Sverige",
        "osm_type": "node",
        "osm_id": 3623377995,
        "geocode_confidence": 7.775005722128661e-05,
        "evidence": [
          {
            "source": "https://www.flashback.org/t2557575p2",
            "thread_url": "https://www.flashback.org/t2557575",
            "post_id": "post53090471",
            "username": "nilltre",
            "time_raw": "2015-04-21, 23:33 # 22",
            "confidence": 0.56,
            "comment": "Citat: Ursprungligen postat av grasuggan99 Hålet är ett ökänt dumpningsställe. Vet även som folk har badat i det största gruvhålet i tron om att det ljusblå vattnet ska vara någon form av krydda. Intressant att veta vad tunnorna innehåller. Var det inte någon i dessa trakter som dumpade en jävla massa giftigt lösningsmedel i en grundvattenstäkt? Obehagligt för badmänniskorna om det visar sig vara något sådant i tunnorna. edit, giftdumpningen h..."
          },
          {
            "source": "https://www.flashback.org/t2557575p2",
            "thread_url": "https://www.flashback.org/t2557575",
            "post_id": "post53090691",
            "username": "grasuggan99",
            "time_raw": "2015-04-21, 23:54 # 23",
            "confidence": 0.56,
            "comment": "Citat: Ursprungligen postat av nilltre Gift har ju alltid varit dyrt att göra sig av med(på rätt sätt), så att det på något sätt hamnat i marken eller som här blivit dumpat i ett gruvhål istället för att typ förbrännas är ju inte så osannolikt. Speciellt om man tänker på att gruvhålen funnits där rätt länge och en hel del olika industriell tillverkning och liknande skett i krokarna. Man kan ju hoppas att giftet haft en högre densitet(eller är..."
          },
          {
            "source": "https://www.flashback.org/t2557575p2",
            "thread_url": "https://www.flashback.org/t2557575",
            "post_id": "post53091014",
            "username": "MosterAugusta",
            "time_raw": "2015-04-22, 00:31 # 24",
            "confidence": 0.68,
            "comment": "Citat: Ursprungligen postat av nilltre Gift har ju alltid varit dyrt att göra sig av med(på rätt sätt), så att det på något sätt hamnat i marken eller som här blivit dumpat i ett gruvhål istället för att typ förbrännas är ju inte så osannolikt. Speciellt om man tänker på att gruvhålen funnits där rätt länge och en hel del olika industriell tillverkning och liknande skett i krokarna. Man kan ju hoppas att giftet haft en högre densitet(eller är..."
          }
        ],
        "source": "https://www.flashback.org/t2557575p2",
        "thread_url": "https://www.flashback.org/t2557575",
        "post_id": "post53091014",
        "username": "MosterAugusta",
        "time_raw": "2015-04-22, 00:31 # 24",
        "confidence": 0.68,
        "comment": "Citat: Ursprungligen postat av nilltre Gift har ju alltid varit dyrt att göra sig av med(på rätt sätt), så att det på något sätt hamnat i marken eller som här blivit dumpat i ett gruvhål istället för att typ förbrännas är ju inte så osannolikt. Speciellt om man tänker på att gruvhålen funnits där rätt länge och en hel del olika industriell tillverkning och liknande skett i krokarna. Man kan ju hoppas att giftet haft en högre densitet(eller är..."
      }
    },
    {
      "type": "Feature",
      "geometry": {
        "type": "Point",
        "coordinates": [
          15.1357371,
          59.7138704
        ]
      },
      "properties": {
        "id": "93e684be6788",
        "entity": "Stora",
        "query": "Stora, Sweden",
        "display_name": "Storå, Lindesbergs kommun, Örebro län, 711 76, Sverige",
        "osm_type": "node",
        "osm_id": 278631944,
        "geocode_confidence": 0.31461790426364866,
        "evidence": [
          {
            "source": "https://www.flashback.org/t2557575p2",
            "thread_url": "https://www.flashback.org/t2557575",
            "post_id": "post53090471",
            "username": "nilltre",
            "time_raw": "2015-04-21, 23:33 # 22",
            "confidence": 0.56,
            "comment": "Citat: Ursprungligen postat av grasuggan99 Hålet är ett ökänt dumpningsställe. Vet även som folk har badat i det största gruvhålet i tron om att det ljusblå vattnet ska vara någon form av krydda. Intressant att veta vad tunnorna innehåller. Var det inte någon i dessa trakter som dumpade en jävla massa giftigt lösningsmedel i en grundvattenstäkt? Obehagligt för badmänniskorna om det visar sig vara något sådant i tunnorna. edit, giftdumpningen h..."
          },
          {
            "source": "https://www.flashback.org/t2557575p2",
            "thread_url": "https://www.flashback.org/t2557575",
            "post_id": "post53090691",
            "username": "grasuggan99",
            "time_raw": "2015-04-21, 23:54 # 23",
            "confidence": 0.56,
            "comment": "Citat: Ursprungligen postat av nilltre Gift har ju alltid varit dyrt att göra sig av med(på rätt sätt), så att det på något sätt hamnat i marken eller som här blivit dumpat i ett gruvhål istället för att typ förbrännas är ju inte så osannolikt. Speciellt om man tänker på att gruvhålen funnits där rätt länge och en hel del olika industriell tillverkning och liknande skett i krokarna. Man kan ju hoppas att giftet haft en högre densitet(eller är..."
          },
          {
            "source": "https://www.flashback.org/t2557575p2",
            "thread_url": "https://www.flashback.org/t2557575",
            "post_id": "post53091014",
            "username": "MosterAugusta",
            "time_raw": "2015-04-22, 00:31 # 24",
            "confidence": 0.68,
            "comment": "Citat: Ursprungligen postat av nilltre Gift har ju alltid varit dyrt att göra sig av med(på rätt sätt), så att det på något sätt hamnat i marken eller som här blivit dumpat i ett gruvhål istället för att typ förbrännas är ju inte så osannolikt. Speciellt om man tänker på att gruvhålen funnits där rätt länge och en hel del olika industriell tillverkning och liknande skett i krokarna. Man kan ju hoppas att giftet haft en högre densitet(eller är..."
          }
        ],
        "source": "https://www.flashback.org/t2557575p2",
        "thread_url": "https://www.flashback.org/t2557575",
        "post_id": "post53091014",
        "username": "MosterAugusta",
        "time_raw": "2015-04-22, 00:31 # 24",
        "confidence": 0.68,
        "comment": "Citat: Ursprungligen postat av nilltre Gift har ju alltid varit dyrt att göra sig av med(på rätt sätt), så att det på något sätt hamnat i marken eller som här blivit dumpat i ett gruvhål istället för att typ förbrännas är ju inte så osannolikt. Speciellt om man tänker på att gruvhålen funnits där rätt länge och en hel del olika industriell tillverkning och liknande skett i krokarna. Man kan ju hoppas att giftet haft en högre densitet(eller är..."
      }
    },
    {
      "type": "Feature",
      "geometry": {
        "type": "Point",
        "coordinates": [
          16.5600359,
          60.2968637
        ]
      },
      "properties": {
        "id": "29399d109343",
        "entity": "Skissen",
        "query": "Skissen, Sweden",
        "display_name": "Skissen, Avesta kommun, Dalarnas län, Sverige",
        "osm_type": "way",
        "osm_id": 528910683,
        "geocode_confidence": 0.09078915819201436,
        "evidence": [
          {
            "source": "https://www.flashback.org/t2557575p2",
            "thread_url": "https://www.flashback.org/t2557575",
            "post_id": "post53091014",
            "username": "MosterAugusta",
            "time_raw": "2015-04-22, 00:31 # 24",
            "confidence": 0.68,
            "comment": "Citat: Ursprungligen postat av nilltre Gift har ju alltid varit dyrt att göra sig av med(på rätt sätt), så att det på något sätt hamnat i marken eller som här blivit dumpat i ett gruvhål istället för att typ förbrännas är ju inte så osannolikt. Speciellt om man tänker på att gruvhålen funnits där rätt länge och en hel del olika industriell tillverkning och liknande skett i krokarna. Man kan ju hoppas att giftet haft en högre densitet(eller är..."
          }
        ],
        "source": "https://www.flashback.org/t2557575p2",
        "thread_url": "https://www.flashback.org/t2557575",
        "post_id": "post53091014",
        "username": "MosterAugusta",
        "time_raw": "2015-04-22, 00:31 # 24",
        "confidence": 0.68,
        "comment": "Citat: Ursprungligen postat av nilltre Gift har ju alltid varit dyrt att göra sig av med(på rätt sätt), så att det på något sätt hamnat i marken eller som här blivit dumpat i ett gruvhål istället för att typ förbrännas är ju inte så osannolikt. Speciellt om man tänker på att gruvhålen funnits där rätt länge och en hel del olika industriell tillverkning och liknande skett i krokarna. Man kan ju hoppas att giftet haft en högre densitet(eller är..."
      }
    },
    {
      "type": "Feature",
      "geometry": {
        "type": "Point",
        "coordinates": [
          13.1464675,
          63.3874779
        ]
      },
      "properties": {
        "id": "7a9a9335e97e",
        "entity": "Schaktet",
        "query": "Schaktet, Sweden",
        "display_name": "Schaktet, Björnänge, Åre Björnen, Åre kommun, Jämtlands län, 837 91, Sverige",
        "osm_type": "way",
        "osm_id": 969277530,
        "geocode_confidence": 0.040057962157625686,
        "evidence": [
          {
            "source": "https://www.flashback.org/t2557575p2",
            "thread_url": "https://www.flashback.org/t2557575",
            "post_id": "post53091014",
            "username": "MosterAugusta",
            "time_raw": "2015-04-22, 00:31 # 24",
            "confidence": 0.68,
            "comment": "Citat: Ursprungligen postat av nilltre Gift har ju alltid varit dyrt att göra sig av med(på rätt sätt), så att det på något sätt hamnat i marken eller som här blivit dumpat i ett gruvhål istället för att typ förbrännas är ju inte så osannolikt. Speciellt om man tänker på att gruvhålen funnits där rätt länge och en hel del olika industriell tillverkning och liknande skett i krokarna. Man kan ju hoppas att giftet haft en högre densitet(eller är..."
          }
        ],
        "source": "https://www.flashback.org/t2557575p2",
        "thread_url": "https://www.flashback.org/t2557575",
        "post_id": "post53091014",
        "username": "MosterAugusta",
        "time_raw": "2015-04-22, 00:31 # 24",
        "confidence": 0.68,
        "comment": "Citat: Ursprungligen postat av nilltre Gift har ju alltid varit dyrt att göra sig av med(på rätt sätt), så att det på något sätt hamnat i marken eller som här blivit dumpat i ett gruvhål istället för att typ förbrännas är ju inte så osannolikt. Speciellt om man tänker på att gruvhålen funnits där rätt länge och en hel del olika industriell tillverkning och liknande skett i krokarna. Man kan ju hoppas att giftet haft en högre densitet(eller är..."
      }
    },
    {
      "type": "Feature",
      "geometry": {
        "type": "Point",
        "coordinates": [
          18.4094686,
          59.4867453
        ]
      },
      "properties": {
        "id": "04b32e9f195c",
        "entity": "Tippar",
        "query": "Tippar, Sweden",
        "display_name": "Tipparvägen, Skärgårdsstad, Österåkers kommun, Stockholms län, 184 70, Sverige",
        "osm_type": "way",
        "osm_id": 231680459,
        "geocode_confidence": 0.05338956816968029,
        "evidence": [
          {
            "source": "https://www.flashback.org/t2557575p2",
            "thread_url": "https://www.flashback.org/t2557575",
            "post_id": "post53091014",
            "username": "MosterAugusta",
            "time_raw": "2015-04-22, 00:31 # 24",
            "confidence": 0.68,
            "comment": "Citat: Ursprungligen postat av nilltre Gift har ju alltid varit dyrt att göra sig av med(på rätt sätt), så att det på något sätt hamnat i marken eller som här blivit dumpat i ett gruvhål istället för att typ förbrännas är ju inte så osannolikt. Speciellt om man tänker på att gruvhålen funnits där rätt länge och en hel del olika industriell tillverkning och liknande skett i krokarna. Man kan ju hoppas att giftet haft en högre densitet(eller är..."
          }
        ],
        "source": "https://www.flashback.org/t2557575p2",
        "thread_url": "https://www.flashback.org/t2557575",
        "post_id": "post53091014",
        "username": "MosterAugusta",
        "time_raw": "2015-04-22, 00:31 # 24",
        "confidence": 0.68,
        "comment": "Citat: Ursprungligen postat av nilltre Gift har ju alltid varit dyrt att göra sig av med(på rätt sätt), så att det på något sätt hamnat i marken eller som här blivit dumpat i ett gruvhål istället för att typ förbrännas är ju inte så osannolikt. Speciellt om man tänker på att gruvhålen funnits där rätt länge och en hel del olika industriell tillverkning och liknande skett i krokarna. Man kan ju hoppas att giftet haft en högre densitet(eller är..."
      }
    },
    {
      "type": "Feature",
      "geometry": {
        "type": "Point",
        "coordinates": [
          11.4560423,
          58.4902785
        ]
      },
      "properties": {
        "id": "b0922370700c",
        "entity": "Polen",
        "query": "Polen, Sweden",
        "display_name": "Polen, Munkedals kommun, Västra Götalands län, Sverige",
        "osm_type": "node",
        "osm_id": 7483382667,
        "geocode_confidence": 0.10672329365987637,
        "evidence": [
          {
            "source": "https://www.flashback.org/t750391",
            "thread_url": "https://www.flashback.org/t750391",
            "post_id": "post12960402",
            "username": "b@ron",
            "time_raw": "2008-09-21, 18:11 # 1",
            "confidence": 0.48,
            "comment": "Jag var på Barkarby flygfält i går lördag  skönt sen sommar väder  mycket aktivitet på flygfältet  även James Bond 007 flygplanet var i rörelse. Jag har aldrig tidigare utforskat flygfältet varför jag tog en promenad motsols runt det hemliga berget. Den första del av promenaden var som att besöka ett utrymt sovjetisk flygfält i Polen eller fd DDR men då kommer jag till en anläggning med fordon o maskiner samt skyltar som varnar att du får i..."
          },
          {
            "source": "https://www.flashback.org/t3725204",
            "thread_url": "https://www.flashback.org/t3725204",
            "post_id": "post94692203",
            "username": "Batagare",
            "time_raw": "2026-04-05, 19:22 # 5",
            "confidence": 1.0,
            "comment": "Ammunitionsfabriken DAG Bromberg (nuvarande Bydgoszcz i Polen). DAG Bromberg byggdes mellan 1939 och 1945 som en del av tre tyska vapenfabriker som tillhör Dynamit-AG. Företaget grundades under 1900-talet av Alfred Nobel, den berömda svenska kemisten som uppfann dynamiten och etablerade Nobelpriset. Nobels fabrik tillverkade nitroglycerin och rökfritt pulver som sedan användes vid produktion av ammunition. Ett museum är nu etablerat i NGL-Betr..."
          }
        ],
        "source": "https://www.flashback.org/t3725204",
        "thread_url": "https://www.flashback.org/t3725204",
        "post_id": "post94692203",
        "username": "Batagare",
        "time_raw": "2026-04-05, 19:22 # 5",
        "confidence": 1.0,
        "comment": "Ammunitionsfabriken DAG Bromberg (nuvarande Bydgoszcz i Polen). DAG Bromberg byggdes mellan 1939 och 1945 som en del av tre tyska vapenfabriker som tillhör Dynamit-AG. Företaget grundades under 1900-talet av Alfred Nobel, den berömda svenska kemisten som uppfann dynamiten och etablerade Nobelpriset. Nobels fabrik tillverkade nitroglycerin och rökfritt pulver som sedan användes vid produktion av ammunition. Ett museum är nu etablerat i NGL-Betr..."
      }
    },
    {
      "type": "Feature",
      "geometry": {
        "type": "Point",
        "coordinates": [
          14.5170081,
          58.063548
        ]
      },
      "properties": {
        "id": "d82ccd6c3696",
        "entity": "Berget",
        "query": "Berget, Sweden",
        "display_name": "Berget, Uppgränna, Gränna, Jönköpings kommun, Jönköpings län, Sverige",
        "osm_type": "way",
        "osm_id": 940515126,
        "geocode_confidence": 0.2562004762132184,
        "evidence": [
          {
            "source": "https://www.flashback.org/t750391",
            "thread_url": "https://www.flashback.org/t750391",
            "post_id": "post12960402",
            "username": "b@ron",
            "time_raw": "2008-09-21, 18:11 # 1",
            "confidence": 0.48,
            "comment": "Jag var på Barkarby flygfält i går lördag  skönt sen sommar väder  mycket aktivitet på flygfältet  även James Bond 007 flygplanet var i rörelse. Jag har aldrig tidigare utforskat flygfältet varför jag tog en promenad motsols runt det hemliga berget. Den första del av promenaden var som att besöka ett utrymt sovjetisk flygfält i Polen eller fd DDR men då kommer jag till en anläggning med fordon o maskiner samt skyltar som varnar att du får i..."
          }
        ],
        "source": "https://www.flashback.org/t750391",
        "thread_url": "https://www.flashback.org/t750391",
        "post_id": "post12960402",
        "username": "b@ron",
        "time_raw": "2008-09-21, 18:11 # 1",
        "confidence": 0.48,
        "comment": "Jag var på Barkarby flygfält i går lördag  skönt sen sommar väder  mycket aktivitet på flygfältet  även James Bond 007 flygplanet var i rörelse. Jag har aldrig tidigare utforskat flygfältet varför jag tog en promenad motsols runt det hemliga berget. Den första del av promenaden var som att besöka ett utrymt sovjetisk flygfält i Polen eller fd DDR men då kommer jag till en anläggning med fordon o maskiner samt skyltar som varnar att du får i..."
      }
    },
    {
      "type": "Feature",
      "geometry": {
        "type": "Point",
        "coordinates": [
          17.8643513,
          59.4051955
        ]
      },
      "properties": {
        "id": "ed35766c9511",
        "entity": "Barkarby",
        "query": "Barkarby, Sweden",
        "display_name": "Barkarby, Veddestavägen, Barkarby, Järfälla kommun, Sollentuna kommun, Stockholms län, 175 06, Sverige",
        "osm_type": "node",
        "osm_id": 8417596921,
        "geocode_confidence": 0.36664364446418835,
        "evidence": [
          {
            "source": "https://www.flashback.org/t750391",
            "thread_url": "https://www.flashback.org/t750391",
            "post_id": "post12960402",
            "username": "b@ron",
            "time_raw": "2008-09-21, 18:11 # 1",
            "confidence": 0.48,
            "comment": "Jag var på Barkarby flygfält i går lördag  skönt sen sommar väder  mycket aktivitet på flygfältet  även James Bond 007 flygplanet var i rörelse. Jag har aldrig tidigare utforskat flygfältet varför jag tog en promenad motsols runt det hemliga berget. Den första del av promenaden var som att besöka ett utrymt sovjetisk flygfält i Polen eller fd DDR men då kommer jag till en anläggning med fordon o maskiner samt skyltar som varnar att du får i..."
          },
          {
            "source": "https://www.flashback.org/t750391",
            "thread_url": "https://www.flashback.org/t750391",
            "post_id": "post12962154",
            "username": "Swampman",
            "time_raw": "2008-09-21, 19:58 # 4",
            "confidence": 0.48,
            "comment": "Citat: Ursprungligen postat av Edwards Barkarby är väl bara civil flygklubb numera. Vet att FortV äger en liten del av området runt berghangaren och tornet och att just detta är skyltat militärt område. FMLOG har kvar verksamhet vid Barkarby och den gamla berghangaren plus två av plattorna ovanjord används för hantering av logistik kring mtrl. Inte sexigare än så."
          },
          {
            "source": "https://www.flashback.org/t750391",
            "thread_url": "https://www.flashback.org/t750391",
            "post_id": "post12968803",
            "username": "b@ron",
            "time_raw": "2008-09-22, 10:38 # 12",
            "confidence": 0.48,
            "comment": "Citat: Ursprungligen postat av Fanjunkaren Barkarby är civilt. Det plan du såg var säkert en Saab Safir, ett civilt flygplan med militär bakgrund, därav kamouflage. http://alt.aero-auction.com/pics/lots/saab-safir-73-mindre-lot-ks-105/saab-safir-73-mindre-lot-ks-105.jpg Uppställningsplatserna bredvid bergshangaren är för utlandsmissioner. ja precis detta flygplan var det - men vad f.. gör det på Barkarby en lördag eftermiddag .. jag tänker på..."
          },
          {
            "source": "https://www.flashback.org/t750391p2",
            "thread_url": "https://www.flashback.org/t750391",
            "post_id": "post13026095",
            "username": "b@ron",
            "time_raw": "2008-09-26, 09:00 # 19",
            "confidence": 0.56,
            "comment": "Citat: Ursprungligen postat av Fanjunkaren Barkarby är civilt. Det plan du såg var säkert en Saab Safir, ett civilt flygplan med militär bakgrund, därav kamouflage. http://alt.aero-auction.com/pics/lots/saab-safir-73-mindre-lot-ks-105/saab-safir-73-mindre-lot-ks-105.jpg Uppställningsplatserna bredvid bergshangaren är för utlandsmissioner. mitt \"side kick\" berättar nu att det inte var detta flygplan typ - planet var med 2 säten ; pilot o bakom..."
          },
          {
            "source": "https://www.flashback.org/t750391p2",
            "thread_url": "https://www.flashback.org/t750391",
            "post_id": "post13030351",
            "username": "Fanjunkaren",
            "time_raw": "2008-09-26, 16:23 # 21",
            "confidence": 0.72,
            "comment": "Citat: Ursprungligen postat av b@ron mitt \"side kick\" berättar nu att det inte var detta flygplan typ - planet var med 2 säten ; pilot o bakom plats för 1 person ...på flygets motor bredvid propellern var ett rött glas typ infrarött ljus /infrarött värmelampa någon som vet.. tror inte det var civilt  vad gör detta flygplan på Barkarby flygfält en lördag eftermiddag om inte där finns någon aktivt militär aktivitet i berget jag har ett annat..."
          }
        ],
        "source": "https://www.flashback.org/t750391p2",
        "thread_url": "https://www.flashback.org/t750391",
        "post_id": "post13030351",
        "username": "Fanjunkaren",
        "time_raw": "2008-09-26, 16:23 # 21",
        "confidence": 0.72,
        "comment": "Citat: Ursprungligen postat av b@ron mitt \"side kick\" berättar nu att det inte var detta flygplan typ - planet var med 2 säten ; pilot o bakom plats för 1 person ...på flygets motor bredvid propellern var ett rött glas typ infrarött ljus /infrarött värmelampa någon som vet.. tror inte det var civilt  vad gör detta flygplan på Barkarby flygfält en lördag eftermiddag om inte där finns någon aktivt militär aktivitet i berget jag har ett annat..."
      }
    },
    {
      "type": "Feature",
      "geometry": {
        "type": "Point",
        "coordinates": [
          17.744172,
          59.8322934
        ]
      },
      "properties": {
        "id": "c058d01249de",
        "entity": "Danmark",
        "query": "Danmark, Sweden",
        "display_name": "Danmark, Uppsala kommun, Uppsala län, 754 55, Sverige",
        "osm_type": "node",
        "osm_id": 375705866,
        "geocode_confidence": 0.3699543402288119,
        "evidence": [
          {
            "source": "https://www.flashback.org/t750391",
            "thread_url": "https://www.flashback.org/t750391",
            "post_id": "post12960402",
            "username": "b@ron",
            "time_raw": "2008-09-21, 18:11 # 1",
            "confidence": 0.48,
            "comment": "Jag var på Barkarby flygfält i går lördag  skönt sen sommar väder  mycket aktivitet på flygfältet  även James Bond 007 flygplanet var i rörelse. Jag har aldrig tidigare utforskat flygfältet varför jag tog en promenad motsols runt det hemliga berget. Den första del av promenaden var som att besöka ett utrymt sovjetisk flygfält i Polen eller fd DDR men då kommer jag till en anläggning med fordon o maskiner samt skyltar som varnar att du får i..."
          }
        ],
        "source": "https://www.flashback.org/t750391",
        "thread_url": "https://www.flashback.org/t750391",
        "post_id": "post12960402",
        "username": "b@ron",
        "time_raw": "2008-09-21, 18:11 # 1",
        "confidence": 0.48,
        "comment": "Jag var på Barkarby flygfält i går lördag  skönt sen sommar väder  mycket aktivitet på flygfältet  även James Bond 007 flygplanet var i rörelse. Jag har aldrig tidigare utforskat flygfältet varför jag tog en promenad motsols runt det hemliga berget. Den första del av promenaden var som att besöka ett utrymt sovjetisk flygfält i Polen eller fd DDR men då kommer jag till en anläggning med fordon o maskiner samt skyltar som varnar att du får i..."
      }
    },
    {
      "type": "Feature",
      "geometry": {
        "type": "Point",
        "coordinates": [
          18.0793072,
          59.3388532
        ]
      },
      "properties": {
        "id": "c34829a0b9c3",
        "entity": "Till",
        "query": "Till, Sweden",
        "display_name": "Frankrikes ambassad, Kommendörsgatan, Villastaden, Östermalm, Norra innerstadens stadsdelsområde, Stockholm, Stockholms kommun, Stockholms län, 114 44, Sverige",
        "osm_type": "node",
        "osm_id": 1154211775,
        "geocode_confidence": 0.4317820081830995,
        "evidence": [
          {
            "source": "https://www.flashback.org/t750391",
            "thread_url": "https://www.flashback.org/t750391",
            "post_id": "post12960402",
            "username": "b@ron",
            "time_raw": "2008-09-21, 18:11 # 1",
            "confidence": 0.48,
            "comment": "Jag var på Barkarby flygfält i går lördag  skönt sen sommar väder  mycket aktivitet på flygfältet  även James Bond 007 flygplanet var i rörelse. Jag har aldrig tidigare utforskat flygfältet varför jag tog en promenad motsols runt det hemliga berget. Den första del av promenaden var som att besöka ett utrymt sovjetisk flygfält i Polen eller fd DDR men då kommer jag till en anläggning med fordon o maskiner samt skyltar som varnar att du får i..."
          },
          {
            "source": "https://www.flashback.org/t435500",
            "thread_url": "https://www.flashback.org/t435500",
            "post_id": "post7715758",
            "username": "Naw",
            "time_raw": "2007-07-15, 16:57 # 11",
            "confidence": 0.48,
            "comment": "är intresserad av att börja med UE i Lund jag. När jag var yngre bodde jag på värpinge och precis som någon sa så finns där tunnlar som leder under i princip hela Lund. Man får gå ner i Ravinen på Värpinge, där finns ett stort rör som man kan gå in i, där rinner dock en del vatten så det blir nog enklast och smidigast om man har gummistövlar. Lite mer än halvvägs in i röret kommer en \"korsning\". Till höger är det igenspikat med plankor så man..."
          },
          {
            "source": "https://www.flashback.org/t3699472",
            "thread_url": "https://www.flashback.org/t3699472",
            "post_id": "post93218802",
            "username": "Flygandekatten",
            "time_raw": "2025-10-14, 17:35 # 1",
            "confidence": 0.56,
            "comment": "För ett par månader sen var jag och några polare ute och drev runt i Stockholm, när vi helt spontant bestämde oss för att försöka ta oss in i Katarinabergets bunker. Vi trodde helt ärligt inte att det skulle gå  det är ju en fullt aktiv anläggning mitt i stan, med massor av kameror och larm. Men på något sjukt sätt kom vi in. Mitt på dagen, runt kl 13. Inga masker, inga avancerade planer  det bara hände. Väl där inne blev det snabbt tydligt..."
          },
          {
            "source": "https://www.flashback.org/t3699472p2",
            "thread_url": "https://www.flashback.org/t3699472",
            "post_id": "post93219701",
            "username": "AskMeAboutJesus",
            "time_raw": "2025-10-14, 19:16 # 16",
            "confidence": 0.56,
            "comment": "Citat: Ursprungligen postat av Flygandekatten Spoiler För ett par månader sen var jag och några polare ute och drev runt i Stockholm, när vi helt spontant bestämde oss för att försöka ta oss in i Katarinabergets bunker. Vi trodde helt ärligt inte att det skulle gå  det är ju en fullt aktiv anläggning mitt i stan, med massor av kameror och larm. Men på något sjukt sätt kom vi in. Mitt på dagen, runt kl 13. Inga masker, inga avancerade planer ..."
          },
          {
            "source": "https://www.flashback.org/t3699472p2",
            "thread_url": "https://www.flashback.org/t3699472",
            "post_id": "post93219968",
            "username": "respektive",
            "time_raw": "2025-10-14, 19:44 # 19",
            "confidence": 0.56,
            "comment": "Varför är inlägget skrivet med ChatGPT eller annan motsvarande tjänst? Det gör att trovärdigheten sjunker direkt. Citat: Ursprungligen postat av Flygandekatten För ett par månader sen var jag och några polare ute och drev runt i Stockholm, när vi helt spontant bestämde oss för att försöka ta oss in i Katarinabergets bunker. Vi trodde helt ärligt inte att det skulle gå  det är ju en fullt aktiv anläggning mitt i stan, med massor av kameror och..."
          }
        ],
        "source": "https://www.flashback.org/t3699472p2",
        "thread_url": "https://www.flashback.org/t3699472",
        "post_id": "post93219968",
        "username": "respektive",
        "time_raw": "2025-10-14, 19:44 # 19",
        "confidence": 0.56,
        "comment": "Varför är inlägget skrivet med ChatGPT eller annan motsvarande tjänst? Det gör att trovärdigheten sjunker direkt. Citat: Ursprungligen postat av Flygandekatten För ett par månader sen var jag och några polare ute och drev runt i Stockholm, när vi helt spontant bestämde oss för att försöka ta oss in i Katarinabergets bunker. Vi trodde helt ärligt inte att det skulle gå  det är ju en fullt aktiv anläggning mitt i stan, med massor av kameror och..."
      }
    },
    {
      "type": "Feature",
      "geometry": {
        "type": "Point",
        "coordinates": [
          17.9051873,
          59.2067468
        ]
      },
      "properties": {
        "id": "092c6fedefd2",
        "entity": "Tullinge",
        "query": "Tullinge, Sweden",
        "display_name": "Tullinge, Botkyrka kommun, Stockholms län, 146 30, Sverige",
        "osm_type": "node",
        "osm_id": 221606587,
        "geocode_confidence": 0.371323530184831,
        "evidence": [
          {
            "source": "https://www.flashback.org/t750391",
            "thread_url": "https://www.flashback.org/t750391",
            "post_id": "post12960402",
            "username": "b@ron",
            "time_raw": "2008-09-21, 18:11 # 1",
            "confidence": 0.48,
            "comment": "Jag var på Barkarby flygfält i går lördag  skönt sen sommar väder  mycket aktivitet på flygfältet  även James Bond 007 flygplanet var i rörelse. Jag har aldrig tidigare utforskat flygfältet varför jag tog en promenad motsols runt det hemliga berget. Den första del av promenaden var som att besöka ett utrymt sovjetisk flygfält i Polen eller fd DDR men då kommer jag till en anläggning med fordon o maskiner samt skyltar som varnar att du får i..."
          },
          {
            "source": "https://www.flashback.org/t750391p2",
            "thread_url": "https://www.flashback.org/t750391",
            "post_id": "post13026095",
            "username": "b@ron",
            "time_raw": "2008-09-26, 09:00 # 19",
            "confidence": 0.56,
            "comment": "Citat: Ursprungligen postat av Fanjunkaren Barkarby är civilt. Det plan du såg var säkert en Saab Safir, ett civilt flygplan med militär bakgrund, därav kamouflage. http://alt.aero-auction.com/pics/lots/saab-safir-73-mindre-lot-ks-105/saab-safir-73-mindre-lot-ks-105.jpg Uppställningsplatserna bredvid bergshangaren är för utlandsmissioner. mitt \"side kick\" berättar nu att det inte var detta flygplan typ - planet var med 2 säten ; pilot o bakom..."
          }
        ],
        "source": "https://www.flashback.org/t750391p2",
        "thread_url": "https://www.flashback.org/t750391",
        "post_id": "post13026095",
        "username": "b@ron",
        "time_raw": "2008-09-26, 09:00 # 19",
        "confidence": 0.56,
        "comment": "Citat: Ursprungligen postat av Fanjunkaren Barkarby är civilt. Det plan du såg var säkert en Saab Safir, ett civilt flygplan med militär bakgrund, därav kamouflage. http://alt.aero-auction.com/pics/lots/saab-safir-73-mindre-lot-ks-105/saab-safir-73-mindre-lot-ks-105.jpg Uppställningsplatserna bredvid bergshangaren är för utlandsmissioner. mitt \"side kick\" berättar nu att det inte var detta flygplan typ - planet var med 2 säten ; pilot o bakom..."
      }
    },
    {
      "type": "Feature",
      "geometry": {
        "type": "Point",
        "coordinates": [
          15.5749499,
          58.4381693
        ]
      },
      "properties": {
        "id": "48f879a6e7cf",
        "entity": "Saab Safir",
        "query": "Saab Safir, Sweden",
        "display_name": "Saab Safir (Sk 50), E 4, Skäggetorp, Linköping, Linköpings kommun, Östergötlands län, 581 11, Sverige",
        "osm_type": "way",
        "osm_id": 148643143,
        "geocode_confidence": 6.607690547031384e-05,
        "evidence": [
          {
            "source": "https://www.flashback.org/t750391",
            "thread_url": "https://www.flashback.org/t750391",
            "post_id": "post12968803",
            "username": "b@ron",
            "time_raw": "2008-09-22, 10:38 # 12",
            "confidence": 0.48,
            "comment": "Citat: Ursprungligen postat av Fanjunkaren Barkarby är civilt. Det plan du såg var säkert en Saab Safir, ett civilt flygplan med militär bakgrund, därav kamouflage. http://alt.aero-auction.com/pics/lots/saab-safir-73-mindre-lot-ks-105/saab-safir-73-mindre-lot-ks-105.jpg Uppställningsplatserna bredvid bergshangaren är för utlandsmissioner. ja precis detta flygplan var det - men vad f.. gör det på Barkarby en lördag eftermiddag .. jag tänker på..."
          },
          {
            "source": "https://www.flashback.org/t750391p2",
            "thread_url": "https://www.flashback.org/t750391",
            "post_id": "post13026095",
            "username": "b@ron",
            "time_raw": "2008-09-26, 09:00 # 19",
            "confidence": 0.56,
            "comment": "Citat: Ursprungligen postat av Fanjunkaren Barkarby är civilt. Det plan du såg var säkert en Saab Safir, ett civilt flygplan med militär bakgrund, därav kamouflage. http://alt.aero-auction.com/pics/lots/saab-safir-73-mindre-lot-ks-105/saab-safir-73-mindre-lot-ks-105.jpg Uppställningsplatserna bredvid bergshangaren är för utlandsmissioner. mitt \"side kick\" berättar nu att det inte var detta flygplan typ - planet var med 2 säten ; pilot o bakom..."
          }
        ],
        "source": "https://www.flashback.org/t750391p2",
        "thread_url": "https://www.flashback.org/t750391",
        "post_id": "post13026095",
        "username": "b@ron",
        "time_raw": "2008-09-26, 09:00 # 19",
        "confidence": 0.56,
        "comment": "Citat: Ursprungligen postat av Fanjunkaren Barkarby är civilt. Det plan du såg var säkert en Saab Safir, ett civilt flygplan med militär bakgrund, därav kamouflage. http://alt.aero-auction.com/pics/lots/saab-safir-73-mindre-lot-ks-105/saab-safir-73-mindre-lot-ks-105.jpg Uppställningsplatserna bredvid bergshangaren är för utlandsmissioner. mitt \"side kick\" berättar nu att det inte var detta flygplan typ - planet var med 2 säten ; pilot o bakom..."
      }
    },
    {
      "type": "Feature",
      "geometry": {
        "type": "Point",
        "coordinates": [
          17.9395411,
          59.339769
        ]
      },
      "properties": {
        "id": "6ac9ffc42dbd",
        "entity": "Bromma",
        "query": "Bromma, Sweden",
        "display_name": "Bromma, Bromma stadsdelsområde, Stockholm, Stockholms kommun, Stockholms län, 168 76, Sverige",
        "osm_type": "node",
        "osm_id": 3714812800,
        "geocode_confidence": 0.4577956320282617,
        "evidence": [
          {
            "source": "https://www.flashback.org/t750391",
            "thread_url": "https://www.flashback.org/t750391",
            "post_id": "post12968803",
            "username": "b@ron",
            "time_raw": "2008-09-22, 10:38 # 12",
            "confidence": 0.48,
            "comment": "Citat: Ursprungligen postat av Fanjunkaren Barkarby är civilt. Det plan du såg var säkert en Saab Safir, ett civilt flygplan med militär bakgrund, därav kamouflage. http://alt.aero-auction.com/pics/lots/saab-safir-73-mindre-lot-ks-105/saab-safir-73-mindre-lot-ks-105.jpg Uppställningsplatserna bredvid bergshangaren är för utlandsmissioner. ja precis detta flygplan var det - men vad f.. gör det på Barkarby en lördag eftermiddag .. jag tänker på..."
          }
        ],
        "source": "https://www.flashback.org/t750391",
        "thread_url": "https://www.flashback.org/t750391",
        "post_id": "post12968803",
        "username": "b@ron",
        "time_raw": "2008-09-22, 10:38 # 12",
        "confidence": 0.48,
        "comment": "Citat: Ursprungligen postat av Fanjunkaren Barkarby är civilt. Det plan du såg var säkert en Saab Safir, ett civilt flygplan med militär bakgrund, därav kamouflage. http://alt.aero-auction.com/pics/lots/saab-safir-73-mindre-lot-ks-105/saab-safir-73-mindre-lot-ks-105.jpg Uppställningsplatserna bredvid bergshangaren är för utlandsmissioner. ja precis detta flygplan var det - men vad f.. gör det på Barkarby en lördag eftermiddag .. jag tänker på..."
      }
    },
    {
      "type": "Feature",
      "geometry": {
        "type": "Point",
        "coordinates": [
          18.014863,
          59.2820388
        ]
      },
      "properties": {
        "id": "2d680440eff0",
        "entity": "Gick",
        "query": "Gick, Sweden",
        "display_name": "Här gick Göta Landsväg, Apelsinstigen, Älvsjö, Hägersten-Älvsjö stadsdelsområde, Stockholm, Stockholms kommun, Stockholms län, 125 80, Sverige",
        "osm_type": "node",
        "osm_id": 1701393141,
        "geocode_confidence": 8.40184634164495e-05,
        "evidence": [
          {
            "source": "https://www.flashback.org/t750391p2",
            "thread_url": "https://www.flashback.org/t750391",
            "post_id": "post13019074",
            "username": "Fanjunkaren",
            "time_raw": "2008-09-25, 19:42 # 15",
            "confidence": 0.64,
            "comment": "Uppdaterar lite om den bunker jag berättade om tidigare i tråden. Gick ner i bunkerns gångar för att få ett begrepp om hur stor den är. Blev ganska förvånad när vi gick ner för trappsteg och in i olika rum under jord. Gångarna blev längre och längre, tyvärr hade vi ingen ficklampa så kamerans avståndsmätare fick lysa åt oss. Rummet längst in var ganska stort för att vara ett värn, med en gammal grill inuti. Utanför det rummet stod ett gammalt..."
          },
          {
            "source": "https://www.flashback.org/t750391p2",
            "thread_url": "https://www.flashback.org/t750391",
            "post_id": "post13019784",
            "username": "Running_man",
            "time_raw": "2008-09-25, 20:24 # 16",
            "confidence": 0.64,
            "comment": "Citat: Ursprungligen postat av Fanjunkaren Uppdaterar lite om den bunker jag berättade om tidigare i tråden. Gick ner i bunkerns gångar för att få ett begrepp om hur stor den är. Blev ganska förvånad när vi gick ner för trappsteg och in i olika rum under jord. Gångarna blev längre och längre, tyvärr hade vi ingen ficklampa så kamerans avståndsmätare fick lysa åt oss. Rummet längst in var ganska stort för att vara ett värn, med en gammal grill..."
          },
          {
            "source": "https://www.flashback.org/t750391p2",
            "thread_url": "https://www.flashback.org/t750391",
            "post_id": "post13020403",
            "username": null,
            "time_raw": "2008-09-25, 20:58 # 17",
            "confidence": 0.64,
            "comment": "Citat: Ursprungligen postat av Fanjunkaren Uppdaterar lite om den bunker jag berättade om tidigare i tråden. Gick ner i bunkerns gångar för att få ett begrepp om hur stor den är. Blev ganska förvånad när vi gick ner för trappsteg och in i olika rum under jord. Gångarna blev längre och längre, tyvärr hade vi ingen ficklampa så kamerans avståndsmätare fick lysa åt oss. Rummet längst in var ganska stort för att vara ett värn, med en gammal grill..."
          },
          {
            "source": "https://www.flashback.org/t3618848",
            "thread_url": "https://www.flashback.org/t3618848",
            "post_id": "post89535363",
            "username": "Caasimolar",
            "time_raw": "2024-09-16, 12:35 # 3",
            "confidence": 0.72,
            "comment": "Citat: Ursprungligen postat av daskyrn Har du kommit någonvart i detta? Nyfiken Var uppe på bruksberget i kramfors, Fanns en stor igenteglad kub som jag lyckades ta mig in i. Inne i den kuben gick det en lucka och en stege ner i en jättestor vattenkammare. Klättrade ner i vattenkammaren och i golvet var det ett enormt rör där det gick ner ett rep. Klättrade ner i röret som gick en bit sen böjde röret sig rakt ner några hundra meter så vågade i..."
          },
          {
            "source": "https://www.flashback.org/t3618848",
            "thread_url": "https://www.flashback.org/t3618848",
            "post_id": "post89538512",
            "username": "daskyrn",
            "time_raw": "2024-09-16, 18:48 # 4",
            "confidence": 0.72,
            "comment": "Citat: Ursprungligen postat av Caasimolar Var uppe på bruksberget i kramfors, Fanns en stor igenteglad kub som jag lyckades ta mig in i. Inne i den kuben gick det en lucka och en stege ner i en jättestor vattenkammare. Klättrade ner i vattenkammaren och i golvet var det ett enormt rör där det gick ner ett rep. Klättrade ner i röret som gick en bit sen böjde röret sig rakt ner några hundra meter så vågade it fortsätta. Klättrade ut å gick i den..."
          },
          {
            "source": "https://www.flashback.org/t435500",
            "thread_url": "https://www.flashback.org/t435500",
            "post_id": "post6166751",
            "username": null,
            "time_raw": "2007-01-27, 14:34 # 9",
            "confidence": 0.76,
            "comment": "Citat: Ursprungligen postat av Prada St Lars bjuder på saker, det gamla vattentornet, dock inte mycket att se. Kulvertarna under st.lars fram med bultsaxen! Varför använda bultsax när det bara är att knalla in...det gick i alla fall för 10 år sen. Gick in vid sjukhusets huvudingången(?) vid apoteket (om det ligger kvar där). Det var bara att dra i ett snöre så öppnades porten ner till underjorden. Var där en del och skejtade, blå backen var gr..."
          }
        ],
        "source": "https://www.flashback.org/t435500",
        "thread_url": "https://www.flashback.org/t435500",
        "post_id": "post6166751",
        "username": null,
        "time_raw": "2007-01-27, 14:34 # 9",
        "confidence": 0.76,
        "comment": "Citat: Ursprungligen postat av Prada St Lars bjuder på saker, det gamla vattentornet, dock inte mycket att se. Kulvertarna under st.lars fram med bultsaxen! Varför använda bultsax när det bara är att knalla in...det gick i alla fall för 10 år sen. Gick in vid sjukhusets huvudingången(?) vid apoteket (om det ligger kvar där). Det var bara att dra i ett snöre så öppnades porten ner till underjorden. Var där en del och skejtade, blå backen var gr..."
      }
    },
    {
      "type": "Feature",
      "geometry": {
        "type": "Point",
        "coordinates": [
          15.9417165,
          57.8029797
        ]
      },
      "properties": {
        "id": "460e75d8ab92",
        "entity": "Rummet",
        "query": "Rummet, Sweden",
        "display_name": "Rummet, Vimmerby kommun, Kalmar län, 598 72, Sverige",
        "osm_type": "node",
        "osm_id": 7036442222,
        "geocode_confidence": 0.13338867704280152,
        "evidence": [
          {
            "source": "https://www.flashback.org/t750391p2",
            "thread_url": "https://www.flashback.org/t750391",
            "post_id": "post13019074",
            "username": "Fanjunkaren",
            "time_raw": "2008-09-25, 19:42 # 15",
            "confidence": 0.64,
            "comment": "Uppdaterar lite om den bunker jag berättade om tidigare i tråden. Gick ner i bunkerns gångar för att få ett begrepp om hur stor den är. Blev ganska förvånad när vi gick ner för trappsteg och in i olika rum under jord. Gångarna blev längre och längre, tyvärr hade vi ingen ficklampa så kamerans avståndsmätare fick lysa åt oss. Rummet längst in var ganska stort för att vara ett värn, med en gammal grill inuti. Utanför det rummet stod ett gammalt..."
          },
          {
            "source": "https://www.flashback.org/t750391p2",
            "thread_url": "https://www.flashback.org/t750391",
            "post_id": "post13019784",
            "username": "Running_man",
            "time_raw": "2008-09-25, 20:24 # 16",
            "confidence": 0.64,
            "comment": "Citat: Ursprungligen postat av Fanjunkaren Uppdaterar lite om den bunker jag berättade om tidigare i tråden. Gick ner i bunkerns gångar för att få ett begrepp om hur stor den är. Blev ganska förvånad när vi gick ner för trappsteg och in i olika rum under jord. Gångarna blev längre och längre, tyvärr hade vi ingen ficklampa så kamerans avståndsmätare fick lysa åt oss. Rummet längst in var ganska stort för att vara ett värn, med en gammal grill..."
          },
          {
            "source": "https://www.flashback.org/t750391p2",
            "thread_url": "https://www.flashback.org/t750391",
            "post_id": "post13020403",
            "username": null,
            "time_raw": "2008-09-25, 20:58 # 17",
            "confidence": 0.64,
            "comment": "Citat: Ursprungligen postat av Fanjunkaren Uppdaterar lite om den bunker jag berättade om tidigare i tråden. Gick ner i bunkerns gångar för att få ett begrepp om hur stor den är. Blev ganska förvånad när vi gick ner för trappsteg och in i olika rum under jord. Gångarna blev längre och längre, tyvärr hade vi ingen ficklampa så kamerans avståndsmätare fick lysa åt oss. Rummet längst in var ganska stort för att vara ett värn, med en gammal grill..."
          }
        ],
        "source": "https://www.flashback.org/t750391p2",
        "thread_url": "https://www.flashback.org/t750391",
        "post_id": "post13020403",
        "username": null,
        "time_raw": "2008-09-25, 20:58 # 17",
        "confidence": 0.64,
        "comment": "Citat: Ursprungligen postat av Fanjunkaren Uppdaterar lite om den bunker jag berättade om tidigare i tråden. Gick ner i bunkerns gångar för att få ett begrepp om hur stor den är. Blev ganska förvånad när vi gick ner för trappsteg och in i olika rum under jord. Gångarna blev längre och längre, tyvärr hade vi ingen ficklampa så kamerans avståndsmätare fick lysa åt oss. Rummet längst in var ganska stort för att vara ett värn, med en gammal grill..."
      }
    },
    {
      "type": "Feature",
      "geometry": {
        "type": "Point",
        "coordinates": [
          13.036128,
          55.618536
        ]
      },
      "properties": {
        "id": "a8de520ee8c9",
        "entity": "Utanför",
        "query": "Utanför, Sweden",
        "display_name": "E.ON Parkeringen utanför Wihlborgs, Brännögatan, Östra Hamnen, Norr, Malmö, Malmö kommun, Skåne län, 211 31, Sverige",
        "osm_type": "node",
        "osm_id": 10742011788,
        "geocode_confidence": 7.356755931940211e-05,
        "evidence": [
          {
            "source": "https://www.flashback.org/t750391p2",
            "thread_url": "https://www.flashback.org/t750391",
            "post_id": "post13019074",
            "username": "Fanjunkaren",
            "time_raw": "2008-09-25, 19:42 # 15",
            "confidence": 0.64,
            "comment": "Uppdaterar lite om den bunker jag berättade om tidigare i tråden. Gick ner i bunkerns gångar för att få ett begrepp om hur stor den är. Blev ganska förvånad när vi gick ner för trappsteg och in i olika rum under jord. Gångarna blev längre och längre, tyvärr hade vi ingen ficklampa så kamerans avståndsmätare fick lysa åt oss. Rummet längst in var ganska stort för att vara ett värn, med en gammal grill inuti. Utanför det rummet stod ett gammalt..."
          },
          {
            "source": "https://www.flashback.org/t750391p2",
            "thread_url": "https://www.flashback.org/t750391",
            "post_id": "post13019784",
            "username": "Running_man",
            "time_raw": "2008-09-25, 20:24 # 16",
            "confidence": 0.64,
            "comment": "Citat: Ursprungligen postat av Fanjunkaren Uppdaterar lite om den bunker jag berättade om tidigare i tråden. Gick ner i bunkerns gångar för att få ett begrepp om hur stor den är. Blev ganska förvånad när vi gick ner för trappsteg och in i olika rum under jord. Gångarna blev längre och längre, tyvärr hade vi ingen ficklampa så kamerans avståndsmätare fick lysa åt oss. Rummet längst in var ganska stort för att vara ett värn, med en gammal grill..."
          },
          {
            "source": "https://www.flashback.org/t750391p2",
            "thread_url": "https://www.flashback.org/t750391",
            "post_id": "post13020403",
            "username": null,
            "time_raw": "2008-09-25, 20:58 # 17",
            "confidence": 0.64,
            "comment": "Citat: Ursprungligen postat av Fanjunkaren Uppdaterar lite om den bunker jag berättade om tidigare i tråden. Gick ner i bunkerns gångar för att få ett begrepp om hur stor den är. Blev ganska förvånad när vi gick ner för trappsteg och in i olika rum under jord. Gångarna blev längre och längre, tyvärr hade vi ingen ficklampa så kamerans avståndsmätare fick lysa åt oss. Rummet längst in var ganska stort för att vara ett värn, med en gammal grill..."
          }
        ],
        "source": "https://www.flashback.org/t750391p2",
        "thread_url": "https://www.flashback.org/t750391",
        "post_id": "post13020403",
        "username": null,
        "time_raw": "2008-09-25, 20:58 # 17",
        "confidence": 0.64,
        "comment": "Citat: Ursprungligen postat av Fanjunkaren Uppdaterar lite om den bunker jag berättade om tidigare i tråden. Gick ner i bunkerns gångar för att få ett begrepp om hur stor den är. Blev ganska förvånad när vi gick ner för trappsteg och in i olika rum under jord. Gångarna blev längre och längre, tyvärr hade vi ingen ficklampa så kamerans avståndsmätare fick lysa åt oss. Rummet längst in var ganska stort för att vara ett värn, med en gammal grill..."
      }
    },
    {
      "type": "Feature",
      "geometry": {
        "type": "Point",
        "coordinates": [
          18.0691375,
          59.3251256
        ]
      },
      "properties": {
        "id": "490204263c5b",
        "entity": "Trevligt",
        "query": "Trevligt, Sweden",
        "display_name": "Trångt & trevligt, Överskärargränd, Gamla stan, Södermalms stadsdelsområde, Stockholm, Stockholms kommun, Stockholms län, 111 28, Sverige",
        "osm_type": "node",
        "osm_id": 4848103058,
        "geocode_confidence": 8.40184634164495e-05,
        "evidence": [
          {
            "source": "https://www.flashback.org/t750391p2",
            "thread_url": "https://www.flashback.org/t750391",
            "post_id": "post13019784",
            "username": "Running_man",
            "time_raw": "2008-09-25, 20:24 # 16",
            "confidence": 0.64,
            "comment": "Citat: Ursprungligen postat av Fanjunkaren Uppdaterar lite om den bunker jag berättade om tidigare i tråden. Gick ner i bunkerns gångar för att få ett begrepp om hur stor den är. Blev ganska förvånad när vi gick ner för trappsteg och in i olika rum under jord. Gångarna blev längre och längre, tyvärr hade vi ingen ficklampa så kamerans avståndsmätare fick lysa åt oss. Rummet längst in var ganska stort för att vara ett värn, med en gammal grill..."
          }
        ],
        "source": "https://www.flashback.org/t750391p2",
        "thread_url": "https://www.flashback.org/t750391",
        "post_id": "post13019784",
        "username": "Running_man",
        "time_raw": "2008-09-25, 20:24 # 16",
        "confidence": 0.64,
        "comment": "Citat: Ursprungligen postat av Fanjunkaren Uppdaterar lite om den bunker jag berättade om tidigare i tråden. Gick ner i bunkerns gångar för att få ett begrepp om hur stor den är. Blev ganska förvånad när vi gick ner för trappsteg och in i olika rum under jord. Gångarna blev längre och längre, tyvärr hade vi ingen ficklampa så kamerans avståndsmätare fick lysa åt oss. Rummet längst in var ganska stort för att vara ett värn, med en gammal grill..."
      }
    },
    {
      "type": "Feature",
      "geometry": {
        "type": "Point",
        "coordinates": [
          17.7323603,
          59.2087419
        ]
      },
      "properties": {
        "id": "ac7182192238",
        "entity": "Väntar",
        "query": "Väntar, Sweden",
        "display_name": "Torpet Friokulla - Gå i piliens riktning till ängens slut. Där väntar en ny röd pil., Hallstavägen, Nytorp, Rönninge, Salems kommun, Stockholms län, 144 61, Sverige",
        "osm_type": "node",
        "osm_id": 13398213767,
        "geocode_confidence": 5.299229419389666e-05,
        "evidence": [
          {
            "source": "https://www.flashback.org/t750391p2",
            "thread_url": "https://www.flashback.org/t750391",
            "post_id": "post13019784",
            "username": "Running_man",
            "time_raw": "2008-09-25, 20:24 # 16",
            "confidence": 0.64,
            "comment": "Citat: Ursprungligen postat av Fanjunkaren Uppdaterar lite om den bunker jag berättade om tidigare i tråden. Gick ner i bunkerns gångar för att få ett begrepp om hur stor den är. Blev ganska förvånad när vi gick ner för trappsteg och in i olika rum under jord. Gångarna blev längre och längre, tyvärr hade vi ingen ficklampa så kamerans avståndsmätare fick lysa åt oss. Rummet längst in var ganska stort för att vara ett värn, med en gammal grill..."
          }
        ],
        "source": "https://www.flashback.org/t750391p2",
        "thread_url": "https://www.flashback.org/t750391",
        "post_id": "post13019784",
        "username": "Running_man",
        "time_raw": "2008-09-25, 20:24 # 16",
        "confidence": 0.64,
        "comment": "Citat: Ursprungligen postat av Fanjunkaren Uppdaterar lite om den bunker jag berättade om tidigare i tråden. Gick ner i bunkerns gångar för att få ett begrepp om hur stor den är. Blev ganska förvånad när vi gick ner för trappsteg och in i olika rum under jord. Gångarna blev längre och längre, tyvärr hade vi ingen ficklampa så kamerans avståndsmätare fick lysa åt oss. Rummet längst in var ganska stort för att vara ett värn, med en gammal grill..."
      }
    },
    {
      "type": "Feature",
      "geometry": {
        "type": "Point",
        "coordinates": [
          14.0373248,
          57.1872436
        ]
      },
      "properties": {
        "id": "79e921b4e6b3",
        "entity": "Värnet",
        "query": "Värnet, Sweden",
        "display_name": "Värnet, Värnamo, Värnamo kommun, Jönköpings län, 331 22, Sverige",
        "osm_type": "node",
        "osm_id": 7124996923,
        "geocode_confidence": 0.13338815518425268,
        "evidence": [
          {
            "source": "https://www.flashback.org/t750391p2",
            "thread_url": "https://www.flashback.org/t750391",
            "post_id": "post13020403",
            "username": null,
            "time_raw": "2008-09-25, 20:58 # 17",
            "confidence": 0.64,
            "comment": "Citat: Ursprungligen postat av Fanjunkaren Uppdaterar lite om den bunker jag berättade om tidigare i tråden. Gick ner i bunkerns gångar för att få ett begrepp om hur stor den är. Blev ganska förvånad när vi gick ner för trappsteg och in i olika rum under jord. Gångarna blev längre och längre, tyvärr hade vi ingen ficklampa så kamerans avståndsmätare fick lysa åt oss. Rummet längst in var ganska stort för att vara ett värn, med en gammal grill..."
          }
        ],
        "source": "https://www.flashback.org/t750391p2",
        "thread_url": "https://www.flashback.org/t750391",
        "post_id": "post13020403",
        "username": null,
        "time_raw": "2008-09-25, 20:58 # 17",
        "confidence": 0.64,
        "comment": "Citat: Ursprungligen postat av Fanjunkaren Uppdaterar lite om den bunker jag berättade om tidigare i tråden. Gick ner i bunkerns gångar för att få ett begrepp om hur stor den är. Blev ganska förvånad när vi gick ner för trappsteg och in i olika rum under jord. Gångarna blev längre och längre, tyvärr hade vi ingen ficklampa så kamerans avståndsmätare fick lysa åt oss. Rummet längst in var ganska stort för att vara ett värn, med en gammal grill..."
      }
    },
    {
      "type": "Feature",
      "geometry": {
        "type": "Point",
        "coordinates": [
          12.9609891,
          60.6610205
        ]
      },
      "properties": {
        "id": "22aef92a337d",
        "entity": "Bulldog",
        "query": "Bulldog, Sweden",
        "display_name": "The French Bulldog In, Myrvägen, Dalby distrikt, Torsby kommun, Värmlands län, 680 60, Sverige",
        "osm_type": "node",
        "osm_id": 12478431007,
        "geocode_confidence": 5.682841229872614e-05,
        "evidence": [
          {
            "source": "https://www.flashback.org/t750391p2",
            "thread_url": "https://www.flashback.org/t750391",
            "post_id": "post13030351",
            "username": "Fanjunkaren",
            "time_raw": "2008-09-26, 16:23 # 21",
            "confidence": 0.72,
            "comment": "Citat: Ursprungligen postat av b@ron mitt \"side kick\" berättar nu att det inte var detta flygplan typ - planet var med 2 säten ; pilot o bakom plats för 1 person ...på flygets motor bredvid propellern var ett rött glas typ infrarött ljus /infrarött värmelampa någon som vet.. tror inte det var civilt  vad gör detta flygplan på Barkarby flygfält en lördag eftermiddag om inte där finns någon aktivt militär aktivitet i berget jag har ett annat..."
          }
        ],
        "source": "https://www.flashback.org/t750391p2",
        "thread_url": "https://www.flashback.org/t750391",
        "post_id": "post13030351",
        "username": "Fanjunkaren",
        "time_raw": "2008-09-26, 16:23 # 21",
        "confidence": 0.72,
        "comment": "Citat: Ursprungligen postat av b@ron mitt \"side kick\" berättar nu att det inte var detta flygplan typ - planet var med 2 säten ; pilot o bakom plats för 1 person ...på flygets motor bredvid propellern var ett rött glas typ infrarött ljus /infrarött värmelampa någon som vet.. tror inte det var civilt  vad gör detta flygplan på Barkarby flygfält en lördag eftermiddag om inte där finns någon aktivt militär aktivitet i berget jag har ett annat..."
      }
    },
    {
      "type": "Feature",
      "geometry": {
        "type": "Point",
        "coordinates": [
          14.1691755,
          57.1157565
        ]
      },
      "properties": {
        "id": "d86d2f110e00",
        "entity": "Bör",
        "query": "Bör, Sweden",
        "display_name": "Bor, Stationsvägen, Bor, Värnamo kommun, Jönköpings län, 330 15, Sverige",
        "osm_type": "node",
        "osm_id": 89559193,
        "geocode_confidence": 0.2328416436185146,
        "evidence": [
          {
            "source": "https://www.flashback.org/t750391p2",
            "thread_url": "https://www.flashback.org/t750391",
            "post_id": "post13030351",
            "username": "Fanjunkaren",
            "time_raw": "2008-09-26, 16:23 # 21",
            "confidence": 0.72,
            "comment": "Citat: Ursprungligen postat av b@ron mitt \"side kick\" berättar nu att det inte var detta flygplan typ - planet var med 2 säten ; pilot o bakom plats för 1 person ...på flygets motor bredvid propellern var ett rött glas typ infrarött ljus /infrarött värmelampa någon som vet.. tror inte det var civilt  vad gör detta flygplan på Barkarby flygfält en lördag eftermiddag om inte där finns någon aktivt militär aktivitet i berget jag har ett annat..."
          }
        ],
        "source": "https://www.flashback.org/t750391p2",
        "thread_url": "https://www.flashback.org/t750391",
        "post_id": "post13030351",
        "username": "Fanjunkaren",
        "time_raw": "2008-09-26, 16:23 # 21",
        "confidence": 0.72,
        "comment": "Citat: Ursprungligen postat av b@ron mitt \"side kick\" berättar nu att det inte var detta flygplan typ - planet var med 2 säten ; pilot o bakom plats för 1 person ...på flygets motor bredvid propellern var ett rött glas typ infrarött ljus /infrarött värmelampa någon som vet.. tror inte det var civilt  vad gör detta flygplan på Barkarby flygfält en lördag eftermiddag om inte där finns någon aktivt militär aktivitet i berget jag har ett annat..."
      }
    },
    {
      "type": "Feature",
      "geometry": {
        "type": "Point",
        "coordinates": [
          11.9768027,
          57.7192763
        ]
      },
      "properties": {
        "id": "13ae5525600b",
        "entity": "Dock",
        "query": "Dock, Sweden",
        "display_name": "Dock 1, Kvillebäcken, Hisingen, Göteborg, Göteborgs Stad, Västra Götalands län, Sverige",
        "osm_type": "way",
        "osm_id": 99476879,
        "geocode_confidence": 0.13341108339055466,
        "evidence": [
          {
            "source": "https://www.flashback.org/t750391p2",
            "thread_url": "https://www.flashback.org/t750391",
            "post_id": "post13030351",
            "username": "Fanjunkaren",
            "time_raw": "2008-09-26, 16:23 # 21",
            "confidence": 0.72,
            "comment": "Citat: Ursprungligen postat av b@ron mitt \"side kick\" berättar nu att det inte var detta flygplan typ - planet var med 2 säten ; pilot o bakom plats för 1 person ...på flygets motor bredvid propellern var ett rött glas typ infrarött ljus /infrarött värmelampa någon som vet.. tror inte det var civilt  vad gör detta flygplan på Barkarby flygfält en lördag eftermiddag om inte där finns någon aktivt militär aktivitet i berget jag har ett annat..."
          },
          {
            "source": "https://www.flashback.org/t2225405",
            "thread_url": "https://www.flashback.org/t2225405",
            "post_id": "post649661",
            "username": "Wentor-",
            "time_raw": "2003-12-11, 10:52 # 4",
            "confidence": 0.56,
            "comment": "Citat: Ursprungligen postat av slakis det är rätt trevligt även om det inte är något speciellt egentligen där.. en perrong halvt utomhus halvt under jord.. är mycket väktare och bevakning i krokarna nu på senare tid på grund av ungar som leker i närheten, samt målare... många påkörningsolyckor o sådant. så ta det försiktigt om ni planerar en expedition. och rör inte målningarna. Aj fasen.. Jag och ett par polare hade tänkt kolla hur det ser ut..."
          },
          {
            "source": "https://www.flashback.org/t1413347",
            "thread_url": "https://www.flashback.org/t1413347",
            "post_id": "post28029351",
            "username": "[Strange Days]",
            "time_raw": "2011-01-06, 08:06 # 9",
            "confidence": 0.64,
            "comment": "Riksantikvarieämbetet har en sökfunktion där man kan söka efter fornlämningar och andra historiska platser - även då t. ex. kyrkor och gravplatser som ej längre är i bruk: http://www.fmis.raa.se/cocoon/fornsok/search.html Dock så verkar just den ödekyrka som nämns i tråden inte vara dokumenterad, vilket jag tycker är lite märkligt om den nu är så pass känd av ortsbefolkningen som TS påstår att den är. EDIT Ramdala har 2 begravningsplatser doku..."
          }
        ],
        "source": "https://www.flashback.org/t1413347",
        "thread_url": "https://www.flashback.org/t1413347",
        "post_id": "post28029351",
        "username": "[Strange Days]",
        "time_raw": "2011-01-06, 08:06 # 9",
        "confidence": 0.64,
        "comment": "Riksantikvarieämbetet har en sökfunktion där man kan söka efter fornlämningar och andra historiska platser - även då t. ex. kyrkor och gravplatser som ej längre är i bruk: http://www.fmis.raa.se/cocoon/fornsok/search.html Dock så verkar just den ödekyrka som nämns i tråden inte vara dokumenterad, vilket jag tycker är lite märkligt om den nu är så pass känd av ortsbefolkningen som TS påstår att den är. EDIT Ramdala har 2 begravningsplatser doku..."
      }
    },
    {
      "type": "Feature",
      "geometry": {
        "type": "Point",
        "coordinates": [
          18.0542148,
          59.3274942
        ]
      },
      "properties": {
        "id": "9dba213aed8b",
        "entity": "Ville",
        "query": "Ville, Sweden",
        "display_name": "Stockholms stadshus, 1, Hantverkargatan, Kungsholmen, Kungsholmens stadsdelsområde, Stockholm, Stockholms kommun, Stockholms län, 111 52, Sverige",
        "osm_type": "relation",
        "osm_id": 29368,
        "geocode_confidence": 0.47885933049322416,
        "evidence": [
          {
            "source": "https://www.flashback.org/t750391p2",
            "thread_url": "https://www.flashback.org/t750391",
            "post_id": "post13030351",
            "username": "Fanjunkaren",
            "time_raw": "2008-09-26, 16:23 # 21",
            "confidence": 0.72,
            "comment": "Citat: Ursprungligen postat av b@ron mitt \"side kick\" berättar nu att det inte var detta flygplan typ - planet var med 2 säten ; pilot o bakom plats för 1 person ...på flygets motor bredvid propellern var ett rött glas typ infrarött ljus /infrarött värmelampa någon som vet.. tror inte det var civilt  vad gör detta flygplan på Barkarby flygfält en lördag eftermiddag om inte där finns någon aktivt militär aktivitet i berget jag har ett annat..."
          }
        ],
        "source": "https://www.flashback.org/t750391p2",
        "thread_url": "https://www.flashback.org/t750391",
        "post_id": "post13030351",
        "username": "Fanjunkaren",
        "time_raw": "2008-09-26, 16:23 # 21",
        "confidence": 0.72,
        "comment": "Citat: Ursprungligen postat av b@ron mitt \"side kick\" berättar nu att det inte var detta flygplan typ - planet var med 2 säten ; pilot o bakom plats för 1 person ...på flygets motor bredvid propellern var ett rött glas typ infrarött ljus /infrarött värmelampa någon som vet.. tror inte det var civilt  vad gör detta flygplan på Barkarby flygfält en lördag eftermiddag om inte där finns någon aktivt militär aktivitet i berget jag har ett annat..."
      }
    },
    {
      "type": "Feature",
      "geometry": {
        "type": "Point",
        "coordinates": [
          18.0776828,
          59.2945833
        ]
      },
      "properties": {
        "id": "918c97ae95f8",
        "entity": "Går",
        "query": "Går, Sweden",
        "display_name": "Vi går till Marie, Konstgjutarvägen, Johanneshov, Enskede-Årsta-Vantörs stadsdelsområde, Stockholm, Stockholms kommun, Stockholms län, 121 44, Sverige",
        "osm_type": "node",
        "osm_id": 1258674437,
        "geocode_confidence": 8.40184634164495e-05,
        "evidence": [
          {
            "source": "https://www.flashback.org/t750391p2",
            "thread_url": "https://www.flashback.org/t750391",
            "post_id": "post13030351",
            "username": "Fanjunkaren",
            "time_raw": "2008-09-26, 16:23 # 21",
            "confidence": 0.72,
            "comment": "Citat: Ursprungligen postat av b@ron mitt \"side kick\" berättar nu att det inte var detta flygplan typ - planet var med 2 säten ; pilot o bakom plats för 1 person ...på flygets motor bredvid propellern var ett rött glas typ infrarött ljus /infrarött värmelampa någon som vet.. tror inte det var civilt  vad gör detta flygplan på Barkarby flygfält en lördag eftermiddag om inte där finns någon aktivt militär aktivitet i berget jag har ett annat..."
          },
          {
            "source": "https://www.flashback.org/t435500",
            "thread_url": "https://www.flashback.org/t435500",
            "post_id": "post7715758",
            "username": "Naw",
            "time_raw": "2007-07-15, 16:57 # 11",
            "confidence": 0.48,
            "comment": "är intresserad av att börja med UE i Lund jag. När jag var yngre bodde jag på värpinge och precis som någon sa så finns där tunnlar som leder under i princip hela Lund. Man får gå ner i Ravinen på Värpinge, där finns ett stort rör som man kan gå in i, där rinner dock en del vatten så det blir nog enklast och smidigast om man har gummistövlar. Lite mer än halvvägs in i röret kommer en \"korsning\". Till höger är det igenspikat med plankor så man..."
          }
        ],
        "source": "https://www.flashback.org/t435500",
        "thread_url": "https://www.flashback.org/t435500",
        "post_id": "post7715758",
        "username": "Naw",
        "time_raw": "2007-07-15, 16:57 # 11",
        "confidence": 0.48,
        "comment": "är intresserad av att börja med UE i Lund jag. När jag var yngre bodde jag på värpinge och precis som någon sa så finns där tunnlar som leder under i princip hela Lund. Man får gå ner i Ravinen på Värpinge, där finns ett stort rör som man kan gå in i, där rinner dock en del vatten så det blir nog enklast och smidigast om man har gummistövlar. Lite mer än halvvägs in i röret kommer en \"korsning\". Till höger är det igenspikat med plankor så man..."
      }
    },
    {
      "type": "Feature",
      "geometry": {
        "type": "Point",
        "coordinates": [
          17.2209149,
          60.6041413
        ]
      },
      "properties": {
        "id": "e0fbe4fe5594",
        "entity": "Kilar",
        "query": "Kilar, Sweden",
        "display_name": "Kilarvägen, Gävle kommun, Gävleborgs län, 805 92, Sverige",
        "osm_type": "way",
        "osm_id": 223604575,
        "geocode_confidence": 0.053389485770962045,
        "evidence": [
          {
            "source": "https://www.flashback.org/t750391p2",
            "thread_url": "https://www.flashback.org/t750391",
            "post_id": "post13030351",
            "username": "Fanjunkaren",
            "time_raw": "2008-09-26, 16:23 # 21",
            "confidence": 0.72,
            "comment": "Citat: Ursprungligen postat av b@ron mitt \"side kick\" berättar nu att det inte var detta flygplan typ - planet var med 2 säten ; pilot o bakom plats för 1 person ...på flygets motor bredvid propellern var ett rött glas typ infrarött ljus /infrarött värmelampa någon som vet.. tror inte det var civilt  vad gör detta flygplan på Barkarby flygfält en lördag eftermiddag om inte där finns någon aktivt militär aktivitet i berget jag har ett annat..."
          }
        ],
        "source": "https://www.flashback.org/t750391p2",
        "thread_url": "https://www.flashback.org/t750391",
        "post_id": "post13030351",
        "username": "Fanjunkaren",
        "time_raw": "2008-09-26, 16:23 # 21",
        "confidence": 0.72,
        "comment": "Citat: Ursprungligen postat av b@ron mitt \"side kick\" berättar nu att det inte var detta flygplan typ - planet var med 2 säten ; pilot o bakom plats för 1 person ...på flygets motor bredvid propellern var ett rött glas typ infrarött ljus /infrarött värmelampa någon som vet.. tror inte det var civilt  vad gör detta flygplan på Barkarby flygfält en lördag eftermiddag om inte där finns någon aktivt militär aktivitet i berget jag har ett annat..."
      }
    },
    {
      "type": "Feature",
      "geometry": {
        "type": "Point",
        "coordinates": [
          11.9794949,
          57.687787
        ]
      },
      "properties": {
        "id": "eb4c1d2dd4b3",
        "entity": "Edit",
        "query": "Edit, Sweden",
        "display_name": "Elektro-, Data- och IT-teknik, Hörsalsvägen, Johanneberg, Centrum, Göteborg, Göteborgs Stad, Västra Götalands län, 412 58, Sverige",
        "osm_type": "relation",
        "osm_id": 60219,
        "geocode_confidence": 7.775005722128661e-05,
        "evidence": [
          {
            "source": "https://www.flashback.org/t750391p2",
            "thread_url": "https://www.flashback.org/t750391",
            "post_id": "post13030351",
            "username": "Fanjunkaren",
            "time_raw": "2008-09-26, 16:23 # 21",
            "confidence": 0.72,
            "comment": "Citat: Ursprungligen postat av b@ron mitt \"side kick\" berättar nu att det inte var detta flygplan typ - planet var med 2 säten ; pilot o bakom plats för 1 person ...på flygets motor bredvid propellern var ett rött glas typ infrarött ljus /infrarött värmelampa någon som vet.. tror inte det var civilt  vad gör detta flygplan på Barkarby flygfält en lördag eftermiddag om inte där finns någon aktivt militär aktivitet i berget jag har ett annat..."
          },
          {
            "source": "https://www.flashback.org/t2225405",
            "thread_url": "https://www.flashback.org/t2225405",
            "post_id": "post6932269",
            "username": "Ssraeshza",
            "time_raw": "2007-04-23, 23:22 # 11",
            "confidence": 0.72,
            "comment": "Citat: Ursprungligen postat av Solstickeflicka Jag och en vän tänkte åka till \"spökstationen\" Kymlinge imorgon. Jag har sökt en hel del, men inte fått svar på mina viktigaste frågor, tänkte därför att ni kanske kunde hjälpa mig. 1. Är det olagligt att gå in på Kymlinge, dvs att nån vakt kan komma och \"ta hand\" om en. 2. Måste man gå över tunnelbanespåren för att komma in på själva stationen? I sådana fall, hur gör man detta på bästa sätt? 3. V..."
          },
          {
            "source": "https://www.flashback.org/t359143",
            "thread_url": "https://www.flashback.org/t359143",
            "post_id": "post9130232",
            "username": "Pendeltåg",
            "time_raw": "2007-11-29, 22:53 # 5",
            "confidence": 0.84,
            "comment": "Citat: Ursprungligen postat av Ayah Ganska ballt ställe faktiskt. Bilder kan läggas upp om ni är intresserade.Någon som vet något mera om det här stället? Har du kvar bilderna? Skulle vara kul att se! Besökte aldrig området själv tyvärr. totalt fanns där C:a 1,7 mil med minkhus, vilka såldes och exporterades till Ryssland. Fabrikshuset du såg kanske var frysanläggningen de hade där? Den användes till att frysa in minkmat med. Mycket av slakter..."
          },
          {
            "source": "https://www.flashback.org/t359143",
            "thread_url": "https://www.flashback.org/t359143",
            "post_id": "post9130752",
            "username": "jornmark",
            "time_raw": "2007-11-29, 23:33 # 6",
            "confidence": 0.84,
            "comment": "Citat: Ursprungligen postat av Pendeltåg Har du kvar bilderna? Skulle vara kul att se! Besökte aldrig området själv tyvärr. totalt fanns där C:a 1,7 mil med minkhus, vilka såldes och exporterades till Ryssland. Fabrikshuset du såg kanske var frysanläggningen de hade där? Den användes till att frysa in minkmat med. Mycket av slakteriavfallet på Gotland kördes dit som minkfoder. Även efter försäljningen av minkhusen användes den fortsatt för att..."
          }
        ],
        "source": "https://www.flashback.org/t359143",
        "thread_url": "https://www.flashback.org/t359143",
        "post_id": "post9130752",
        "username": "jornmark",
        "time_raw": "2007-11-29, 23:33 # 6",
        "confidence": 0.84,
        "comment": "Citat: Ursprungligen postat av Pendeltåg Har du kvar bilderna? Skulle vara kul att se! Besökte aldrig området själv tyvärr. totalt fanns där C:a 1,7 mil med minkhus, vilka såldes och exporterades till Ryssland. Fabrikshuset du såg kanske var frysanläggningen de hade där? Den användes till att frysa in minkmat med. Mycket av slakteriavfallet på Gotland kördes dit som minkfoder. Även efter försäljningen av minkhusen användes den fortsatt för att..."
      }
    },
    {
      "type": "Feature",
      "geometry": {
        "type": "Point",
        "coordinates": [
          18.0710935,
          59.3251172
        ]
      },
      "properties": {
        "id": "0f7c62a05273",
        "entity": "Stockholm",
        "query": "Stockholm, Sweden",
        "display_name": "Stockholm, Stockholms kommun, Stockholms län, 111 29, Sverige",
        "osm_type": "node",
        "osm_id": 25929985,
        "geocode_confidence": 0.8025029343706332,
        "evidence": [
          {
            "source": "https://www.flashback.org/t750391p2",
            "thread_url": "https://www.flashback.org/t750391",
            "post_id": "post13030351",
            "username": "Fanjunkaren",
            "time_raw": "2008-09-26, 16:23 # 21",
            "confidence": 0.72,
            "comment": "Citat: Ursprungligen postat av b@ron mitt \"side kick\" berättar nu att det inte var detta flygplan typ - planet var med 2 säten ; pilot o bakom plats för 1 person ...på flygets motor bredvid propellern var ett rött glas typ infrarött ljus /infrarött värmelampa någon som vet.. tror inte det var civilt  vad gör detta flygplan på Barkarby flygfält en lördag eftermiddag om inte där finns någon aktivt militär aktivitet i berget jag har ett annat..."
          },
          {
            "source": "https://www.flashback.org/t3699472",
            "thread_url": "https://www.flashback.org/t3699472",
            "post_id": "post93218802",
            "username": "Flygandekatten",
            "time_raw": "2025-10-14, 17:35 # 1",
            "confidence": 0.56,
            "comment": "För ett par månader sen var jag och några polare ute och drev runt i Stockholm, när vi helt spontant bestämde oss för att försöka ta oss in i Katarinabergets bunker. Vi trodde helt ärligt inte att det skulle gå  det är ju en fullt aktiv anläggning mitt i stan, med massor av kameror och larm. Men på något sjukt sätt kom vi in. Mitt på dagen, runt kl 13. Inga masker, inga avancerade planer  det bara hände. Väl där inne blev det snabbt tydligt..."
          },
          {
            "source": "https://www.flashback.org/t3699472p2",
            "thread_url": "https://www.flashback.org/t3699472",
            "post_id": "post93219701",
            "username": "AskMeAboutJesus",
            "time_raw": "2025-10-14, 19:16 # 16",
            "confidence": 0.56,
            "comment": "Citat: Ursprungligen postat av Flygandekatten Spoiler För ett par månader sen var jag och några polare ute och drev runt i Stockholm, när vi helt spontant bestämde oss för att försöka ta oss in i Katarinabergets bunker. Vi trodde helt ärligt inte att det skulle gå  det är ju en fullt aktiv anläggning mitt i stan, med massor av kameror och larm. Men på något sjukt sätt kom vi in. Mitt på dagen, runt kl 13. Inga masker, inga avancerade planer ..."
          },
          {
            "source": "https://www.flashback.org/t3699472p2",
            "thread_url": "https://www.flashback.org/t3699472",
            "post_id": "post93219968",
            "username": "respektive",
            "time_raw": "2025-10-14, 19:44 # 19",
            "confidence": 0.56,
            "comment": "Varför är inlägget skrivet med ChatGPT eller annan motsvarande tjänst? Det gör att trovärdigheten sjunker direkt. Citat: Ursprungligen postat av Flygandekatten För ett par månader sen var jag och några polare ute och drev runt i Stockholm, när vi helt spontant bestämde oss för att försöka ta oss in i Katarinabergets bunker. Vi trodde helt ärligt inte att det skulle gå  det är ju en fullt aktiv anläggning mitt i stan, med massor av kameror och..."
          },
          {
            "source": "https://www.flashback.org/t1421697",
            "thread_url": "https://www.flashback.org/t1421697",
            "post_id": "post28186209",
            "username": "Andiders",
            "time_raw": "2011-01-12, 22:55 # 5",
            "confidence": 0.52,
            "comment": "Kallas väl kullvertar? (osäker stavning på de ordet) Flesta sjukhus har sådana, bl.a i Stockholm finns det flera i tunnelbanorna som är kopplade till sjukhus och andra byggnader."
          },
          {
            "source": "https://www.flashback.org/t1421697",
            "thread_url": "https://www.flashback.org/t1421697",
            "post_id": "post28186266",
            "username": "swepoman",
            "time_raw": "2011-01-12, 22:57 # 6",
            "confidence": 0.68,
            "comment": "Citat: Ursprungligen postat av Andiders Kallas väl kullvertar? (osäker stavning på de ordet) Flesta sjukhus har sådana, bl.a i Stockholm finns det flera i tunnelbanorna som är kopplade till sjukhus och andra byggnader. Må så vara Det som jag tyckte var mest intressant i hela storyn var väl mest att det gick till dom anställdas hus för dom skulle kunna ta sig till och från jobb så lätt som möjligt.. Men det är ju långt tillbaka i tiden detta sk..."
          },
          {
            "source": "https://www.flashback.org/t3074043",
            "thread_url": "https://www.flashback.org/t3074043",
            "post_id": "post68631667",
            "username": "LadyCinderbottom",
            "time_raw": "2019-09-07, 19:01 # 2",
            "confidence": 0.84,
            "comment": "Citat: Ursprungligen postat av G2H1 Tjenare! Jag och mina kompisar blev sjukt sugna på att testa det här med UE. Vi vill alltså ta oss in på ödelagda platser. Problemet är att ingen av oss vet vart vi skulle kunna åka. Kikade runt lite här på flashback men hittade nästan bara gamla trådar. Så jag undrar om någon här skulle kunna rekommendera nåt fint ställe här i Stockholms trakterna nära västra Stockholm? Tack på förhand! Klassiker är Kymling..."
          },
          {
            "source": "https://www.flashback.org/t3074043",
            "thread_url": "https://www.flashback.org/t3074043",
            "post_id": "post69243521",
            "username": "fabio95",
            "time_raw": "2019-11-09, 12:31 # 5",
            "confidence": 0.88,
            "comment": "Jag söker också efter några fler ställen i Stockholm. Jag har tillgång till bil och letar efter lite tips om intressanta platser runt om Stockholm att utforska. Jag har besökt Sös tunneln innan den var stängd samt sen djupare delen som man når genom en Stege, färgfabriken, kymlingestation och nån nedbränd skola. Skulle någon tänka sig Pma några intressanta ställen att besöka?"
          },
          {
            "source": "https://www.flashback.org/t3074043p2",
            "thread_url": "https://www.flashback.org/t3074043",
            "post_id": "post84086988",
            "username": "Psykadeluxe",
            "time_raw": "2023-04-08, 07:00 # 19",
            "confidence": 0.72,
            "comment": "Citat: Ursprungligen postat av Underjording Om det du säger stämmer.. Hur vet du att tunneln går till Hammarbyhöjden? Har du gått hela vägen? Vad är det för typ av tunnel? Jag har inte gått hela vägen i en sträcka men till och från så har jag öppnat upp luckor i området och då har det alltid verkat som om allt är sammankopplat under marken både inne i innerstan men också i kranskommunerna kring Stockholm. Och det verkar ju trovärdigt med tanke..."
          }
        ],
        "source": "https://www.flashback.org/t3074043p2",
        "thread_url": "https://www.flashback.org/t3074043",
        "post_id": "post84086988",
        "username": "Psykadeluxe",
        "time_raw": "2023-04-08, 07:00 # 19",
        "confidence": 0.72,
        "comment": "Citat: Ursprungligen postat av Underjording Om det du säger stämmer.. Hur vet du att tunneln går till Hammarbyhöjden? Har du gått hela vägen? Vad är det för typ av tunnel? Jag har inte gått hela vägen i en sträcka men till och från så har jag öppnat upp luckor i området och då har det alltid verkat som om allt är sammankopplat under marken både inne i innerstan men också i kranskommunerna kring Stockholm. Och det verkar ju trovärdigt med tanke..."
      }
    },
    {
      "type": "Feature",
      "geometry": {
        "type": "Point",
        "coordinates": [
          11.9550133,
          57.6823177
        ]
      },
      "properties": {
        "id": "3ab7f41cbcbd",
        "entity": "Vitsippsdalen",
        "query": "Vitsippsdalen, Sweden",
        "display_name": "Vitsippsdalen, Änggården, Centrum, Göteborg, Göteborgs Stad, Västra Götalands län, 413 46, Sverige",
        "osm_type": "node",
        "osm_id": 8331975305,
        "geocode_confidence": 0.06674441672388799,
        "evidence": [
          {
            "source": "https://www.flashback.org/t3729252",
            "thread_url": "https://www.flashback.org/t3729252",
            "post_id": "post94908233",
            "username": "Duvermongo",
            "time_raw": "2026-05-06, 20:33 # 1",
            "confidence": 0.56,
            "comment": "Tjenare! Jag planerar ett litet smått Äventyr inom snar framtid till tunneln som ligger i Vitsippsdalen i Göteborg. https://maps.app.goo.gl/X5uuRHPUh1GGsQAq9 . Jag undrar om någon här har varit inne i tunneln och kan berätta lite mer? Någon som har koll vart man kan hitta kartor? Jag har sett en del bilder men det skulle också vara kul att höra lite mer från någon som varit inne i tunneln. Länkar en av mina favorit bilder här https://imgur.com..."
          },
          {
            "source": "https://www.flashback.org/t3729252",
            "thread_url": "https://www.flashback.org/t3729252",
            "post_id": "post94908552",
            "username": "Goulburn",
            "time_raw": "2026-05-06, 21:16 # 2",
            "confidence": 0.56,
            "comment": "Citat: Ursprungligen postat av Duvermongo Tjenare! Jag planerar ett litet smått Äventyr inom snar framtid till tunneln som ligger i Vitsippsdalen i Göteborg. https://maps.app.goo.gl/X5uuRHPUh1GGsQAq9 . Jag undrar om någon här har varit inne i tunneln och kan berätta lite mer? Någon som har koll vart man kan hitta kartor? Jag har sett en del bilder men det skulle också vara kul att höra lite mer från någon som varit inne i tunneln. Länkar en av..."
          }
        ],
        "source": "https://www.flashback.org/t3729252",
        "thread_url": "https://www.flashback.org/t3729252",
        "post_id": "post94908552",
        "username": "Goulburn",
        "time_raw": "2026-05-06, 21:16 # 2",
        "confidence": 0.56,
        "comment": "Citat: Ursprungligen postat av Duvermongo Tjenare! Jag planerar ett litet smått Äventyr inom snar framtid till tunneln som ligger i Vitsippsdalen i Göteborg. https://maps.app.goo.gl/X5uuRHPUh1GGsQAq9 . Jag undrar om någon här har varit inne i tunneln och kan berätta lite mer? Någon som har koll vart man kan hitta kartor? Jag har sett en del bilder men det skulle också vara kul att höra lite mer från någon som varit inne i tunneln. Länkar en av..."
      }
    },
    {
      "type": "Feature",
      "geometry": {
        "type": "Point",
        "coordinates": [
          11.9670171,
          57.7072326
        ]
      },
      "properties": {
        "id": "7221700b4ec1",
        "entity": "Göteborg",
        "query": "Göteborg, Sweden",
        "display_name": "Göteborg, Göteborgs Stad, Västra Götalands län, 411 10, Sverige",
        "osm_type": "node",
        "osm_id": 25930131,
        "geocode_confidence": 0.7363129580990815,
        "evidence": [
          {
            "source": "https://www.flashback.org/t3729252",
            "thread_url": "https://www.flashback.org/t3729252",
            "post_id": "post94908233",
            "username": "Duvermongo",
            "time_raw": "2026-05-06, 20:33 # 1",
            "confidence": 0.56,
            "comment": "Tjenare! Jag planerar ett litet smått Äventyr inom snar framtid till tunneln som ligger i Vitsippsdalen i Göteborg. https://maps.app.goo.gl/X5uuRHPUh1GGsQAq9 . Jag undrar om någon här har varit inne i tunneln och kan berätta lite mer? Någon som har koll vart man kan hitta kartor? Jag har sett en del bilder men det skulle också vara kul att höra lite mer från någon som varit inne i tunneln. Länkar en av mina favorit bilder här https://imgur.com..."
          },
          {
            "source": "https://www.flashback.org/t3729252",
            "thread_url": "https://www.flashback.org/t3729252",
            "post_id": "post94908552",
            "username": "Goulburn",
            "time_raw": "2026-05-06, 21:16 # 2",
            "confidence": 0.56,
            "comment": "Citat: Ursprungligen postat av Duvermongo Tjenare! Jag planerar ett litet smått Äventyr inom snar framtid till tunneln som ligger i Vitsippsdalen i Göteborg. https://maps.app.goo.gl/X5uuRHPUh1GGsQAq9 . Jag undrar om någon här har varit inne i tunneln och kan berätta lite mer? Någon som har koll vart man kan hitta kartor? Jag har sett en del bilder men det skulle också vara kul att höra lite mer från någon som varit inne i tunneln. Länkar en av..."
          },
          {
            "source": "https://www.flashback.org/t19834",
            "thread_url": "https://www.flashback.org/t19834",
            "post_id": "post135065",
            "username": "äldre konto (old)",
            "time_raw": "2002-11-20, 14:39 # 6",
            "confidence": 0.64,
            "comment": "Det finns gångar under hela Göteborg som används av militären, hade en polare i lumpen som åkt bil uder gbg, det går en tunnel i höjd med Prästgårdsängen / Örgryte Hotel en jäkla bit, den kan vara den som mynnar ut vid det esperantoplatsen"
          },
          {
            "source": "https://www.flashback.org/t19834",
            "thread_url": "https://www.flashback.org/t19834",
            "post_id": "post135066",
            "username": "äldre konto (old)",
            "time_raw": "2002-11-20, 14:55 # 7",
            "confidence": 0.68,
            "comment": "Citat: Ursprungligen postat av Cyberax2002 Det finns gångar under hela Göteborg som används av militären, hade en polare i lumpen som åkt bil uder gbg, det går en tunnel i höjd med Prästgårdsängen / Örgryte Hotel en jäkla bit, den kan vara den som mynnar ut vid det esperantoplatsen ja det är ju högst sannolikt, men som sagt var. det är inga x-files tunnlar. utan mer spännande en kablar å avloppsdiken är det inte. sen kan det ju finnas andra mi..."
          },
          {
            "source": "https://www.flashback.org/t19834",
            "thread_url": "https://www.flashback.org/t19834",
            "post_id": "post135071",
            "username": "äldre konto (old)",
            "time_raw": "2003-06-24, 03:05 # 12",
            "confidence": 0.48,
            "comment": "Sjukhusen i Göteborg är förbundna med stora tunnlar i händelse av krig. Om man irrar omkring i östra sjukhuset kan man se tunneln som går in till stan."
          }
        ],
        "source": "https://www.flashback.org/t19834",
        "thread_url": "https://www.flashback.org/t19834",
        "post_id": "post135071",
        "username": "äldre konto (old)",
        "time_raw": "2003-06-24, 03:05 # 12",
        "confidence": 0.48,
        "comment": "Sjukhusen i Göteborg är förbundna med stora tunnlar i händelse av krig. Om man irrar omkring i östra sjukhuset kan man se tunneln som går in till stan."
      }
    },
    {
      "type": "Feature",
      "geometry": {
        "type": "Point",
        "coordinates": [
          11.952557,
          57.72505
        ]
      },
      "properties": {
        "id": "eb984dda2c47",
        "entity": "Äventyr",
        "query": "Äventyr, Sweden",
        "display_name": "El-ge sportfiske & äventyr, Deltavägen, Backaplan, Kvillebäcken, Hisingen, Göteborg, Göteborgs Stad, Västra Götalands län, 417 30, Sverige",
        "osm_type": "node",
        "osm_id": 4069604889,
        "geocode_confidence": 7.775005722128661e-05,
        "evidence": [
          {
            "source": "https://www.flashback.org/t3729252",
            "thread_url": "https://www.flashback.org/t3729252",
            "post_id": "post94908233",
            "username": "Duvermongo",
            "time_raw": "2026-05-06, 20:33 # 1",
            "confidence": 0.56,
            "comment": "Tjenare! Jag planerar ett litet smått Äventyr inom snar framtid till tunneln som ligger i Vitsippsdalen i Göteborg. https://maps.app.goo.gl/X5uuRHPUh1GGsQAq9 . Jag undrar om någon här har varit inne i tunneln och kan berätta lite mer? Någon som har koll vart man kan hitta kartor? Jag har sett en del bilder men det skulle också vara kul att höra lite mer från någon som varit inne i tunneln. Länkar en av mina favorit bilder här https://imgur.com..."
          },
          {
            "source": "https://www.flashback.org/t3729252",
            "thread_url": "https://www.flashback.org/t3729252",
            "post_id": "post94908552",
            "username": "Goulburn",
            "time_raw": "2026-05-06, 21:16 # 2",
            "confidence": 0.56,
            "comment": "Citat: Ursprungligen postat av Duvermongo Tjenare! Jag planerar ett litet smått Äventyr inom snar framtid till tunneln som ligger i Vitsippsdalen i Göteborg. https://maps.app.goo.gl/X5uuRHPUh1GGsQAq9 . Jag undrar om någon här har varit inne i tunneln och kan berätta lite mer? Någon som har koll vart man kan hitta kartor? Jag har sett en del bilder men det skulle också vara kul att höra lite mer från någon som varit inne i tunneln. Länkar en av..."
          }
        ],
        "source": "https://www.flashback.org/t3729252",
        "thread_url": "https://www.flashback.org/t3729252",
        "post_id": "post94908552",
        "username": "Goulburn",
        "time_raw": "2026-05-06, 21:16 # 2",
        "confidence": 0.56,
        "comment": "Citat: Ursprungligen postat av Duvermongo Tjenare! Jag planerar ett litet smått Äventyr inom snar framtid till tunneln som ligger i Vitsippsdalen i Göteborg. https://maps.app.goo.gl/X5uuRHPUh1GGsQAq9 . Jag undrar om någon här har varit inne i tunneln och kan berätta lite mer? Någon som har koll vart man kan hitta kartor? Jag har sett en del bilder men det skulle också vara kul att höra lite mer från någon som varit inne i tunneln. Länkar en av..."
      }
    },
    {
      "type": "Feature",
      "geometry": {
        "type": "Point",
        "coordinates": [
          17.7570693,
          63.0085095
        ]
      },
      "properties": {
        "id": "2da8d91f81d6",
        "entity": "Nyland",
        "query": "Nyland, Sweden",
        "display_name": "Nyland, Ytterlännäs distrikt, Kramfors kommun, Västernorrlands län, 873 50, Sverige",
        "osm_type": "node",
        "osm_id": 588526086,
        "geocode_confidence": 0.3466613603637845,
        "evidence": [
          {
            "source": "https://www.flashback.org/t3618848",
            "thread_url": "https://www.flashback.org/t3618848",
            "post_id": "post88916066",
            "username": "Caasimolar",
            "time_raw": "2024-07-19, 02:21 # 1",
            "confidence": 0.48,
            "comment": "Hur är det nu för tiden med den såkallade ådalstunneln som går mellan Nyland - Svalltornet - Väja - Kramfors. Vart kommer man in lättast? Har hört att det ska finnas en väg in på nylandsberget men är osäker om det stämmer. Har varit där å kollat lite finns en metalldörr in i bergsväggen ifall man går upp höger när man kommit till parkeringen."
          }
        ],
        "source": "https://www.flashback.org/t3618848",
        "thread_url": "https://www.flashback.org/t3618848",
        "post_id": "post88916066",
        "username": "Caasimolar",
        "time_raw": "2024-07-19, 02:21 # 1",
        "confidence": 0.48,
        "comment": "Hur är det nu för tiden med den såkallade ådalstunneln som går mellan Nyland - Svalltornet - Väja - Kramfors. Vart kommer man in lättast? Har hört att det ska finnas en väg in på nylandsberget men är osäker om det stämmer. Har varit där å kollat lite finns en metalldörr in i bergsväggen ifall man går upp höger när man kommit till parkeringen."
      }
    },
    {
      "type": "Feature",
      "geometry": {
        "type": "Point",
        "coordinates": [
          17.6926592,
          62.9782314
        ]
      },
      "properties": {
        "id": "d37cda983bca",
        "entity": "Väja",
        "query": "Väja, Sweden",
        "display_name": "Väja, Ytterlännäs distrikt, Kramfors kommun, Västernorrlands län, 873 50, Sverige",
        "osm_type": "node",
        "osm_id": 2235762062,
        "geocode_confidence": 0.1467225810635538,
        "evidence": [
          {
            "source": "https://www.flashback.org/t3618848",
            "thread_url": "https://www.flashback.org/t3618848",
            "post_id": "post88916066",
            "username": "Caasimolar",
            "time_raw": "2024-07-19, 02:21 # 1",
            "confidence": 0.48,
            "comment": "Hur är det nu för tiden med den såkallade ådalstunneln som går mellan Nyland - Svalltornet - Väja - Kramfors. Vart kommer man in lättast? Har hört att det ska finnas en väg in på nylandsberget men är osäker om det stämmer. Har varit där å kollat lite finns en metalldörr in i bergsväggen ifall man går upp höger när man kommit till parkeringen."
          }
        ],
        "source": "https://www.flashback.org/t3618848",
        "thread_url": "https://www.flashback.org/t3618848",
        "post_id": "post88916066",
        "username": "Caasimolar",
        "time_raw": "2024-07-19, 02:21 # 1",
        "confidence": 0.48,
        "comment": "Hur är det nu för tiden med den såkallade ådalstunneln som går mellan Nyland - Svalltornet - Väja - Kramfors. Vart kommer man in lättast? Har hört att det ska finnas en väg in på nylandsberget men är osäker om det stämmer. Har varit där å kollat lite finns en metalldörr in i bergsväggen ifall man går upp höger när man kommit till parkeringen."
      }
    },
    {
      "type": "Feature",
      "geometry": {
        "type": "Point",
        "coordinates": [
          17.666667,
          62.916667
        ]
      },
      "properties": {
        "id": "80641b8d4d90",
        "entity": "Kramfors",
        "query": "Kramfors, Sweden",
        "display_name": "Kramfors kommun, Västernorrlands län, Sverige",
        "osm_type": "relation",
        "osm_id": 935445,
        "geocode_confidence": 0.48189203920926627,
        "evidence": [
          {
            "source": "https://www.flashback.org/t3618848",
            "thread_url": "https://www.flashback.org/t3618848",
            "post_id": "post88916066",
            "username": "Caasimolar",
            "time_raw": "2024-07-19, 02:21 # 1",
            "confidence": 0.48,
            "comment": "Hur är det nu för tiden med den såkallade ådalstunneln som går mellan Nyland - Svalltornet - Väja - Kramfors. Vart kommer man in lättast? Har hört att det ska finnas en väg in på nylandsberget men är osäker om det stämmer. Har varit där å kollat lite finns en metalldörr in i bergsväggen ifall man går upp höger när man kommit till parkeringen."
          },
          {
            "source": "https://www.flashback.org/t3618848",
            "thread_url": "https://www.flashback.org/t3618848",
            "post_id": "post94946381",
            "username": "borrass",
            "time_raw": "2026-05-12, 13:37 # 8",
            "confidence": 0.56,
            "comment": "Citat: Ursprungligen postat av ZpexIV Vart är bruksberget?? Borde rimligen vara berget vid området bruket i Kramfors? Inte en aning bara en gissning."
          }
        ],
        "source": "https://www.flashback.org/t3618848",
        "thread_url": "https://www.flashback.org/t3618848",
        "post_id": "post94946381",
        "username": "borrass",
        "time_raw": "2026-05-12, 13:37 # 8",
        "confidence": 0.56,
        "comment": "Citat: Ursprungligen postat av ZpexIV Vart är bruksberget?? Borde rimligen vara berget vid området bruket i Kramfors? Inte en aning bara en gissning."
      }
    },
    {
      "type": "Feature",
      "geometry": {
        "type": "Point",
        "coordinates": [
          18.1040474,
          59.3242841
        ]
      },
      "properties": {
        "id": "ff9300959c00",
        "entity": "Vart",
        "query": "Vart, Sweden",
        "display_name": "Vårt Afrika, Sollidsbacken, Djurgårdsstaden, Djurgården, Norra innerstadens stadsdelsområde, Stockholm, Stockholms kommun, Stockholms län, 115 21, Sverige",
        "osm_type": "way",
        "osm_id": 33489729,
        "geocode_confidence": 8.40184634164495e-05,
        "evidence": [
          {
            "source": "https://www.flashback.org/t3618848",
            "thread_url": "https://www.flashback.org/t3618848",
            "post_id": "post88916066",
            "username": "Caasimolar",
            "time_raw": "2024-07-19, 02:21 # 1",
            "confidence": 0.48,
            "comment": "Hur är det nu för tiden med den såkallade ådalstunneln som går mellan Nyland - Svalltornet - Väja - Kramfors. Vart kommer man in lättast? Har hört att det ska finnas en väg in på nylandsberget men är osäker om det stämmer. Har varit där å kollat lite finns en metalldörr in i bergsväggen ifall man går upp höger när man kommit till parkeringen."
          },
          {
            "source": "https://www.flashback.org/t3618848",
            "thread_url": "https://www.flashback.org/t3618848",
            "post_id": "post94946381",
            "username": "borrass",
            "time_raw": "2026-05-12, 13:37 # 8",
            "confidence": 0.56,
            "comment": "Citat: Ursprungligen postat av ZpexIV Vart är bruksberget?? Borde rimligen vara berget vid området bruket i Kramfors? Inte en aning bara en gissning."
          }
        ],
        "source": "https://www.flashback.org/t3618848",
        "thread_url": "https://www.flashback.org/t3618848",
        "post_id": "post94946381",
        "username": "borrass",
        "time_raw": "2026-05-12, 13:37 # 8",
        "confidence": 0.56,
        "comment": "Citat: Ursprungligen postat av ZpexIV Vart är bruksberget?? Borde rimligen vara berget vid området bruket i Kramfors? Inte en aning bara en gissning."
      }
    },
    {
      "type": "Feature",
      "geometry": {
        "type": "Point",
        "coordinates": [
          15.2162386,
          59.2724461
        ]
      },
      "properties": {
        "id": "6c0353b42d77",
        "entity": "Inne",
        "query": "Inne, Sweden",
        "display_name": "CE inne ute, Engelbrektsgatan, Eklunda, Örebro, Örebro kommun, Örebro län, 702 12, Sverige",
        "osm_type": "node",
        "osm_id": 12025517636,
        "geocode_confidence": 6.599755855645102e-05,
        "evidence": [
          {
            "source": "https://www.flashback.org/t3618848",
            "thread_url": "https://www.flashback.org/t3618848",
            "post_id": "post89535363",
            "username": "Caasimolar",
            "time_raw": "2024-09-16, 12:35 # 3",
            "confidence": 0.72,
            "comment": "Citat: Ursprungligen postat av daskyrn Har du kommit någonvart i detta? Nyfiken Var uppe på bruksberget i kramfors, Fanns en stor igenteglad kub som jag lyckades ta mig in i. Inne i den kuben gick det en lucka och en stege ner i en jättestor vattenkammare. Klättrade ner i vattenkammaren och i golvet var det ett enormt rör där det gick ner ett rep. Klättrade ner i röret som gick en bit sen böjde röret sig rakt ner några hundra meter så vågade i..."
          },
          {
            "source": "https://www.flashback.org/t3618848",
            "thread_url": "https://www.flashback.org/t3618848",
            "post_id": "post89538512",
            "username": "daskyrn",
            "time_raw": "2024-09-16, 18:48 # 4",
            "confidence": 0.72,
            "comment": "Citat: Ursprungligen postat av Caasimolar Var uppe på bruksberget i kramfors, Fanns en stor igenteglad kub som jag lyckades ta mig in i. Inne i den kuben gick det en lucka och en stege ner i en jättestor vattenkammare. Klättrade ner i vattenkammaren och i golvet var det ett enormt rör där det gick ner ett rep. Klättrade ner i röret som gick en bit sen böjde röret sig rakt ner några hundra meter så vågade it fortsätta. Klättrade ut å gick i den..."
          }
        ],
        "source": "https://www.flashback.org/t3618848",
        "thread_url": "https://www.flashback.org/t3618848",
        "post_id": "post89538512",
        "username": "daskyrn",
        "time_raw": "2024-09-16, 18:48 # 4",
        "confidence": 0.72,
        "comment": "Citat: Ursprungligen postat av Caasimolar Var uppe på bruksberget i kramfors, Fanns en stor igenteglad kub som jag lyckades ta mig in i. Inne i den kuben gick det en lucka och en stege ner i en jättestor vattenkammare. Klättrade ner i vattenkammaren och i golvet var det ett enormt rör där det gick ner ett rep. Klättrade ner i röret som gick en bit sen böjde röret sig rakt ner några hundra meter så vågade it fortsätta. Klättrade ut å gick i den..."
      }
    },
    {
      "type": "Feature",
      "geometry": {
        "type": "Point",
        "coordinates": [
          17.8056783,
          59.224479
        ]
      },
      "properties": {
        "id": "95e2508e79bd",
        "entity": "Mycket",
        "query": "Mycket, Sweden",
        "display_name": "Mycket svag stig, Skårdal, Tumba, Botkyrka kommun, Stockholms län, 147 43, Sverige",
        "osm_type": "way",
        "osm_id": 1211314120,
        "geocode_confidence": 0.04005662088960096,
        "evidence": [
          {
            "source": "https://www.flashback.org/t3618848",
            "thread_url": "https://www.flashback.org/t3618848",
            "post_id": "post89535363",
            "username": "Caasimolar",
            "time_raw": "2024-09-16, 12:35 # 3",
            "confidence": 0.72,
            "comment": "Citat: Ursprungligen postat av daskyrn Har du kommit någonvart i detta? Nyfiken Var uppe på bruksberget i kramfors, Fanns en stor igenteglad kub som jag lyckades ta mig in i. Inne i den kuben gick det en lucka och en stege ner i en jättestor vattenkammare. Klättrade ner i vattenkammaren och i golvet var det ett enormt rör där det gick ner ett rep. Klättrade ner i röret som gick en bit sen böjde röret sig rakt ner några hundra meter så vågade i..."
          },
          {
            "source": "https://www.flashback.org/t3618848",
            "thread_url": "https://www.flashback.org/t3618848",
            "post_id": "post89538512",
            "username": "daskyrn",
            "time_raw": "2024-09-16, 18:48 # 4",
            "confidence": 0.72,
            "comment": "Citat: Ursprungligen postat av Caasimolar Var uppe på bruksberget i kramfors, Fanns en stor igenteglad kub som jag lyckades ta mig in i. Inne i den kuben gick det en lucka och en stege ner i en jättestor vattenkammare. Klättrade ner i vattenkammaren och i golvet var det ett enormt rör där det gick ner ett rep. Klättrade ner i röret som gick en bit sen böjde röret sig rakt ner några hundra meter så vågade it fortsätta. Klättrade ut å gick i den..."
          },
          {
            "source": "https://www.flashback.org/t359143",
            "thread_url": "https://www.flashback.org/t359143",
            "post_id": "post9130232",
            "username": "Pendeltåg",
            "time_raw": "2007-11-29, 22:53 # 5",
            "confidence": 0.84,
            "comment": "Citat: Ursprungligen postat av Ayah Ganska ballt ställe faktiskt. Bilder kan läggas upp om ni är intresserade.Någon som vet något mera om det här stället? Har du kvar bilderna? Skulle vara kul att se! Besökte aldrig området själv tyvärr. totalt fanns där C:a 1,7 mil med minkhus, vilka såldes och exporterades till Ryssland. Fabrikshuset du såg kanske var frysanläggningen de hade där? Den användes till att frysa in minkmat med. Mycket av slakter..."
          },
          {
            "source": "https://www.flashback.org/t359143",
            "thread_url": "https://www.flashback.org/t359143",
            "post_id": "post9130752",
            "username": "jornmark",
            "time_raw": "2007-11-29, 23:33 # 6",
            "confidence": 0.84,
            "comment": "Citat: Ursprungligen postat av Pendeltåg Har du kvar bilderna? Skulle vara kul att se! Besökte aldrig området själv tyvärr. totalt fanns där C:a 1,7 mil med minkhus, vilka såldes och exporterades till Ryssland. Fabrikshuset du såg kanske var frysanläggningen de hade där? Den användes till att frysa in minkmat med. Mycket av slakteriavfallet på Gotland kördes dit som minkfoder. Även efter försäljningen av minkhusen användes den fortsatt för att..."
          }
        ],
        "source": "https://www.flashback.org/t359143",
        "thread_url": "https://www.flashback.org/t359143",
        "post_id": "post9130752",
        "username": "jornmark",
        "time_raw": "2007-11-29, 23:33 # 6",
        "confidence": 0.84,
        "comment": "Citat: Ursprungligen postat av Pendeltåg Har du kvar bilderna? Skulle vara kul att se! Besökte aldrig området själv tyvärr. totalt fanns där C:a 1,7 mil med minkhus, vilka såldes och exporterades till Ryssland. Fabrikshuset du såg kanske var frysanläggningen de hade där? Den användes till att frysa in minkmat med. Mycket av slakteriavfallet på Gotland kördes dit som minkfoder. Även efter försäljningen av minkhusen användes den fortsatt för att..."
      }
    },
    {
      "type": "Feature",
      "geometry": {
        "type": "Point",
        "coordinates": [
          13.3901915,
          59.3971477
        ]
      },
      "properties": {
        "id": "27e05b0e83ab",
        "entity": "Där",
        "query": "Där, Sweden",
        "display_name": "Där Söre, Önnerud, Karlstad, Karlstads kommun, Värmlands län, 653 46, Sverige",
        "osm_type": "node",
        "osm_id": 7474907109,
        "geocode_confidence": 0.1067314282444495,
        "evidence": [
          {
            "source": "https://www.flashback.org/t3618848",
            "thread_url": "https://www.flashback.org/t3618848",
            "post_id": "post89535363",
            "username": "Caasimolar",
            "time_raw": "2024-09-16, 12:35 # 3",
            "confidence": 0.72,
            "comment": "Citat: Ursprungligen postat av daskyrn Har du kommit någonvart i detta? Nyfiken Var uppe på bruksberget i kramfors, Fanns en stor igenteglad kub som jag lyckades ta mig in i. Inne i den kuben gick det en lucka och en stege ner i en jättestor vattenkammare. Klättrade ner i vattenkammaren och i golvet var det ett enormt rör där det gick ner ett rep. Klättrade ner i röret som gick en bit sen böjde röret sig rakt ner några hundra meter så vågade i..."
          },
          {
            "source": "https://www.flashback.org/t3618848",
            "thread_url": "https://www.flashback.org/t3618848",
            "post_id": "post89538512",
            "username": "daskyrn",
            "time_raw": "2024-09-16, 18:48 # 4",
            "confidence": 0.72,
            "comment": "Citat: Ursprungligen postat av Caasimolar Var uppe på bruksberget i kramfors, Fanns en stor igenteglad kub som jag lyckades ta mig in i. Inne i den kuben gick det en lucka och en stege ner i en jättestor vattenkammare. Klättrade ner i vattenkammaren och i golvet var det ett enormt rör där det gick ner ett rep. Klättrade ner i röret som gick en bit sen böjde röret sig rakt ner några hundra meter så vågade it fortsätta. Klättrade ut å gick i den..."
          },
          {
            "source": "https://www.flashback.org/t347489",
            "thread_url": "https://www.flashback.org/t347489",
            "post_id": "post4534455",
            "username": "Dur3forS",
            "time_raw": "2006-07-11, 22:41 # 1",
            "confidence": 0.76,
            "comment": "Hej. Fick tips om en militäranläggning på Axgatan i Mölndal. Givetvis var jag tvungen att gå dit. Tyvärr var vi bara 2 stycken, och ingen lampa. Men vi hitta på toppen av berget massa små bunkrar, några större, en radiomast. Under radiomasten gick en tunnel rakt in i berget, den var uppen och man såg därinne en \"Nödutgångs\"-skylt. Vi ville inte gå in där eftersom det var kolsvart. Sedan fortsatte vi neråt för berget, tillslut nådde vi foten av..."
          },
          {
            "source": "https://www.flashback.org/t359143",
            "thread_url": "https://www.flashback.org/t359143",
            "post_id": "post10056457",
            "username": "Hegge",
            "time_raw": "2008-02-18, 18:39 # 9",
            "confidence": 0.64,
            "comment": "Angående övergivna minkfarmar har jag en intressant historia att berätta. Hade för en tid sedan fått information om något som troligtvis skulle vara en övergiven minkfarm en bit in i skogen. Åkte på ett antal expeditioner för att finna denna farm, dock utan resultat. Men tillslut lyckades vi lokalisera den via eniros flygfoto, vilket inte var högupplöst på denna plats, och vi gav os återigen iväg. Efter en lång vandring genom skogen och runt e..."
          }
        ],
        "source": "https://www.flashback.org/t359143",
        "thread_url": "https://www.flashback.org/t359143",
        "post_id": "post10056457",
        "username": "Hegge",
        "time_raw": "2008-02-18, 18:39 # 9",
        "confidence": 0.64,
        "comment": "Angående övergivna minkfarmar har jag en intressant historia att berätta. Hade för en tid sedan fått information om något som troligtvis skulle vara en övergiven minkfarm en bit in i skogen. Åkte på ett antal expeditioner för att finna denna farm, dock utan resultat. Men tillslut lyckades vi lokalisera den via eniros flygfoto, vilket inte var högupplöst på denna plats, och vi gav os återigen iväg. Efter en lång vandring genom skogen och runt e..."
      }
    },
    {
      "type": "Feature",
      "geometry": {
        "type": "Point",
        "coordinates": [
          11.5777344,
          58.6122492
        ]
      },
      "properties": {
        "id": "f468a6ce9342",
        "entity": "Fan",
        "query": "Fan, Sweden",
        "display_name": "Fän, Skulestad, Munkedals kommun, Västra Götalands län, 457 61, Sverige",
        "osm_type": "node",
        "osm_id": 5333502073,
        "geocode_confidence": 0.06672329365987639,
        "evidence": [
          {
            "source": "https://www.flashback.org/t3618848",
            "thread_url": "https://www.flashback.org/t3618848",
            "post_id": "post89538512",
            "username": "daskyrn",
            "time_raw": "2024-09-16, 18:48 # 4",
            "confidence": 0.72,
            "comment": "Citat: Ursprungligen postat av Caasimolar Var uppe på bruksberget i kramfors, Fanns en stor igenteglad kub som jag lyckades ta mig in i. Inne i den kuben gick det en lucka och en stege ner i en jättestor vattenkammare. Klättrade ner i vattenkammaren och i golvet var det ett enormt rör där det gick ner ett rep. Klättrade ner i röret som gick en bit sen böjde röret sig rakt ner några hundra meter så vågade it fortsätta. Klättrade ut å gick i den..."
          }
        ],
        "source": "https://www.flashback.org/t3618848",
        "thread_url": "https://www.flashback.org/t3618848",
        "post_id": "post89538512",
        "username": "daskyrn",
        "time_raw": "2024-09-16, 18:48 # 4",
        "confidence": 0.72,
        "comment": "Citat: Ursprungligen postat av Caasimolar Var uppe på bruksberget i kramfors, Fanns en stor igenteglad kub som jag lyckades ta mig in i. Inne i den kuben gick det en lucka och en stege ner i en jättestor vattenkammare. Klättrade ner i vattenkammaren och i golvet var det ett enormt rör där det gick ner ett rep. Klättrade ner i röret som gick en bit sen böjde röret sig rakt ner några hundra meter så vågade it fortsätta. Klättrade ut å gick i den..."
      }
    },
    {
      "type": "Feature",
      "geometry": {
        "type": "Point",
        "coordinates": [
          16.916667,
          63.383333
        ]
      },
      "properties": {
        "id": "badec5827f01",
        "entity": "Sollefteå",
        "query": "Sollefteå, Sweden",
        "display_name": "Sollefteå kommun, Västernorrlands län, Sverige",
        "osm_type": "relation",
        "osm_id": 935624,
        "geocode_confidence": 0.5006071510246235,
        "evidence": [
          {
            "source": "https://www.flashback.org/t2167471",
            "thread_url": "https://www.flashback.org/t2167471",
            "post_id": "post44025685",
            "username": "Muffincaek",
            "time_raw": "2013-06-23, 22:39 # 1",
            "confidence": 0.72,
            "comment": "Vi var några som traskade runt en bra bit ut i skogen utanför Sollefteå i helgen, utforskade ett gammalt brandtorn från 1938. Bild på brandtornet: http://imageshack.us/photo/my-images/543/cdru.jpg/ Väl på plats så märkte vi en ovanligt stor mast och gick dit för att kolla, första dagen såg vi inget speciellt runt masten. Här är masten: http://imageshack.us/photo/my-images/546/3m3v.jpg/ http://imageshack.us/photo/my-images/855/q5z5.jpg/ Andra d..."
          }
        ],
        "source": "https://www.flashback.org/t2167471",
        "thread_url": "https://www.flashback.org/t2167471",
        "post_id": "post44025685",
        "username": "Muffincaek",
        "time_raw": "2013-06-23, 22:39 # 1",
        "confidence": 0.72,
        "comment": "Vi var några som traskade runt en bra bit ut i skogen utanför Sollefteå i helgen, utforskade ett gammalt brandtorn från 1938. Bild på brandtornet: http://imageshack.us/photo/my-images/543/cdru.jpg/ Väl på plats så märkte vi en ovanligt stor mast och gick dit för att kolla, första dagen såg vi inget speciellt runt masten. Här är masten: http://imageshack.us/photo/my-images/546/3m3v.jpg/ http://imageshack.us/photo/my-images/855/q5z5.jpg/ Andra d..."
      }
    },
    {
      "type": "Feature",
      "geometry": {
        "type": "Point",
        "coordinates": [
          18.0664857,
          59.3124839
        ]
      },
      "properties": {
        "id": "05145121c97d",
        "entity": "Bild",
        "query": "Bild, Sweden",
        "display_name": "Ileena Bild & Ram, Magnus Ladulåsgatan, Södermalm, Södermalms stadsdelsområde, Stockholm, Stockholms kommun, Stockholms län, 118 27, Sverige",
        "osm_type": "node",
        "osm_id": 11753527386,
        "geocode_confidence": 8.40184634164495e-05,
        "evidence": [
          {
            "source": "https://www.flashback.org/t2167471",
            "thread_url": "https://www.flashback.org/t2167471",
            "post_id": "post44025685",
            "username": "Muffincaek",
            "time_raw": "2013-06-23, 22:39 # 1",
            "confidence": 0.72,
            "comment": "Vi var några som traskade runt en bra bit ut i skogen utanför Sollefteå i helgen, utforskade ett gammalt brandtorn från 1938. Bild på brandtornet: http://imageshack.us/photo/my-images/543/cdru.jpg/ Väl på plats så märkte vi en ovanligt stor mast och gick dit för att kolla, första dagen såg vi inget speciellt runt masten. Här är masten: http://imageshack.us/photo/my-images/546/3m3v.jpg/ http://imageshack.us/photo/my-images/855/q5z5.jpg/ Andra d..."
          }
        ],
        "source": "https://www.flashback.org/t2167471",
        "thread_url": "https://www.flashback.org/t2167471",
        "post_id": "post44025685",
        "username": "Muffincaek",
        "time_raw": "2013-06-23, 22:39 # 1",
        "confidence": 0.72,
        "comment": "Vi var några som traskade runt en bra bit ut i skogen utanför Sollefteå i helgen, utforskade ett gammalt brandtorn från 1938. Bild på brandtornet: http://imageshack.us/photo/my-images/543/cdru.jpg/ Väl på plats så märkte vi en ovanligt stor mast och gick dit för att kolla, första dagen såg vi inget speciellt runt masten. Här är masten: http://imageshack.us/photo/my-images/546/3m3v.jpg/ http://imageshack.us/photo/my-images/855/q5z5.jpg/ Andra d..."
      }
    },
    {
      "type": "Feature",
      "geometry": {
        "type": "Point",
        "coordinates": [
          11.3171812,
          58.7384468
        ]
      },
      "properties": {
        "id": "8d35c66b2b99",
        "entity": "Väl",
        "query": "Väl, Sweden",
        "display_name": "Val, Tanumshede, Tanums kommun, Västra Götalands län, 457 30, Sverige",
        "osm_type": "node",
        "osm_id": 7483920001,
        "geocode_confidence": 0.13339096284428167,
        "evidence": [
          {
            "source": "https://www.flashback.org/t2167471",
            "thread_url": "https://www.flashback.org/t2167471",
            "post_id": "post44025685",
            "username": "Muffincaek",
            "time_raw": "2013-06-23, 22:39 # 1",
            "confidence": 0.72,
            "comment": "Vi var några som traskade runt en bra bit ut i skogen utanför Sollefteå i helgen, utforskade ett gammalt brandtorn från 1938. Bild på brandtornet: http://imageshack.us/photo/my-images/543/cdru.jpg/ Väl på plats så märkte vi en ovanligt stor mast och gick dit för att kolla, första dagen såg vi inget speciellt runt masten. Här är masten: http://imageshack.us/photo/my-images/546/3m3v.jpg/ http://imageshack.us/photo/my-images/855/q5z5.jpg/ Andra d..."
          },
          {
            "source": "https://www.flashback.org/t3699472",
            "thread_url": "https://www.flashback.org/t3699472",
            "post_id": "post93218802",
            "username": "Flygandekatten",
            "time_raw": "2025-10-14, 17:35 # 1",
            "confidence": 0.56,
            "comment": "För ett par månader sen var jag och några polare ute och drev runt i Stockholm, när vi helt spontant bestämde oss för att försöka ta oss in i Katarinabergets bunker. Vi trodde helt ärligt inte att det skulle gå  det är ju en fullt aktiv anläggning mitt i stan, med massor av kameror och larm. Men på något sjukt sätt kom vi in. Mitt på dagen, runt kl 13. Inga masker, inga avancerade planer  det bara hände. Väl där inne blev det snabbt tydligt..."
          },
          {
            "source": "https://www.flashback.org/t3699472p2",
            "thread_url": "https://www.flashback.org/t3699472",
            "post_id": "post93219701",
            "username": "AskMeAboutJesus",
            "time_raw": "2025-10-14, 19:16 # 16",
            "confidence": 0.56,
            "comment": "Citat: Ursprungligen postat av Flygandekatten Spoiler För ett par månader sen var jag och några polare ute och drev runt i Stockholm, när vi helt spontant bestämde oss för att försöka ta oss in i Katarinabergets bunker. Vi trodde helt ärligt inte att det skulle gå  det är ju en fullt aktiv anläggning mitt i stan, med massor av kameror och larm. Men på något sjukt sätt kom vi in. Mitt på dagen, runt kl 13. Inga masker, inga avancerade planer ..."
          },
          {
            "source": "https://www.flashback.org/t3699472p2",
            "thread_url": "https://www.flashback.org/t3699472",
            "post_id": "post93219968",
            "username": "respektive",
            "time_raw": "2025-10-14, 19:44 # 19",
            "confidence": 0.56,
            "comment": "Varför är inlägget skrivet med ChatGPT eller annan motsvarande tjänst? Det gör att trovärdigheten sjunker direkt. Citat: Ursprungligen postat av Flygandekatten För ett par månader sen var jag och några polare ute och drev runt i Stockholm, när vi helt spontant bestämde oss för att försöka ta oss in i Katarinabergets bunker. Vi trodde helt ärligt inte att det skulle gå  det är ju en fullt aktiv anläggning mitt i stan, med massor av kameror och..."
          }
        ],
        "source": "https://www.flashback.org/t3699472p2",
        "thread_url": "https://www.flashback.org/t3699472",
        "post_id": "post93219968",
        "username": "respektive",
        "time_raw": "2025-10-14, 19:44 # 19",
        "confidence": 0.56,
        "comment": "Varför är inlägget skrivet med ChatGPT eller annan motsvarande tjänst? Det gör att trovärdigheten sjunker direkt. Citat: Ursprungligen postat av Flygandekatten För ett par månader sen var jag och några polare ute och drev runt i Stockholm, när vi helt spontant bestämde oss för att försöka ta oss in i Katarinabergets bunker. Vi trodde helt ärligt inte att det skulle gå  det är ju en fullt aktiv anläggning mitt i stan, med massor av kameror och..."
      }
    },
    {
      "type": "Feature",
      "geometry": {
        "type": "Point",
        "coordinates": [
          17.8337347,
          58.9695299
        ]
      },
      "properties": {
        "id": "3c88a47b0240",
        "entity": "Andra",
        "query": "Andra, Sweden",
        "display_name": "Andra, Nynäshamns kommun, Stockholms län, 148 70, Sverige",
        "osm_type": "node",
        "osm_id": 7472903833,
        "geocode_confidence": 0.13338870756084534,
        "evidence": [
          {
            "source": "https://www.flashback.org/t2167471",
            "thread_url": "https://www.flashback.org/t2167471",
            "post_id": "post44025685",
            "username": "Muffincaek",
            "time_raw": "2013-06-23, 22:39 # 1",
            "confidence": 0.72,
            "comment": "Vi var några som traskade runt en bra bit ut i skogen utanför Sollefteå i helgen, utforskade ett gammalt brandtorn från 1938. Bild på brandtornet: http://imageshack.us/photo/my-images/543/cdru.jpg/ Väl på plats så märkte vi en ovanligt stor mast och gick dit för att kolla, första dagen såg vi inget speciellt runt masten. Här är masten: http://imageshack.us/photo/my-images/546/3m3v.jpg/ http://imageshack.us/photo/my-images/855/q5z5.jpg/ Andra d..."
          }
        ],
        "source": "https://www.flashback.org/t2167471",
        "thread_url": "https://www.flashback.org/t2167471",
        "post_id": "post44025685",
        "username": "Muffincaek",
        "time_raw": "2013-06-23, 22:39 # 1",
        "confidence": 0.72,
        "comment": "Vi var några som traskade runt en bra bit ut i skogen utanför Sollefteå i helgen, utforskade ett gammalt brandtorn från 1938. Bild på brandtornet: http://imageshack.us/photo/my-images/543/cdru.jpg/ Väl på plats så märkte vi en ovanligt stor mast och gick dit för att kolla, första dagen såg vi inget speciellt runt masten. Här är masten: http://imageshack.us/photo/my-images/546/3m3v.jpg/ http://imageshack.us/photo/my-images/855/q5z5.jpg/ Andra d..."
      }
    },
    {
      "type": "Feature",
      "geometry": {
        "type": "Point",
        "coordinates": [
          17.8550853,
          59.3319094
        ]
      },
      "properties": {
        "id": "d7594c697b6a",
        "entity": "Försvarets",
        "query": "Försvarets, Sweden",
        "display_name": "Försvarets radioanstalt, Vilan, Drottningholm, Ekerö kommun, Sundbybergs kommun, Stockholms län, Sverige",
        "osm_type": "way",
        "osm_id": 641351885,
        "geocode_confidence": 0.0800567597467002,
        "evidence": [
          {
            "source": "https://www.flashback.org/t2167471",
            "thread_url": "https://www.flashback.org/t2167471",
            "post_id": "post44026122",
            "username": "Myrslingerbult",
            "time_raw": "2013-06-23, 23:00 # 2",
            "confidence": 0.72,
            "comment": "Masten som ni hittat tillhör försvarsmakten, och den används dagligen för att skicka krypterad kommunikation mellan olika regementen och ledningscentraler. Liknande master finns utplacerade som en kedja runtom i hela landet, och tillsammans bildar de Försvarets telenät (FTN) eller Försvarets fasta radiolänknät som det också kallas. I skyddsrummet en bit i från masten finns vanligtvis inte mer än utrustningen än vad som behövs för att konfigure..."
          }
        ],
        "source": "https://www.flashback.org/t2167471",
        "thread_url": "https://www.flashback.org/t2167471",
        "post_id": "post44026122",
        "username": "Myrslingerbult",
        "time_raw": "2013-06-23, 23:00 # 2",
        "confidence": 0.72,
        "comment": "Masten som ni hittat tillhör försvarsmakten, och den används dagligen för att skicka krypterad kommunikation mellan olika regementen och ledningscentraler. Liknande master finns utplacerade som en kedja runtom i hela landet, och tillsammans bildar de Försvarets telenät (FTN) eller Försvarets fasta radiolänknät som det också kallas. I skyddsrummet en bit i från masten finns vanligtvis inte mer än utrustningen än vad som behövs för att konfigure..."
      }
    },
    {
      "type": "Feature",
      "geometry": {
        "type": "Point",
        "coordinates": [
          20.3774688,
          63.6942746
        ]
      },
      "properties": {
        "id": "e1b4aae02924",
        "entity": "Nätet",
        "query": "Nätet, Sweden",
        "display_name": "Nätet, Holmsunds Distrikt, Holmsund, Umeå kommun, Västerbottens län, Sverige",
        "osm_type": "way",
        "osm_id": 1422675997,
        "geocode_confidence": 0.0800578538185702,
        "evidence": [
          {
            "source": "https://www.flashback.org/t2167471",
            "thread_url": "https://www.flashback.org/t2167471",
            "post_id": "post44026122",
            "username": "Myrslingerbult",
            "time_raw": "2013-06-23, 23:00 # 2",
            "confidence": 0.72,
            "comment": "Masten som ni hittat tillhör försvarsmakten, och den används dagligen för att skicka krypterad kommunikation mellan olika regementen och ledningscentraler. Liknande master finns utplacerade som en kedja runtom i hela landet, och tillsammans bildar de Försvarets telenät (FTN) eller Försvarets fasta radiolänknät som det också kallas. I skyddsrummet en bit i från masten finns vanligtvis inte mer än utrustningen än vad som behövs för att konfigure..."
          }
        ],
        "source": "https://www.flashback.org/t2167471",
        "thread_url": "https://www.flashback.org/t2167471",
        "post_id": "post44026122",
        "username": "Myrslingerbult",
        "time_raw": "2013-06-23, 23:00 # 2",
        "confidence": 0.72,
        "comment": "Masten som ni hittat tillhör försvarsmakten, och den används dagligen för att skicka krypterad kommunikation mellan olika regementen och ledningscentraler. Liknande master finns utplacerade som en kedja runtom i hela landet, och tillsammans bildar de Försvarets telenät (FTN) eller Försvarets fasta radiolänknät som det också kallas. I skyddsrummet en bit i från masten finns vanligtvis inte mer än utrustningen än vad som behövs för att konfigure..."
      }
    },
    {
      "type": "Feature",
      "geometry": {
        "type": "Point",
        "coordinates": [
          18.0718928,
          59.3382751
        ]
      },
      "properties": {
        "id": "78e97effe3de",
        "entity": "Sverige",
        "query": "Sverige, Sweden",
        "display_name": "Kungliga biblioteket, Humlegårdsgatan, Eriksberg, Östermalm, Norra innerstadens stadsdelsområde, Stockholm, Stockholms kommun, Stockholms län, 111 42, Sverige",
        "osm_type": "way",
        "osm_id": 15803083,
        "geocode_confidence": 0.7269239831426119,
        "evidence": [
          {
            "source": "https://www.flashback.org/t2167471",
            "thread_url": "https://www.flashback.org/t2167471",
            "post_id": "post44026122",
            "username": "Myrslingerbult",
            "time_raw": "2013-06-23, 23:00 # 2",
            "confidence": 0.72,
            "comment": "Masten som ni hittat tillhör försvarsmakten, och den används dagligen för att skicka krypterad kommunikation mellan olika regementen och ledningscentraler. Liknande master finns utplacerade som en kedja runtom i hela landet, och tillsammans bildar de Försvarets telenät (FTN) eller Försvarets fasta radiolänknät som det också kallas. I skyddsrummet en bit i från masten finns vanligtvis inte mer än utrustningen än vad som behövs för att konfigure..."
          }
        ],
        "source": "https://www.flashback.org/t2167471",
        "thread_url": "https://www.flashback.org/t2167471",
        "post_id": "post44026122",
        "username": "Myrslingerbult",
        "time_raw": "2013-06-23, 23:00 # 2",
        "confidence": 0.72,
        "comment": "Masten som ni hittat tillhör försvarsmakten, och den används dagligen för att skicka krypterad kommunikation mellan olika regementen och ledningscentraler. Liknande master finns utplacerade som en kedja runtom i hela landet, och tillsammans bildar de Försvarets telenät (FTN) eller Försvarets fasta radiolänknät som det också kallas. I skyddsrummet en bit i från masten finns vanligtvis inte mer än utrustningen än vad som behövs för att konfigure..."
      }
    },
    {
      "type": "Feature",
      "geometry": {
        "type": "Point",
        "coordinates": [
          12.9126768,
          63.3968195
        ]
      },
      "properties": {
        "id": "01a765068cb8",
        "entity": "Många",
        "query": "Många, Sweden",
        "display_name": "Mångåvägen, Duved, Åre kommun, Jämtlands län, 837 72, Sverige",
        "osm_type": "way",
        "osm_id": 184618021,
        "geocode_confidence": 0.053391295490958994,
        "evidence": [
          {
            "source": "https://www.flashback.org/t2167471",
            "thread_url": "https://www.flashback.org/t2167471",
            "post_id": "post44026122",
            "username": "Myrslingerbult",
            "time_raw": "2013-06-23, 23:00 # 2",
            "confidence": 0.72,
            "comment": "Masten som ni hittat tillhör försvarsmakten, och den används dagligen för att skicka krypterad kommunikation mellan olika regementen och ledningscentraler. Liknande master finns utplacerade som en kedja runtom i hela landet, och tillsammans bildar de Försvarets telenät (FTN) eller Försvarets fasta radiolänknät som det också kallas. I skyddsrummet en bit i från masten finns vanligtvis inte mer än utrustningen än vad som behövs för att konfigure..."
          }
        ],
        "source": "https://www.flashback.org/t2167471",
        "thread_url": "https://www.flashback.org/t2167471",
        "post_id": "post44026122",
        "username": "Myrslingerbult",
        "time_raw": "2013-06-23, 23:00 # 2",
        "confidence": 0.72,
        "comment": "Masten som ni hittat tillhör försvarsmakten, och den används dagligen för att skicka krypterad kommunikation mellan olika regementen och ledningscentraler. Liknande master finns utplacerade som en kedja runtom i hela landet, och tillsammans bildar de Försvarets telenät (FTN) eller Försvarets fasta radiolänknät som det också kallas. I skyddsrummet en bit i från masten finns vanligtvis inte mer än utrustningen än vad som behövs för att konfigure..."
      }
    },
    {
      "type": "Feature",
      "geometry": {
        "type": "Point",
        "coordinates": [
          13.5546725,
          58.1610129
        ]
      },
      "properties": {
        "id": "063c429f5857",
        "entity": "Stor",
        "query": "Stor, Sweden",
        "display_name": "Storgatan, Gamla stan, Falköpings distrikt, Falköping, Falköpings kommun, Västra Götalands län, 521 42, Sverige",
        "osm_type": "way",
        "osm_id": 3995527,
        "geocode_confidence": 0.5049160951815795,
        "evidence": [
          {
            "source": "https://www.flashback.org/t2167471",
            "thread_url": "https://www.flashback.org/t2167471",
            "post_id": "post44026122",
            "username": "Myrslingerbult",
            "time_raw": "2013-06-23, 23:00 # 2",
            "confidence": 0.72,
            "comment": "Masten som ni hittat tillhör försvarsmakten, och den används dagligen för att skicka krypterad kommunikation mellan olika regementen och ledningscentraler. Liknande master finns utplacerade som en kedja runtom i hela landet, och tillsammans bildar de Försvarets telenät (FTN) eller Försvarets fasta radiolänknät som det också kallas. I skyddsrummet en bit i från masten finns vanligtvis inte mer än utrustningen än vad som behövs för att konfigure..."
          }
        ],
        "source": "https://www.flashback.org/t2167471",
        "thread_url": "https://www.flashback.org/t2167471",
        "post_id": "post44026122",
        "username": "Myrslingerbult",
        "time_raw": "2013-06-23, 23:00 # 2",
        "confidence": 0.72,
        "comment": "Masten som ni hittat tillhör försvarsmakten, och den används dagligen för att skicka krypterad kommunikation mellan olika regementen och ledningscentraler. Liknande master finns utplacerade som en kedja runtom i hela landet, och tillsammans bildar de Försvarets telenät (FTN) eller Försvarets fasta radiolänknät som det också kallas. I skyddsrummet en bit i från masten finns vanligtvis inte mer än utrustningen än vad som behövs för att konfigure..."
      }
    },
    {
      "type": "Feature",
      "geometry": {
        "type": "Point",
        "coordinates": [
          16.1480899,
          58.5812314
        ]
      },
      "properties": {
        "id": "287176e78d29",
        "entity": "Sveriges",
        "query": "Sveriges, Sweden",
        "display_name": "Sveriges meteorologiska och hydrologiska institut, 1, Folkborgsvägen, Klockaretorpet, Norrköping, Norrköpings kommun, Östergötlands län, 601 76, Sverige",
        "osm_type": "node",
        "osm_id": 4743840719,
        "geocode_confidence": 0.6868860346709234,
        "evidence": [
          {
            "source": "https://www.flashback.org/t2167471",
            "thread_url": "https://www.flashback.org/t2167471",
            "post_id": "post44026122",
            "username": "Myrslingerbult",
            "time_raw": "2013-06-23, 23:00 # 2",
            "confidence": 0.72,
            "comment": "Masten som ni hittat tillhör försvarsmakten, och den används dagligen för att skicka krypterad kommunikation mellan olika regementen och ledningscentraler. Liknande master finns utplacerade som en kedja runtom i hela landet, och tillsammans bildar de Försvarets telenät (FTN) eller Försvarets fasta radiolänknät som det också kallas. I skyddsrummet en bit i från masten finns vanligtvis inte mer än utrustningen än vad som behövs för att konfigure..."
          }
        ],
        "source": "https://www.flashback.org/t2167471",
        "thread_url": "https://www.flashback.org/t2167471",
        "post_id": "post44026122",
        "username": "Myrslingerbult",
        "time_raw": "2013-06-23, 23:00 # 2",
        "confidence": 0.72,
        "comment": "Masten som ni hittat tillhör försvarsmakten, och den används dagligen för att skicka krypterad kommunikation mellan olika regementen och ledningscentraler. Liknande master finns utplacerade som en kedja runtom i hela landet, och tillsammans bildar de Försvarets telenät (FTN) eller Försvarets fasta radiolänknät som det också kallas. I skyddsrummet en bit i från masten finns vanligtvis inte mer än utrustningen än vad som behövs för att konfigure..."
      }
    },
    {
      "type": "Feature",
      "geometry": {
        "type": "Point",
        "coordinates": [
          17.9569837,
          59.3534458
        ]
      },
      "properties": {
        "id": "9b9abea2a503",
        "entity": "Bra",
        "query": "Bra, Sweden",
        "display_name": "BRA, Köpsvängen, Bromma Blocks, Ulvsunda industriområde, Bromma stadsdelsområde, Stockholm, Stockholms kommun, Stockholms län, 168 67, Sverige",
        "osm_type": "node",
        "osm_id": 9894648478,
        "geocode_confidence": 8.40184634164495e-05,
        "evidence": [
          {
            "source": "https://www.flashback.org/t2167471",
            "thread_url": "https://www.flashback.org/t2167471",
            "post_id": "post44036338",
            "username": "Muffincaek",
            "time_raw": "2013-06-24, 20:04 # 8",
            "confidence": 0.56,
            "comment": "Citat: Ursprungligen postat av DenSomSoker Finns mycket militärt i skogarna där ser jag, har du någon aning om vad detta är? 63.122307,17.268038 Bra fråga du, ser intressant ut, asfaltsplanen mittemot också! Ska ta mig dit och kolla, slänger upp bilder om det skulle vara något att se!"
          }
        ],
        "source": "https://www.flashback.org/t2167471",
        "thread_url": "https://www.flashback.org/t2167471",
        "post_id": "post44036338",
        "username": "Muffincaek",
        "time_raw": "2013-06-24, 20:04 # 8",
        "confidence": 0.56,
        "comment": "Citat: Ursprungligen postat av DenSomSoker Finns mycket militärt i skogarna där ser jag, har du någon aning om vad detta är? 63.122307,17.268038 Bra fråga du, ser intressant ut, asfaltsplanen mittemot också! Ska ta mig dit och kolla, slänger upp bilder om det skulle vara något att se!"
      }
    },
    {
      "type": "Feature",
      "geometry": {
        "type": "Point",
        "coordinates": [
          22.0467766,
          65.6170152
        ]
      },
      "properties": {
        "id": "5c093c12f54e",
        "entity": "Sibylla",
        "query": "Sibylla, Sweden",
        "display_name": "Sibylla, Storheden, Luleå, Luleå kommun, Norrbottens län, 973 45, Sverige",
        "osm_type": "way",
        "osm_id": 1284452788,
        "geocode_confidence": 0.04006301899748225,
        "evidence": [
          {
            "source": "https://www.flashback.org/t2167471",
            "thread_url": "https://www.flashback.org/t2167471",
            "post_id": "post44039481",
            "username": "Muffincaek",
            "time_raw": "2013-06-24, 23:06 # 10",
            "confidence": 0.48,
            "comment": "Stötte på min gamla chef som varit militär i en herrans massa år på Sibylla idag, knäckte en grillad med bröd och pratade i 40 minuter om diverse gamla militärförråd och bunkrar som finns här omkring. Det bästa i mina öron var att runt Spannsjön, vet inte mer än så så ska det finnas ganska massiva underjordiska komplex, många många, och vissa skulle kunna hålla över hundra stycken där i flera dagar. Åååååh att råka snubbla över en sådan ingång..."
          },
          {
            "source": "https://www.flashback.org/t2167471",
            "thread_url": "https://www.flashback.org/t2167471",
            "post_id": "post44044690",
            "username": "DenSomSoker",
            "time_raw": "2013-06-25, 12:22 # 12",
            "confidence": 0.48,
            "comment": "Citat: Ursprungligen postat av Muffincaek Stötte på min gamla chef som varit militär i en herrans massa år på Sibylla idag, knäckte en grillad med bröd och pratade i 40 minuter om diverse gamla militärförråd och bunkrar som finns här omkring. Det bästa i mina öron var att runt Spannsjön, vet inte mer än så så ska det finnas ganska massiva underjordiska komplex, många många, och vissa skulle kunna hålla över hundra stycken där i flera dagar. Åå..."
          }
        ],
        "source": "https://www.flashback.org/t2167471",
        "thread_url": "https://www.flashback.org/t2167471",
        "post_id": "post44044690",
        "username": "DenSomSoker",
        "time_raw": "2013-06-25, 12:22 # 12",
        "confidence": 0.48,
        "comment": "Citat: Ursprungligen postat av Muffincaek Stötte på min gamla chef som varit militär i en herrans massa år på Sibylla idag, knäckte en grillad med bröd och pratade i 40 minuter om diverse gamla militärförråd och bunkrar som finns här omkring. Det bästa i mina öron var att runt Spannsjön, vet inte mer än så så ska det finnas ganska massiva underjordiska komplex, många många, och vissa skulle kunna hålla över hundra stycken där i flera dagar. Åå..."
      }
    },
    {
      "type": "Feature",
      "geometry": {
        "type": "Point",
        "coordinates": [
          13.6021894,
          58.3785965
        ]
      },
      "properties": {
        "id": "01b881f5675c",
        "entity": "Spannsjön",
        "query": "Spannsjön, Sweden",
        "display_name": "Spånnsjön, Tranum, Norra Lundby distrikt, Axvall, Skara kommun, Västra Götalands län, Sverige",
        "osm_type": "relation",
        "osm_id": 14294194,
        "geocode_confidence": 0.13338978637369342,
        "evidence": [
          {
            "source": "https://www.flashback.org/t2167471",
            "thread_url": "https://www.flashback.org/t2167471",
            "post_id": "post44039481",
            "username": "Muffincaek",
            "time_raw": "2013-06-24, 23:06 # 10",
            "confidence": 0.48,
            "comment": "Stötte på min gamla chef som varit militär i en herrans massa år på Sibylla idag, knäckte en grillad med bröd och pratade i 40 minuter om diverse gamla militärförråd och bunkrar som finns här omkring. Det bästa i mina öron var att runt Spannsjön, vet inte mer än så så ska det finnas ganska massiva underjordiska komplex, många många, och vissa skulle kunna hålla över hundra stycken där i flera dagar. Åååååh att råka snubbla över en sådan ingång..."
          },
          {
            "source": "https://www.flashback.org/t2167471",
            "thread_url": "https://www.flashback.org/t2167471",
            "post_id": "post44044690",
            "username": "DenSomSoker",
            "time_raw": "2013-06-25, 12:22 # 12",
            "confidence": 0.48,
            "comment": "Citat: Ursprungligen postat av Muffincaek Stötte på min gamla chef som varit militär i en herrans massa år på Sibylla idag, knäckte en grillad med bröd och pratade i 40 minuter om diverse gamla militärförråd och bunkrar som finns här omkring. Det bästa i mina öron var att runt Spannsjön, vet inte mer än så så ska det finnas ganska massiva underjordiska komplex, många många, och vissa skulle kunna hålla över hundra stycken där i flera dagar. Åå..."
          }
        ],
        "source": "https://www.flashback.org/t2167471",
        "thread_url": "https://www.flashback.org/t2167471",
        "post_id": "post44044690",
        "username": "DenSomSoker",
        "time_raw": "2013-06-25, 12:22 # 12",
        "confidence": 0.48,
        "comment": "Citat: Ursprungligen postat av Muffincaek Stötte på min gamla chef som varit militär i en herrans massa år på Sibylla idag, knäckte en grillad med bröd och pratade i 40 minuter om diverse gamla militärförråd och bunkrar som finns här omkring. Det bästa i mina öron var att runt Spannsjön, vet inte mer än så så ska det finnas ganska massiva underjordiska komplex, många många, och vissa skulle kunna hålla över hundra stycken där i flera dagar. Åå..."
      }
    },
    {
      "type": "Feature",
      "geometry": {
        "type": "Point",
        "coordinates": [
          14.1297253,
          57.7402833
        ]
      },
      "properties": {
        "id": "3e544198db86",
        "entity": "Skylt",
        "query": "Skylt, Sweden",
        "display_name": "Skyltgatan, Hagaberg, Jönköping, Jönköpings kommun, Jönköpings län, 556 27, Sverige",
        "osm_type": "way",
        "osm_id": 108343417,
        "geocode_confidence": 0.05339833905546651,
        "evidence": [
          {
            "source": "https://www.flashback.org/t2167471p2",
            "thread_url": "https://www.flashback.org/t2167471",
            "post_id": "post44164498",
            "username": "Muffincaek",
            "time_raw": "2013-07-04, 00:21 # 17",
            "confidence": 0.64,
            "comment": "Nu så! Det där stället var ett uppsamlingsskydd för granat övningar verkar det som Här åkte man in: https://imageshack.com/i/49oq4pj Själva skyddet antar jag, med en garageplats: https://imageshack.com/i/mw61m3j Skylt på huset: https://imageshack.com/i/nbz45hj Skylt 2: https://imageshack.com/i/05fjfqj I garageutrymmet fanns ett fågelbo, inget mer: https://imageshack.com/i/nps85bj På sidan av vägen ner bakom byggnaden låg detta: https://imagesh..."
          },
          {
            "source": "https://www.flashback.org/t2167471p2",
            "thread_url": "https://www.flashback.org/t2167471",
            "post_id": "post44169996",
            "username": "DenSomSoker",
            "time_raw": "2013-07-04, 14:58 # 21",
            "confidence": 0.64,
            "comment": "Citat: Ursprungligen postat av Muffincaek Nu så! Det där stället var ett uppsamlingsskydd för granat övningar verkar det som Här åkte man in: https://imageshack.com/i/49oq4pj Själva skyddet antar jag, med en garageplats: https://imageshack.com/i/mw61m3j Skylt på huset: https://imageshack.com/i/nbz45hj Skylt 2: https://imageshack.com/i/05fjfqj I garageutrymmet fanns ett fågelbo, inget mer: https://imageshack.com/i/nps85bj På sidan av vägen ner..."
          }
        ],
        "source": "https://www.flashback.org/t2167471p2",
        "thread_url": "https://www.flashback.org/t2167471",
        "post_id": "post44169996",
        "username": "DenSomSoker",
        "time_raw": "2013-07-04, 14:58 # 21",
        "confidence": 0.64,
        "comment": "Citat: Ursprungligen postat av Muffincaek Nu så! Det där stället var ett uppsamlingsskydd för granat övningar verkar det som Här åkte man in: https://imageshack.com/i/49oq4pj Själva skyddet antar jag, med en garageplats: https://imageshack.com/i/mw61m3j Skylt på huset: https://imageshack.com/i/nbz45hj Skylt 2: https://imageshack.com/i/05fjfqj I garageutrymmet fanns ett fågelbo, inget mer: https://imageshack.com/i/nps85bj På sidan av vägen ner..."
      }
    },
    {
      "type": "Feature",
      "geometry": {
        "type": "Point",
        "coordinates": [
          14.1016709,
          59.3027943
        ]
      },
      "properties": {
        "id": "cf251b3e8bdd",
        "entity": "Fältet",
        "query": "Fältet, Sweden",
        "display_name": "Fältet, Kristinehamn, Kristinehamns kommun, Värmlands län, 681 80, Sverige",
        "osm_type": "node",
        "osm_id": 5299411036,
        "geocode_confidence": 0.1467225520714122,
        "evidence": [
          {
            "source": "https://www.flashback.org/t2167471p2",
            "thread_url": "https://www.flashback.org/t2167471",
            "post_id": "post44164498",
            "username": "Muffincaek",
            "time_raw": "2013-07-04, 00:21 # 17",
            "confidence": 0.64,
            "comment": "Nu så! Det där stället var ett uppsamlingsskydd för granat övningar verkar det som Här åkte man in: https://imageshack.com/i/49oq4pj Själva skyddet antar jag, med en garageplats: https://imageshack.com/i/mw61m3j Skylt på huset: https://imageshack.com/i/nbz45hj Skylt 2: https://imageshack.com/i/05fjfqj I garageutrymmet fanns ett fågelbo, inget mer: https://imageshack.com/i/nps85bj På sidan av vägen ner bakom byggnaden låg detta: https://imagesh..."
          },
          {
            "source": "https://www.flashback.org/t2167471p2",
            "thread_url": "https://www.flashback.org/t2167471",
            "post_id": "post44169996",
            "username": "DenSomSoker",
            "time_raw": "2013-07-04, 14:58 # 21",
            "confidence": 0.64,
            "comment": "Citat: Ursprungligen postat av Muffincaek Nu så! Det där stället var ett uppsamlingsskydd för granat övningar verkar det som Här åkte man in: https://imageshack.com/i/49oq4pj Själva skyddet antar jag, med en garageplats: https://imageshack.com/i/mw61m3j Skylt på huset: https://imageshack.com/i/nbz45hj Skylt 2: https://imageshack.com/i/05fjfqj I garageutrymmet fanns ett fågelbo, inget mer: https://imageshack.com/i/nps85bj På sidan av vägen ner..."
          }
        ],
        "source": "https://www.flashback.org/t2167471p2",
        "thread_url": "https://www.flashback.org/t2167471",
        "post_id": "post44169996",
        "username": "DenSomSoker",
        "time_raw": "2013-07-04, 14:58 # 21",
        "confidence": 0.64,
        "comment": "Citat: Ursprungligen postat av Muffincaek Nu så! Det där stället var ett uppsamlingsskydd för granat övningar verkar det som Här åkte man in: https://imageshack.com/i/49oq4pj Själva skyddet antar jag, med en garageplats: https://imageshack.com/i/mw61m3j Skylt på huset: https://imageshack.com/i/nbz45hj Skylt 2: https://imageshack.com/i/05fjfqj I garageutrymmet fanns ett fågelbo, inget mer: https://imageshack.com/i/nps85bj På sidan av vägen ner..."
      }
    },
    {
      "type": "Feature",
      "geometry": {
        "type": "Point",
        "coordinates": [
          12.7547415,
          61.5380854
        ]
      },
      "properties": {
        "id": "8ab229a1f4bb",
        "entity": "Han",
        "query": "Han, Sweden",
        "display_name": "Hån, Älvdalens kommun, Dalarnas län, Sverige",
        "osm_type": "relation",
        "osm_id": 19788093,
        "geocode_confidence": 0.13339133211261156,
        "evidence": [
          {
            "source": "https://www.flashback.org/t2167471p2",
            "thread_url": "https://www.flashback.org/t2167471",
            "post_id": "post44164498",
            "username": "Muffincaek",
            "time_raw": "2013-07-04, 00:21 # 17",
            "confidence": 0.64,
            "comment": "Nu så! Det där stället var ett uppsamlingsskydd för granat övningar verkar det som Här åkte man in: https://imageshack.com/i/49oq4pj Själva skyddet antar jag, med en garageplats: https://imageshack.com/i/mw61m3j Skylt på huset: https://imageshack.com/i/nbz45hj Skylt 2: https://imageshack.com/i/05fjfqj I garageutrymmet fanns ett fågelbo, inget mer: https://imageshack.com/i/nps85bj På sidan av vägen ner bakom byggnaden låg detta: https://imagesh..."
          },
          {
            "source": "https://www.flashback.org/t2167471p2",
            "thread_url": "https://www.flashback.org/t2167471",
            "post_id": "post44165238",
            "username": "flashwhore",
            "time_raw": "2013-07-04, 01:38 # 18",
            "confidence": 0.48,
            "comment": "Citat: Ursprungligen postat av Muffincaek Kan berätta dock att när vi var ute och kollade runt svängde vi in till vad vi trodde var en övergiven gård då det stog flera tomma hus på tomten som såg obebodd ut, när vi öppnar bildörren skriker en herre \"Vaaaad i helvete gör ni här?\" Jag - \"Vi är bara ute och kollar runt lite, inget speciellt.\" Han - \"Är ni härifrån eller? In i bilen och iväg med er fortare än fan!\" Såg ut som ett äldre hippiepar,..."
          },
          {
            "source": "https://www.flashback.org/t2167471p2",
            "thread_url": "https://www.flashback.org/t2167471",
            "post_id": "post44169996",
            "username": "DenSomSoker",
            "time_raw": "2013-07-04, 14:58 # 21",
            "confidence": 0.64,
            "comment": "Citat: Ursprungligen postat av Muffincaek Nu så! Det där stället var ett uppsamlingsskydd för granat övningar verkar det som Här åkte man in: https://imageshack.com/i/49oq4pj Själva skyddet antar jag, med en garageplats: https://imageshack.com/i/mw61m3j Skylt på huset: https://imageshack.com/i/nbz45hj Skylt 2: https://imageshack.com/i/05fjfqj I garageutrymmet fanns ett fågelbo, inget mer: https://imageshack.com/i/nps85bj På sidan av vägen ner..."
          }
        ],
        "source": "https://www.flashback.org/t2167471p2",
        "thread_url": "https://www.flashback.org/t2167471",
        "post_id": "post44169996",
        "username": "DenSomSoker",
        "time_raw": "2013-07-04, 14:58 # 21",
        "confidence": 0.64,
        "comment": "Citat: Ursprungligen postat av Muffincaek Nu så! Det där stället var ett uppsamlingsskydd för granat övningar verkar det som Här åkte man in: https://imageshack.com/i/49oq4pj Själva skyddet antar jag, med en garageplats: https://imageshack.com/i/mw61m3j Skylt på huset: https://imageshack.com/i/nbz45hj Skylt 2: https://imageshack.com/i/05fjfqj I garageutrymmet fanns ett fågelbo, inget mer: https://imageshack.com/i/nps85bj På sidan av vägen ner..."
      }
    },
    {
      "type": "Feature",
      "geometry": {
        "type": "Point",
        "coordinates": [
          17.3326179,
          62.4306031
        ]
      },
      "properties": {
        "id": "bfa9be7dd0ff",
        "entity": "Skön",
        "query": "Skön, Sweden",
        "display_name": "Sköns distrikt, Sundsvalls kommun, Västernorrlands län, Sverige",
        "osm_type": "relation",
        "osm_id": 5821113,
        "geocode_confidence": 0.34188389141160974,
        "evidence": [
          {
            "source": "https://www.flashback.org/t2167471p2",
            "thread_url": "https://www.flashback.org/t2167471",
            "post_id": "post44169996",
            "username": "DenSomSoker",
            "time_raw": "2013-07-04, 14:58 # 21",
            "confidence": 0.64,
            "comment": "Citat: Ursprungligen postat av Muffincaek Nu så! Det där stället var ett uppsamlingsskydd för granat övningar verkar det som Här åkte man in: https://imageshack.com/i/49oq4pj Själva skyddet antar jag, med en garageplats: https://imageshack.com/i/mw61m3j Skylt på huset: https://imageshack.com/i/nbz45hj Skylt 2: https://imageshack.com/i/05fjfqj I garageutrymmet fanns ett fågelbo, inget mer: https://imageshack.com/i/nps85bj På sidan av vägen ner..."
          },
          {
            "source": "https://www.flashback.org/t2167471p2",
            "thread_url": "https://www.flashback.org/t2167471",
            "post_id": "post44171943",
            "username": "Muffincaek",
            "time_raw": "2013-07-04, 17:21 # 23",
            "confidence": 0.72,
            "comment": "Citat: Ursprungligen postat av DenSomSoker Tackar för infon och bilderna! Uppgiften utförd med MVG! Skön lirare på gården, med tanke på hans hetsiga humör så dolde han säkert något! Ni får smyga runt i skogen med kikare och avslöja honom! Haha Tackar tackar! och tack för tipset, även om det inte var så mycket så är det alltid roligt att utforska! Längre upp på vägen förbi skyddet vid vändplatsen gick vi längst en övervuxen väg i hopp om att fi..."
          }
        ],
        "source": "https://www.flashback.org/t2167471p2",
        "thread_url": "https://www.flashback.org/t2167471",
        "post_id": "post44171943",
        "username": "Muffincaek",
        "time_raw": "2013-07-04, 17:21 # 23",
        "confidence": 0.72,
        "comment": "Citat: Ursprungligen postat av DenSomSoker Tackar för infon och bilderna! Uppgiften utförd med MVG! Skön lirare på gården, med tanke på hans hetsiga humör så dolde han säkert något! Ni får smyga runt i skogen med kikare och avslöja honom! Haha Tackar tackar! och tack för tipset, även om det inte var så mycket så är det alltid roligt att utforska! Längre upp på vägen förbi skyddet vid vändplatsen gick vi längst en övervuxen väg i hopp om att fi..."
      }
    },
    {
      "type": "Feature",
      "geometry": {
        "type": "Point",
        "coordinates": [
          13.1576427,
          58.5037196
        ]
      },
      "properties": {
        "id": "69f96e90dee3",
        "entity": "Vid",
        "query": "Vid, Sweden",
        "display_name": "Lidköping, Lidköpings kommun, Västra Götalands län, 531 31, Sverige",
        "osm_type": "node",
        "osm_id": 27426448,
        "geocode_confidence": 0.518164831792876,
        "evidence": [
          {
            "source": "https://www.flashback.org/t2167471p2",
            "thread_url": "https://www.flashback.org/t2167471",
            "post_id": "post44171536",
            "username": "Infotizer",
            "time_raw": "2013-07-04, 16:55 # 22",
            "confidence": 0.72,
            "comment": "Citat: Ursprungligen postat av Muffincaek En liten uppdatering från masten som tråden startades för kommer nu också! Det var folk där, så vi var lite smygiga! Tydligen höll dom på installera / byta ut antenner. Här kommer lite bilder! Vid ingågen: http://imageshack.us/photo/my-images/856/yauw.jpg/ http://imageshack.us/photo/my-images/856/feeu.jpg/ http://imageshack.us/photo/my-images/62/g4g9.jpg/ Brevid masten: http://imageshack.us/photo/my-im..."
          },
          {
            "source": "https://www.flashback.org/t359143",
            "thread_url": "https://www.flashback.org/t359143",
            "post_id": "post9130232",
            "username": "Pendeltåg",
            "time_raw": "2007-11-29, 22:53 # 5",
            "confidence": 0.84,
            "comment": "Citat: Ursprungligen postat av Ayah Ganska ballt ställe faktiskt. Bilder kan läggas upp om ni är intresserade.Någon som vet något mera om det här stället? Har du kvar bilderna? Skulle vara kul att se! Besökte aldrig området själv tyvärr. totalt fanns där C:a 1,7 mil med minkhus, vilka såldes och exporterades till Ryssland. Fabrikshuset du såg kanske var frysanläggningen de hade där? Den användes till att frysa in minkmat med. Mycket av slakter..."
          },
          {
            "source": "https://www.flashback.org/t359143",
            "thread_url": "https://www.flashback.org/t359143",
            "post_id": "post9130752",
            "username": "jornmark",
            "time_raw": "2007-11-29, 23:33 # 6",
            "confidence": 0.84,
            "comment": "Citat: Ursprungligen postat av Pendeltåg Har du kvar bilderna? Skulle vara kul att se! Besökte aldrig området själv tyvärr. totalt fanns där C:a 1,7 mil med minkhus, vilka såldes och exporterades till Ryssland. Fabrikshuset du såg kanske var frysanläggningen de hade där? Den användes till att frysa in minkmat med. Mycket av slakteriavfallet på Gotland kördes dit som minkfoder. Även efter försäljningen av minkhusen användes den fortsatt för att..."
          },
          {
            "source": "https://www.flashback.org/t19834p2",
            "thread_url": "https://www.flashback.org/t19834",
            "post_id": "post135076",
            "username": "Rushdie",
            "time_raw": "2003-06-25, 17:47 # 16",
            "confidence": 0.48,
            "comment": "Vid kolonilotterna vid slottskogen så finns det två stora bergrum. En inhyser ett stort elverk, men den andra är en lång, lång tunnel. Den går ner under Göta älv, och kommer upp vid Ryaverket på Hisingen. Vad jag har fått reda på så är det hemlighetsstämplad information, men ärligt talat, alla vet ju om det"
          },
          {
            "source": "https://www.flashback.org/t19834p2",
            "thread_url": "https://www.flashback.org/t19834",
            "post_id": "post135077",
            "username": "äldre konto (old)",
            "time_raw": "2003-06-26, 01:01 # 17",
            "confidence": 0.84,
            "comment": "Från kulvertarna under Chalmers går det att ta sig bort till Majorna (Mariaplan) enligt uppgift. Såna här små böjda gröna luftintag avslöjar ju rätt mycket om underjordiska tunnlar sträckningar. Dom går ju att se i t.ex. Gårda (runt Ullevi, längs fabriksgatan). Ute i Kortedala och Bergsjön finns det också en hel del såna. Vid berget vid SKF (på vänster sida strax innan Bellevue, från stan sett) finns ju fyra eller fem stora portar rakt in i be..."
          }
        ],
        "source": "https://www.flashback.org/t19834p2",
        "thread_url": "https://www.flashback.org/t19834",
        "post_id": "post135077",
        "username": "äldre konto (old)",
        "time_raw": "2003-06-26, 01:01 # 17",
        "confidence": 0.84,
        "comment": "Från kulvertarna under Chalmers går det att ta sig bort till Majorna (Mariaplan) enligt uppgift. Såna här små böjda gröna luftintag avslöjar ju rätt mycket om underjordiska tunnlar sträckningar. Dom går ju att se i t.ex. Gårda (runt Ullevi, längs fabriksgatan). Ute i Kortedala och Bergsjön finns det också en hel del såna. Vid berget vid SKF (på vänster sida strax innan Bellevue, från stan sett) finns ju fyra eller fem stora portar rakt in i be..."
      }
    },
    {
      "type": "Feature",
      "geometry": {
        "type": "Point",
        "coordinates": [
          21.725119,
          66.7881894
        ]
      },
      "properties": {
        "id": "1ec975ec023b",
        "entity": "Längre",
        "query": "Längre, Sweden",
        "display_name": "Kopelovaaravägen längre, Gällivare kommun, Norrbottens län, Sverige",
        "osm_type": "way",
        "osm_id": 547865429,
        "geocode_confidence": 0.05339281986724648,
        "evidence": [
          {
            "source": "https://www.flashback.org/t2167471p2",
            "thread_url": "https://www.flashback.org/t2167471",
            "post_id": "post44171943",
            "username": "Muffincaek",
            "time_raw": "2013-07-04, 17:21 # 23",
            "confidence": 0.72,
            "comment": "Citat: Ursprungligen postat av DenSomSoker Tackar för infon och bilderna! Uppgiften utförd med MVG! Skön lirare på gården, med tanke på hans hetsiga humör så dolde han säkert något! Ni får smyga runt i skogen med kikare och avslöja honom! Haha Tackar tackar! och tack för tipset, även om det inte var så mycket så är det alltid roligt att utforska! Längre upp på vägen förbi skyddet vid vändplatsen gick vi längst en övervuxen väg i hopp om att fi..."
          }
        ],
        "source": "https://www.flashback.org/t2167471p2",
        "thread_url": "https://www.flashback.org/t2167471",
        "post_id": "post44171943",
        "username": "Muffincaek",
        "time_raw": "2013-07-04, 17:21 # 23",
        "confidence": 0.72,
        "comment": "Citat: Ursprungligen postat av DenSomSoker Tackar för infon och bilderna! Uppgiften utförd med MVG! Skön lirare på gården, med tanke på hans hetsiga humör så dolde han säkert något! Ni får smyga runt i skogen med kikare och avslöja honom! Haha Tackar tackar! och tack för tipset, även om det inte var så mycket så är det alltid roligt att utforska! Längre upp på vägen förbi skyddet vid vändplatsen gick vi längst en övervuxen väg i hopp om att fi..."
      }
    },
    {
      "type": "Feature",
      "geometry": {
        "type": "Point",
        "coordinates": [
          11.9709437,
          57.7049897
        ]
      },
      "properties": {
        "id": "651c663c3ce7",
        "entity": "Harry",
        "query": "Harry, Sweden",
        "display_name": "Harry Hjörnes Plats, Nordstaden, Inom Vallgraven, Centrum, Göteborg, Göteborgs Stad, Västra Götalands län, 411 07, Sverige",
        "osm_type": "way",
        "osm_id": 146203018,
        "geocode_confidence": 0.11734328469919902,
        "evidence": [
          {
            "source": "https://www.flashback.org/t2167471p2",
            "thread_url": "https://www.flashback.org/t2167471",
            "post_id": "post44171943",
            "username": "Muffincaek",
            "time_raw": "2013-07-04, 17:21 # 23",
            "confidence": 0.72,
            "comment": "Citat: Ursprungligen postat av DenSomSoker Tackar för infon och bilderna! Uppgiften utförd med MVG! Skön lirare på gården, med tanke på hans hetsiga humör så dolde han säkert något! Ni får smyga runt i skogen med kikare och avslöja honom! Haha Tackar tackar! och tack för tipset, även om det inte var så mycket så är det alltid roligt att utforska! Längre upp på vägen förbi skyddet vid vändplatsen gick vi längst en övervuxen väg i hopp om att fi..."
          }
        ],
        "source": "https://www.flashback.org/t2167471p2",
        "thread_url": "https://www.flashback.org/t2167471",
        "post_id": "post44171943",
        "username": "Muffincaek",
        "time_raw": "2013-07-04, 17:21 # 23",
        "confidence": 0.72,
        "comment": "Citat: Ursprungligen postat av DenSomSoker Tackar för infon och bilderna! Uppgiften utförd med MVG! Skön lirare på gården, med tanke på hans hetsiga humör så dolde han säkert något! Ni får smyga runt i skogen med kikare och avslöja honom! Haha Tackar tackar! och tack för tipset, även om det inte var så mycket så är det alltid roligt att utforska! Längre upp på vägen förbi skyddet vid vändplatsen gick vi längst en övervuxen väg i hopp om att fi..."
      }
    },
    {
      "type": "Feature",
      "geometry": {
        "type": "Point",
        "coordinates": [
          17.8939322,
          62.9210854
        ]
      },
      "properties": {
        "id": "d4a0963b96a3",
        "entity": "Norrland",
        "query": "Norrland, Sweden",
        "display_name": "Norrland, Lugnvik, Bjärtrå distrikt, Kramfors kommun, Västernorrlands län, 872 64, Sverige",
        "osm_type": "node",
        "osm_id": 7449500805,
        "geocode_confidence": 0.13338924773022048,
        "evidence": [
          {
            "source": "https://www.flashback.org/t2167471p2",
            "thread_url": "https://www.flashback.org/t2167471",
            "post_id": "post44171943",
            "username": "Muffincaek",
            "time_raw": "2013-07-04, 17:21 # 23",
            "confidence": 0.72,
            "comment": "Citat: Ursprungligen postat av DenSomSoker Tackar för infon och bilderna! Uppgiften utförd med MVG! Skön lirare på gården, med tanke på hans hetsiga humör så dolde han säkert något! Ni får smyga runt i skogen med kikare och avslöja honom! Haha Tackar tackar! och tack för tipset, även om det inte var så mycket så är det alltid roligt att utforska! Längre upp på vägen förbi skyddet vid vändplatsen gick vi längst en övervuxen väg i hopp om att fi..."
          }
        ],
        "source": "https://www.flashback.org/t2167471p2",
        "thread_url": "https://www.flashback.org/t2167471",
        "post_id": "post44171943",
        "username": "Muffincaek",
        "time_raw": "2013-07-04, 17:21 # 23",
        "confidence": 0.72,
        "comment": "Citat: Ursprungligen postat av DenSomSoker Tackar för infon och bilderna! Uppgiften utförd med MVG! Skön lirare på gården, med tanke på hans hetsiga humör så dolde han säkert något! Ni får smyga runt i skogen med kikare och avslöja honom! Haha Tackar tackar! och tack för tipset, även om det inte var så mycket så är det alltid roligt att utforska! Längre upp på vägen förbi skyddet vid vändplatsen gick vi längst en övervuxen väg i hopp om att fi..."
      }
    },
    {
      "type": "Feature",
      "geometry": {
        "type": "Point",
        "coordinates": [
          18.1344991,
          59.3411451
        ]
      },
      "properties": {
        "id": "aa35faf56801",
        "entity": "Loudden",
        "query": "Loudden, Sweden",
        "display_name": "Loudden, Lidingöbro, Ladugårdsgärdet, Norra innerstadens stadsdelsområde, Stockholm, Stockholms kommun, Stockholms län, 115 27, Sverige",
        "osm_type": "node",
        "osm_id": 303072788,
        "geocode_confidence": 0.06675068513008316,
        "evidence": [
          {
            "source": "https://www.flashback.org/t3729743",
            "thread_url": "https://www.flashback.org/t3729743",
            "post_id": "post94934175",
            "username": "L01x",
            "time_raw": "2026-05-10, 18:22 # 1",
            "confidence": 0.56,
            "comment": "Jaha, det här känns lite som ett långskott men jag och en polare söker platser i Stockholmsområdet för UE. Jag känner till de gamla hederliga som SÖS tunneln (dock kan jag ingen ingång som är åtkomlig), tidigare Akay och Tariq som numera verkar vara rivna iom Slussen-bygget. Har även hört att det ska finnas diverse bergrum vid Loudden vid Gärdet och även på Beckholmen. Jag skulle uppskatta om någon kunde berätta om lite ställen och vad det fin..."
          }
        ],
        "source": "https://www.flashback.org/t3729743",
        "thread_url": "https://www.flashback.org/t3729743",
        "post_id": "post94934175",
        "username": "L01x",
        "time_raw": "2026-05-10, 18:22 # 1",
        "confidence": 0.56,
        "comment": "Jaha, det här känns lite som ett långskott men jag och en polare söker platser i Stockholmsområdet för UE. Jag känner till de gamla hederliga som SÖS tunneln (dock kan jag ingen ingång som är åtkomlig), tidigare Akay och Tariq som numera verkar vara rivna iom Slussen-bygget. Har även hört att det ska finnas diverse bergrum vid Loudden vid Gärdet och även på Beckholmen. Jag skulle uppskatta om någon kunde berätta om lite ställen och vad det fin..."
      }
    },
    {
      "type": "Feature",
      "geometry": {
        "type": "Point",
        "coordinates": [
          18.0988773,
          59.3458768
        ]
      },
      "properties": {
        "id": "17c72ea2b09c",
        "entity": "Gärdet",
        "query": "Gärdet, Sweden",
        "display_name": "Gärdet, Rindögatan, Gärdeshöjden, Ladugårdsgärdet, Norra innerstadens stadsdelsområde, Stockholm, Stockholms kommun, Stockholms län, 115 35, Sverige",
        "osm_type": "node",
        "osm_id": 4937352125,
        "geocode_confidence": 0.4153489193248191,
        "evidence": [
          {
            "source": "https://www.flashback.org/t3729743",
            "thread_url": "https://www.flashback.org/t3729743",
            "post_id": "post94934175",
            "username": "L01x",
            "time_raw": "2026-05-10, 18:22 # 1",
            "confidence": 0.56,
            "comment": "Jaha, det här känns lite som ett långskott men jag och en polare söker platser i Stockholmsområdet för UE. Jag känner till de gamla hederliga som SÖS tunneln (dock kan jag ingen ingång som är åtkomlig), tidigare Akay och Tariq som numera verkar vara rivna iom Slussen-bygget. Har även hört att det ska finnas diverse bergrum vid Loudden vid Gärdet och även på Beckholmen. Jag skulle uppskatta om någon kunde berätta om lite ställen och vad det fin..."
          }
        ],
        "source": "https://www.flashback.org/t3729743",
        "thread_url": "https://www.flashback.org/t3729743",
        "post_id": "post94934175",
        "username": "L01x",
        "time_raw": "2026-05-10, 18:22 # 1",
        "confidence": 0.56,
        "comment": "Jaha, det här känns lite som ett långskott men jag och en polare söker platser i Stockholmsområdet för UE. Jag känner till de gamla hederliga som SÖS tunneln (dock kan jag ingen ingång som är åtkomlig), tidigare Akay och Tariq som numera verkar vara rivna iom Slussen-bygget. Har även hört att det ska finnas diverse bergrum vid Loudden vid Gärdet och även på Beckholmen. Jag skulle uppskatta om någon kunde berätta om lite ställen och vad det fin..."
      }
    },
    {
      "type": "Feature",
      "geometry": {
        "type": "Point",
        "coordinates": [
          15.1271794,
          58.3261627
        ]
      },
      "properties": {
        "id": "f9d9e4b581eb",
        "entity": "Tariq",
        "query": "Tariq, Sweden",
        "display_name": "Tariq's Barbershop, Jerikodalsgatan, Mjölby, Mjölby kommun, Östergötlands län, 595 41, Sverige",
        "osm_type": "node",
        "osm_id": 11099430546,
        "geocode_confidence": 5.436865796897868e-05,
        "evidence": [
          {
            "source": "https://www.flashback.org/t3729743",
            "thread_url": "https://www.flashback.org/t3729743",
            "post_id": "post94934175",
            "username": "L01x",
            "time_raw": "2026-05-10, 18:22 # 1",
            "confidence": 0.56,
            "comment": "Jaha, det här känns lite som ett långskott men jag och en polare söker platser i Stockholmsområdet för UE. Jag känner till de gamla hederliga som SÖS tunneln (dock kan jag ingen ingång som är åtkomlig), tidigare Akay och Tariq som numera verkar vara rivna iom Slussen-bygget. Har även hört att det ska finnas diverse bergrum vid Loudden vid Gärdet och även på Beckholmen. Jag skulle uppskatta om någon kunde berätta om lite ställen och vad det fin..."
          }
        ],
        "source": "https://www.flashback.org/t3729743",
        "thread_url": "https://www.flashback.org/t3729743",
        "post_id": "post94934175",
        "username": "L01x",
        "time_raw": "2026-05-10, 18:22 # 1",
        "confidence": 0.56,
        "comment": "Jaha, det här känns lite som ett långskott men jag och en polare söker platser i Stockholmsområdet för UE. Jag känner till de gamla hederliga som SÖS tunneln (dock kan jag ingen ingång som är åtkomlig), tidigare Akay och Tariq som numera verkar vara rivna iom Slussen-bygget. Har även hört att det ska finnas diverse bergrum vid Loudden vid Gärdet och även på Beckholmen. Jag skulle uppskatta om någon kunde berätta om lite ställen och vad det fin..."
      }
    },
    {
      "type": "Feature",
      "geometry": {
        "type": "Point",
        "coordinates": [
          18.1000047,
          59.3207601
        ]
      },
      "properties": {
        "id": "0e96b2301e99",
        "entity": "Beckholmen",
        "query": "Beckholmen, Sweden",
        "display_name": "Beckholmen, Djurgården, Norra innerstadens stadsdelsområde, Stockholm, Stockholms kommun, Stockholms län, Sverige",
        "osm_type": "relation",
        "osm_id": 20600119,
        "geocode_confidence": 0.3687910674753876,
        "evidence": [
          {
            "source": "https://www.flashback.org/t3729743",
            "thread_url": "https://www.flashback.org/t3729743",
            "post_id": "post94934175",
            "username": "L01x",
            "time_raw": "2026-05-10, 18:22 # 1",
            "confidence": 0.56,
            "comment": "Jaha, det här känns lite som ett långskott men jag och en polare söker platser i Stockholmsområdet för UE. Jag känner till de gamla hederliga som SÖS tunneln (dock kan jag ingen ingång som är åtkomlig), tidigare Akay och Tariq som numera verkar vara rivna iom Slussen-bygget. Har även hört att det ska finnas diverse bergrum vid Loudden vid Gärdet och även på Beckholmen. Jag skulle uppskatta om någon kunde berätta om lite ställen och vad det fin..."
          }
        ],
        "source": "https://www.flashback.org/t3729743",
        "thread_url": "https://www.flashback.org/t3729743",
        "post_id": "post94934175",
        "username": "L01x",
        "time_raw": "2026-05-10, 18:22 # 1",
        "confidence": 0.56,
        "comment": "Jaha, det här känns lite som ett långskott men jag och en polare söker platser i Stockholmsområdet för UE. Jag känner till de gamla hederliga som SÖS tunneln (dock kan jag ingen ingång som är åtkomlig), tidigare Akay och Tariq som numera verkar vara rivna iom Slussen-bygget. Har även hört att det ska finnas diverse bergrum vid Loudden vid Gärdet och även på Beckholmen. Jag skulle uppskatta om någon kunde berätta om lite ställen och vad det fin..."
      }
    },
    {
      "type": "Feature",
      "geometry": {
        "type": "Point",
        "coordinates": [
          13.7317163,
          55.6394104
        ]
      },
      "properties": {
        "id": "626d3278f882",
        "entity": "Skriv",
        "query": "Skriv, Sweden",
        "display_name": "Skrivgatan, Lillås gård, Sjöbo, Sjöbo kommun, Skåne län, 275 34, Sverige",
        "osm_type": "way",
        "osm_id": 35112255,
        "geocode_confidence": 0.05338886930647742,
        "evidence": [
          {
            "source": "https://www.flashback.org/t3729743",
            "thread_url": "https://www.flashback.org/t3729743",
            "post_id": "post94934175",
            "username": "L01x",
            "time_raw": "2026-05-10, 18:22 # 1",
            "confidence": 0.56,
            "comment": "Jaha, det här känns lite som ett långskott men jag och en polare söker platser i Stockholmsområdet för UE. Jag känner till de gamla hederliga som SÖS tunneln (dock kan jag ingen ingång som är åtkomlig), tidigare Akay och Tariq som numera verkar vara rivna iom Slussen-bygget. Har även hört att det ska finnas diverse bergrum vid Loudden vid Gärdet och även på Beckholmen. Jag skulle uppskatta om någon kunde berätta om lite ställen och vad det fin..."
          }
        ],
        "source": "https://www.flashback.org/t3729743",
        "thread_url": "https://www.flashback.org/t3729743",
        "post_id": "post94934175",
        "username": "L01x",
        "time_raw": "2026-05-10, 18:22 # 1",
        "confidence": 0.56,
        "comment": "Jaha, det här känns lite som ett långskott men jag och en polare söker platser i Stockholmsområdet för UE. Jag känner till de gamla hederliga som SÖS tunneln (dock kan jag ingen ingång som är åtkomlig), tidigare Akay och Tariq som numera verkar vara rivna iom Slussen-bygget. Har även hört att det ska finnas diverse bergrum vid Loudden vid Gärdet och även på Beckholmen. Jag skulle uppskatta om någon kunde berätta om lite ställen och vad det fin..."
      }
    },
    {
      "type": "Feature",
      "geometry": {
        "type": "Point",
        "coordinates": [
          18.0741129,
          59.3343091
        ]
      },
      "properties": {
        "id": "5a03387070d9",
        "entity": "Prada",
        "query": "Prada, Sweden",
        "display_name": "Prada, Mäster Samuelsgatan, Klara, Norrmalm, Norra innerstadens stadsdelsområde, Stockholm, Stockholms kommun, Stockholms län, 111 46, Sverige",
        "osm_type": "node",
        "osm_id": 1941813958,
        "geocode_confidence": 8.40184634164495e-05,
        "evidence": [
          {
            "source": "https://www.flashback.org/t435500",
            "thread_url": "https://www.flashback.org/t435500",
            "post_id": "post6166751",
            "username": null,
            "time_raw": "2007-01-27, 14:34 # 9",
            "confidence": 0.76,
            "comment": "Citat: Ursprungligen postat av Prada St Lars bjuder på saker, det gamla vattentornet, dock inte mycket att se. Kulvertarna under st.lars fram med bultsaxen! Varför använda bultsax när det bara är att knalla in...det gick i alla fall för 10 år sen. Gick in vid sjukhusets huvudingången(?) vid apoteket (om det ligger kvar där). Det var bara att dra i ett snöre så öppnades porten ner till underjorden. Var där en del och skejtade, blå backen var gr..."
          }
        ],
        "source": "https://www.flashback.org/t435500",
        "thread_url": "https://www.flashback.org/t435500",
        "post_id": "post6166751",
        "username": null,
        "time_raw": "2007-01-27, 14:34 # 9",
        "confidence": 0.76,
        "comment": "Citat: Ursprungligen postat av Prada St Lars bjuder på saker, det gamla vattentornet, dock inte mycket att se. Kulvertarna under st.lars fram med bultsaxen! Varför använda bultsax när det bara är att knalla in...det gick i alla fall för 10 år sen. Gick in vid sjukhusets huvudingången(?) vid apoteket (om det ligger kvar där). Det var bara att dra i ett snöre så öppnades porten ner till underjorden. Var där en del och skejtade, blå backen var gr..."
      }
    },
    {
      "type": "Feature",
      "geometry": {
        "type": "Point",
        "coordinates": [
          13.0178701,
          55.6077303
        ]
      },
      "properties": {
        "id": "56e0be61b2fb",
        "entity": "Lars",
        "query": "Lars, Sweden",
        "display_name": "Lars, Slussen, Norr, Malmö, Malmö kommun, Skåne län, Sverige",
        "osm_type": "way",
        "osm_id": 233317760,
        "geocode_confidence": 0.06674023422598611,
        "evidence": [
          {
            "source": "https://www.flashback.org/t435500",
            "thread_url": "https://www.flashback.org/t435500",
            "post_id": "post6166751",
            "username": null,
            "time_raw": "2007-01-27, 14:34 # 9",
            "confidence": 0.76,
            "comment": "Citat: Ursprungligen postat av Prada St Lars bjuder på saker, det gamla vattentornet, dock inte mycket att se. Kulvertarna under st.lars fram med bultsaxen! Varför använda bultsax när det bara är att knalla in...det gick i alla fall för 10 år sen. Gick in vid sjukhusets huvudingången(?) vid apoteket (om det ligger kvar där). Det var bara att dra i ett snöre så öppnades porten ner till underjorden. Var där en del och skejtade, blå backen var gr..."
          }
        ],
        "source": "https://www.flashback.org/t435500",
        "thread_url": "https://www.flashback.org/t435500",
        "post_id": "post6166751",
        "username": null,
        "time_raw": "2007-01-27, 14:34 # 9",
        "confidence": 0.76,
        "comment": "Citat: Ursprungligen postat av Prada St Lars bjuder på saker, det gamla vattentornet, dock inte mycket att se. Kulvertarna under st.lars fram med bultsaxen! Varför använda bultsax när det bara är att knalla in...det gick i alla fall för 10 år sen. Gick in vid sjukhusets huvudingången(?) vid apoteket (om det ligger kvar där). Det var bara att dra i ett snöre så öppnades porten ner till underjorden. Var där en del och skejtade, blå backen var gr..."
      }
    },
    {
      "type": "Feature",
      "geometry": {
        "type": "Point",
        "coordinates": [
          13.1929449,
          55.7029296
        ]
      },
      "properties": {
        "id": "1da35de9548d",
        "entity": "Lund",
        "query": "Lund, Sweden",
        "display_name": "Lund, Lunds kommun, Skåne län, Sverige",
        "osm_type": "relation",
        "osm_id": 2468628,
        "geocode_confidence": 0.6332133941536383,
        "evidence": [
          {
            "source": "https://www.flashback.org/t435500",
            "thread_url": "https://www.flashback.org/t435500",
            "post_id": "post7715758",
            "username": "Naw",
            "time_raw": "2007-07-15, 16:57 # 11",
            "confidence": 0.48,
            "comment": "är intresserad av att börja med UE i Lund jag. När jag var yngre bodde jag på värpinge och precis som någon sa så finns där tunnlar som leder under i princip hela Lund. Man får gå ner i Ravinen på Värpinge, där finns ett stort rör som man kan gå in i, där rinner dock en del vatten så det blir nog enklast och smidigast om man har gummistövlar. Lite mer än halvvägs in i röret kommer en \"korsning\". Till höger är det igenspikat med plankor så man..."
          }
        ],
        "source": "https://www.flashback.org/t435500",
        "thread_url": "https://www.flashback.org/t435500",
        "post_id": "post7715758",
        "username": "Naw",
        "time_raw": "2007-07-15, 16:57 # 11",
        "confidence": 0.48,
        "comment": "är intresserad av att börja med UE i Lund jag. När jag var yngre bodde jag på värpinge och precis som någon sa så finns där tunnlar som leder under i princip hela Lund. Man får gå ner i Ravinen på Värpinge, där finns ett stort rör som man kan gå in i, där rinner dock en del vatten så det blir nog enklast och smidigast om man har gummistövlar. Lite mer än halvvägs in i röret kommer en \"korsning\". Till höger är det igenspikat med plankor så man..."
      }
    },
    {
      "type": "Feature",
      "geometry": {
        "type": "Point",
        "coordinates": [
          16.1495037,
          58.6583633
        ]
      },
      "properties": {
        "id": "5ef4d3c2d455",
        "entity": "Ravinen",
        "query": "Ravinen, Sweden",
        "display_name": "Ravinen, Kvillinge församling, Norrköping, Norrköpings kommun, Östergötlands län, 616 34, Sverige",
        "osm_type": "node",
        "osm_id": 9283678251,
        "geocode_confidence": 0.10672405050736246,
        "evidence": [
          {
            "source": "https://www.flashback.org/t435500",
            "thread_url": "https://www.flashback.org/t435500",
            "post_id": "post7715758",
            "username": "Naw",
            "time_raw": "2007-07-15, 16:57 # 11",
            "confidence": 0.48,
            "comment": "är intresserad av att börja med UE i Lund jag. När jag var yngre bodde jag på värpinge och precis som någon sa så finns där tunnlar som leder under i princip hela Lund. Man får gå ner i Ravinen på Värpinge, där finns ett stort rör som man kan gå in i, där rinner dock en del vatten så det blir nog enklast och smidigast om man har gummistövlar. Lite mer än halvvägs in i röret kommer en \"korsning\". Till höger är det igenspikat med plankor så man..."
          }
        ],
        "source": "https://www.flashback.org/t435500",
        "thread_url": "https://www.flashback.org/t435500",
        "post_id": "post7715758",
        "username": "Naw",
        "time_raw": "2007-07-15, 16:57 # 11",
        "confidence": 0.48,
        "comment": "är intresserad av att börja med UE i Lund jag. När jag var yngre bodde jag på värpinge och precis som någon sa så finns där tunnlar som leder under i princip hela Lund. Man får gå ner i Ravinen på Värpinge, där finns ett stort rör som man kan gå in i, där rinner dock en del vatten så det blir nog enklast och smidigast om man har gummistövlar. Lite mer än halvvägs in i röret kommer en \"korsning\". Till höger är det igenspikat med plankor så man..."
      }
    },
    {
      "type": "Feature",
      "geometry": {
        "type": "Point",
        "coordinates": [
          13.0006164,
          55.5951498
        ]
      },
      "properties": {
        "id": "3a3f6cdc0030",
        "entity": "Sydsvenskan",
        "query": "Sydsvenskan, Sweden",
        "display_name": "Sydsvenskan, Rådmansgatan, Rådmansvången, Norr, Malmö, Malmö kommun, Skåne län, 205 05, Sverige",
        "osm_type": "node",
        "osm_id": 3941503591,
        "geocode_confidence": 7.356755931940211e-05,
        "evidence": [
          {
            "source": "https://www.flashback.org/t435500",
            "thread_url": "https://www.flashback.org/t435500",
            "post_id": "post7715758",
            "username": "Naw",
            "time_raw": "2007-07-15, 16:57 # 11",
            "confidence": 0.48,
            "comment": "är intresserad av att börja med UE i Lund jag. När jag var yngre bodde jag på värpinge och precis som någon sa så finns där tunnlar som leder under i princip hela Lund. Man får gå ner i Ravinen på Värpinge, där finns ett stort rör som man kan gå in i, där rinner dock en del vatten så det blir nog enklast och smidigast om man har gummistövlar. Lite mer än halvvägs in i röret kommer en \"korsning\". Till höger är det igenspikat med plankor så man..."
          }
        ],
        "source": "https://www.flashback.org/t435500",
        "thread_url": "https://www.flashback.org/t435500",
        "post_id": "post7715758",
        "username": "Naw",
        "time_raw": "2007-07-15, 16:57 # 11",
        "confidence": 0.48,
        "comment": "är intresserad av att börja med UE i Lund jag. När jag var yngre bodde jag på värpinge och precis som någon sa så finns där tunnlar som leder under i princip hela Lund. Man får gå ner i Ravinen på Värpinge, där finns ett stort rör som man kan gå in i, där rinner dock en del vatten så det blir nog enklast och smidigast om man har gummistövlar. Lite mer än halvvägs in i röret kommer en \"korsning\". Till höger är det igenspikat med plankor så man..."
      }
    },
    {
      "type": "Feature",
      "geometry": {
        "type": "Point",
        "coordinates": [
          13.1515086,
          55.7052606
        ]
      },
      "properties": {
        "id": "787db2406f82",
        "entity": "Värpinge",
        "query": "Värpinge, Sweden",
        "display_name": "Värpinge, Värpinge by, Väster, Lund, Lunds kommun, Skåne län, Sverige",
        "osm_type": "relation",
        "osm_id": 4055483,
        "geocode_confidence": 0.1334019325551232,
        "evidence": [
          {
            "source": "https://www.flashback.org/t435500",
            "thread_url": "https://www.flashback.org/t435500",
            "post_id": "post7715758",
            "username": "Naw",
            "time_raw": "2007-07-15, 16:57 # 11",
            "confidence": 0.48,
            "comment": "är intresserad av att börja med UE i Lund jag. När jag var yngre bodde jag på värpinge och precis som någon sa så finns där tunnlar som leder under i princip hela Lund. Man får gå ner i Ravinen på Värpinge, där finns ett stort rör som man kan gå in i, där rinner dock en del vatten så det blir nog enklast och smidigast om man har gummistövlar. Lite mer än halvvägs in i röret kommer en \"korsning\". Till höger är det igenspikat med plankor så man..."
          }
        ],
        "source": "https://www.flashback.org/t435500",
        "thread_url": "https://www.flashback.org/t435500",
        "post_id": "post7715758",
        "username": "Naw",
        "time_raw": "2007-07-15, 16:57 # 11",
        "confidence": 0.48,
        "comment": "är intresserad av att börja med UE i Lund jag. När jag var yngre bodde jag på värpinge och precis som någon sa så finns där tunnlar som leder under i princip hela Lund. Man får gå ner i Ravinen på Värpinge, där finns ett stort rör som man kan gå in i, där rinner dock en del vatten så det blir nog enklast och smidigast om man har gummistövlar. Lite mer än halvvägs in i röret kommer en \"korsning\". Till höger är det igenspikat med plankor så man..."
      }
    },
    {
      "type": "Feature",
      "geometry": {
        "type": "Point",
        "coordinates": [
          13.0246155,
          58.4848096
        ]
      },
      "properties": {
        "id": "5ffad2178258",
        "entity": "Lite",
        "query": "Lite, Sweden",
        "display_name": "Odla lite, Örslösa distrikt, Lidköpings kommun, Västra Götalands län, 531 96, Sverige",
        "osm_type": "node",
        "osm_id": 7495656315,
        "geocode_confidence": 0.10672337300679025,
        "evidence": [
          {
            "source": "https://www.flashback.org/t435500",
            "thread_url": "https://www.flashback.org/t435500",
            "post_id": "post7715758",
            "username": "Naw",
            "time_raw": "2007-07-15, 16:57 # 11",
            "confidence": 0.48,
            "comment": "är intresserad av att börja med UE i Lund jag. När jag var yngre bodde jag på värpinge och precis som någon sa så finns där tunnlar som leder under i princip hela Lund. Man får gå ner i Ravinen på Värpinge, där finns ett stort rör som man kan gå in i, där rinner dock en del vatten så det blir nog enklast och smidigast om man har gummistövlar. Lite mer än halvvägs in i röret kommer en \"korsning\". Till höger är det igenspikat med plankor så man..."
          }
        ],
        "source": "https://www.flashback.org/t435500",
        "thread_url": "https://www.flashback.org/t435500",
        "post_id": "post7715758",
        "username": "Naw",
        "time_raw": "2007-07-15, 16:57 # 11",
        "confidence": 0.48,
        "comment": "är intresserad av att börja med UE i Lund jag. När jag var yngre bodde jag på värpinge och precis som någon sa så finns där tunnlar som leder under i princip hela Lund. Man får gå ner i Ravinen på Värpinge, där finns ett stort rör som man kan gå in i, där rinner dock en del vatten så det blir nog enklast och smidigast om man har gummistövlar. Lite mer än halvvägs in i röret kommer en \"korsning\". Till höger är det igenspikat med plankor så man..."
      }
    },
    {
      "type": "Feature",
      "geometry": {
        "type": "Point",
        "coordinates": [
          13.1597728,
          55.7140074
        ]
      },
      "properties": {
        "id": "a913caf34d6b",
        "entity": "Nova Lund",
        "query": "Nova Lund, Sweden",
        "display_name": "Nova Lund, 10, Företagsvägen, Pilsåker, Värpinge by, Väster, Lund, Lunds kommun, Skåne län, 227 61, Sverige",
        "osm_type": "way",
        "osm_id": 33138747,
        "geocode_confidence": 0.1570394422394589,
        "evidence": [
          {
            "source": "https://www.flashback.org/t435500",
            "thread_url": "https://www.flashback.org/t435500",
            "post_id": "post7715758",
            "username": "Naw",
            "time_raw": "2007-07-15, 16:57 # 11",
            "confidence": 0.48,
            "comment": "är intresserad av att börja med UE i Lund jag. När jag var yngre bodde jag på värpinge och precis som någon sa så finns där tunnlar som leder under i princip hela Lund. Man får gå ner i Ravinen på Värpinge, där finns ett stort rör som man kan gå in i, där rinner dock en del vatten så det blir nog enklast och smidigast om man har gummistövlar. Lite mer än halvvägs in i röret kommer en \"korsning\". Till höger är det igenspikat med plankor så man..."
          }
        ],
        "source": "https://www.flashback.org/t435500",
        "thread_url": "https://www.flashback.org/t435500",
        "post_id": "post7715758",
        "username": "Naw",
        "time_raw": "2007-07-15, 16:57 # 11",
        "confidence": 0.48,
        "comment": "är intresserad av att börja med UE i Lund jag. När jag var yngre bodde jag på värpinge och precis som någon sa så finns där tunnlar som leder under i princip hela Lund. Man får gå ner i Ravinen på Värpinge, där finns ett stort rör som man kan gå in i, där rinner dock en del vatten så det blir nog enklast och smidigast om man har gummistövlar. Lite mer än halvvägs in i röret kommer en \"korsning\". Till höger är det igenspikat med plankor så man..."
      }
    },
    {
      "type": "Feature",
      "geometry": {
        "type": "Point",
        "coordinates": [
          13.0777501,
          55.6378013
        ]
      },
      "properties": {
        "id": "11c0171df6c7",
        "entity": "Arlöv",
        "query": "Arlöv, Sweden",
        "display_name": "Arlöv, Malmö, Burlövs kommun, Skåne län, 232 34, Sverige",
        "osm_type": "node",
        "osm_id": 55079611,
        "geocode_confidence": 0.40567491777443077,
        "evidence": [
          {
            "source": "https://www.flashback.org/t435500",
            "thread_url": "https://www.flashback.org/t435500",
            "post_id": "post7863334",
            "username": "MacClannough",
            "time_raw": "2007-07-31, 03:46 # 12",
            "confidence": 0.48,
            "comment": "Arlöv består bara av en massa industrier och där har jag hört av en massa folk att där ska det finnas lokaler som är övergivna! För några år sedan så höll jag på att trilla ner i ett stort håll, jag såg en trappa ner till hållet och upptäckte att luffare hade bott där men det gick också en lång jävla gång! Men jag vågade inte gå längre!"
          },
          {
            "source": "https://www.flashback.org/t435500p2",
            "thread_url": "https://www.flashback.org/t435500",
            "post_id": "post7863518",
            "username": "Domedagen",
            "time_raw": "2007-07-31, 04:56 # 14",
            "confidence": 0.56,
            "comment": "Citat: Ursprungligen postat av MacClannough Arlöv består bara av en massa industrier och där har jag hört av en massa folk att där ska det finnas lokaler som är övergivna! För några år sedan så höll jag på att trilla ner i ett stort håll, jag såg en trappa ner till hållet och upptäckte att luffare hade bott där men det gick också en lång jävla gång! Men jag vågade inte gå längre! arlov e ju ine lund!!! e malmo nu ska jag ej klaga.. finns massa..."
          }
        ],
        "source": "https://www.flashback.org/t435500p2",
        "thread_url": "https://www.flashback.org/t435500",
        "post_id": "post7863518",
        "username": "Domedagen",
        "time_raw": "2007-07-31, 04:56 # 14",
        "confidence": 0.56,
        "comment": "Citat: Ursprungligen postat av MacClannough Arlöv består bara av en massa industrier och där har jag hört av en massa folk att där ska det finnas lokaler som är övergivna! För några år sedan så höll jag på att trilla ner i ett stort håll, jag såg en trappa ner till hållet och upptäckte att luffare hade bott där men det gick också en lång jävla gång! Men jag vågade inte gå längre! arlov e ju ine lund!!! e malmo nu ska jag ej klaga.. finns massa..."
      }
    },
    {
      "type": "Feature",
      "geometry": {
        "type": "Point",
        "coordinates": [
          -86.6178311,
          36.2049349
        ]
      },
      "properties": {
        "id": "b44e36f3dbc7",
        "entity": "Sen",
        "query": "Sen, Sweden",
        "display_name": "Sweden Drive, Hermitage, Nashville, Davidson County, Middle Tennessee, Tennessee, 37076, United States",
        "osm_type": "way",
        "osm_id": 19481263,
        "geocode_confidence": 0.05340808194094755,
        "evidence": [
          {
            "source": "https://www.flashback.org/t435500p2",
            "thread_url": "https://www.flashback.org/t435500",
            "post_id": "post7863493",
            "username": "Domedagen",
            "time_raw": "2007-07-31, 04:42 # 13",
            "confidence": 0.64,
            "comment": "ST lars sjukhus... Hoppas dom inte forstort hela omradet med nya bostader. flrr i tiden va det riktigt ruskigt.. Finns sakert ngt kvar Har for mig att finns ngn lucka vid mejeriet.. ni som bor i lund vet vad jag menar... ta promenad i hmm vad heter den.. parken... bredvid mejeriet.. finns luckor runtomkring ocksa.. Sen har du badhuset minns ej namn heller.. ... Finns MASSA"
          },
          {
            "source": "https://www.flashback.org/t435500p2",
            "thread_url": "https://www.flashback.org/t435500",
            "post_id": "post7976094",
            "username": "Skez",
            "time_raw": "2007-08-11, 02:57 # 15",
            "confidence": 0.64,
            "comment": "Citat: Ursprungligen postat av Domedagen ST lars sjukhus... Hoppas dom inte forstort hela omradet med nya bostader. flrr i tiden va det riktigt ruskigt.. Finns sakert ngt kvar Har for mig att finns ngn lucka vid mejeriet.. ni som bor i lund vet vad jag menar... ta promenad i hmm vad heter den.. parken... bredvid mejeriet.. finns luckor runtomkring ocksa.. Sen har du badhuset minns ej namn heller.. ... Finns MASSA Så du menar att dem luckorna i..."
          },
          {
            "source": "https://www.flashback.org/t1421697p2",
            "thread_url": "https://www.flashback.org/t1421697",
            "post_id": "post37058248",
            "username": "cadoro",
            "time_raw": "2012-04-27, 13:40 # 19",
            "confidence": 0.64,
            "comment": "Citat: Ursprungligen postat av tearsneverdry folk borde sluta fantisera Kan berätta lite av de jag vet om kulvertsarna på Mariapark... till att börja med så ja det fans en sjukt lång underjordisk gång men nej den gick inte till nått slott (sofiero eller kullagunnarstorp) utan till berga och det dåvarande Hussar regementet K5. gången som är 2 st är sedan länge igenbommade men för de som har tillgång till källaren på stora kasernen på berga kan..."
          }
        ],
        "source": "https://www.flashback.org/t1421697p2",
        "thread_url": "https://www.flashback.org/t1421697",
        "post_id": "post37058248",
        "username": "cadoro",
        "time_raw": "2012-04-27, 13:40 # 19",
        "confidence": 0.64,
        "comment": "Citat: Ursprungligen postat av tearsneverdry folk borde sluta fantisera Kan berätta lite av de jag vet om kulvertsarna på Mariapark... till att börja med så ja det fans en sjukt lång underjordisk gång men nej den gick inte till nått slott (sofiero eller kullagunnarstorp) utan till berga och det dåvarande Hussar regementet K5. gången som är 2 st är sedan länge igenbommade men för de som har tillgång till källaren på stora kasernen på berga kan..."
      }
    },
    {
      "type": "Feature",
      "geometry": {
        "type": "Point",
        "coordinates": [
          18.0538261,
          59.3351289
        ]
      },
      "properties": {
        "id": "efe52e9e0afc",
        "entity": "Mitt",
        "query": "Mitt, Sweden",
        "display_name": "Mitt hjärta i världen, Norra Bantorget, Klara, Norrmalm, Norra innerstadens stadsdelsområde, Stockholm, Stockholms kommun, Stockholms län, 111 23, Sverige",
        "osm_type": "node",
        "osm_id": 7271858028,
        "geocode_confidence": 0.31353539144981896,
        "evidence": [
          {
            "source": "https://www.flashback.org/t3699472",
            "thread_url": "https://www.flashback.org/t3699472",
            "post_id": "post93218802",
            "username": "Flygandekatten",
            "time_raw": "2025-10-14, 17:35 # 1",
            "confidence": 0.56,
            "comment": "För ett par månader sen var jag och några polare ute och drev runt i Stockholm, när vi helt spontant bestämde oss för att försöka ta oss in i Katarinabergets bunker. Vi trodde helt ärligt inte att det skulle gå  det är ju en fullt aktiv anläggning mitt i stan, med massor av kameror och larm. Men på något sjukt sätt kom vi in. Mitt på dagen, runt kl 13. Inga masker, inga avancerade planer  det bara hände. Väl där inne blev det snabbt tydligt..."
          },
          {
            "source": "https://www.flashback.org/t3699472p2",
            "thread_url": "https://www.flashback.org/t3699472",
            "post_id": "post93219701",
            "username": "AskMeAboutJesus",
            "time_raw": "2025-10-14, 19:16 # 16",
            "confidence": 0.56,
            "comment": "Citat: Ursprungligen postat av Flygandekatten Spoiler För ett par månader sen var jag och några polare ute och drev runt i Stockholm, när vi helt spontant bestämde oss för att försöka ta oss in i Katarinabergets bunker. Vi trodde helt ärligt inte att det skulle gå  det är ju en fullt aktiv anläggning mitt i stan, med massor av kameror och larm. Men på något sjukt sätt kom vi in. Mitt på dagen, runt kl 13. Inga masker, inga avancerade planer ..."
          },
          {
            "source": "https://www.flashback.org/t3699472p2",
            "thread_url": "https://www.flashback.org/t3699472",
            "post_id": "post93219968",
            "username": "respektive",
            "time_raw": "2025-10-14, 19:44 # 19",
            "confidence": 0.56,
            "comment": "Varför är inlägget skrivet med ChatGPT eller annan motsvarande tjänst? Det gör att trovärdigheten sjunker direkt. Citat: Ursprungligen postat av Flygandekatten För ett par månader sen var jag och några polare ute och drev runt i Stockholm, när vi helt spontant bestämde oss för att försöka ta oss in i Katarinabergets bunker. Vi trodde helt ärligt inte att det skulle gå  det är ju en fullt aktiv anläggning mitt i stan, med massor av kameror och..."
          }
        ],
        "source": "https://www.flashback.org/t3699472p2",
        "thread_url": "https://www.flashback.org/t3699472",
        "post_id": "post93219968",
        "username": "respektive",
        "time_raw": "2025-10-14, 19:44 # 19",
        "confidence": 0.56,
        "comment": "Varför är inlägget skrivet med ChatGPT eller annan motsvarande tjänst? Det gör att trovärdigheten sjunker direkt. Citat: Ursprungligen postat av Flygandekatten För ett par månader sen var jag och några polare ute och drev runt i Stockholm, när vi helt spontant bestämde oss för att försöka ta oss in i Katarinabergets bunker. Vi trodde helt ärligt inte att det skulle gå  det är ju en fullt aktiv anläggning mitt i stan, med massor av kameror och..."
      }
    },
    {
      "type": "Feature",
      "geometry": {
        "type": "Point",
        "coordinates": [
          13.0044021,
          55.5884536
        ]
      },
      "properties": {
        "id": "37613ac3a107",
        "entity": "Inga",
        "query": "Inga, Sweden",
        "display_name": "Inga Marie Nilssons gata, Allmänna Sjukhuset, Innerstaden, Malmö, Malmö kommun, Skåne län, 205 01, Sverige",
        "osm_type": "way",
        "osm_id": 634165620,
        "geocode_confidence": 0.053406900892652744,
        "evidence": [
          {
            "source": "https://www.flashback.org/t3699472",
            "thread_url": "https://www.flashback.org/t3699472",
            "post_id": "post93218802",
            "username": "Flygandekatten",
            "time_raw": "2025-10-14, 17:35 # 1",
            "confidence": 0.56,
            "comment": "För ett par månader sen var jag och några polare ute och drev runt i Stockholm, när vi helt spontant bestämde oss för att försöka ta oss in i Katarinabergets bunker. Vi trodde helt ärligt inte att det skulle gå  det är ju en fullt aktiv anläggning mitt i stan, med massor av kameror och larm. Men på något sjukt sätt kom vi in. Mitt på dagen, runt kl 13. Inga masker, inga avancerade planer  det bara hände. Väl där inne blev det snabbt tydligt..."
          },
          {
            "source": "https://www.flashback.org/t3699472p2",
            "thread_url": "https://www.flashback.org/t3699472",
            "post_id": "post93219701",
            "username": "AskMeAboutJesus",
            "time_raw": "2025-10-14, 19:16 # 16",
            "confidence": 0.56,
            "comment": "Citat: Ursprungligen postat av Flygandekatten Spoiler För ett par månader sen var jag och några polare ute och drev runt i Stockholm, när vi helt spontant bestämde oss för att försöka ta oss in i Katarinabergets bunker. Vi trodde helt ärligt inte att det skulle gå  det är ju en fullt aktiv anläggning mitt i stan, med massor av kameror och larm. Men på något sjukt sätt kom vi in. Mitt på dagen, runt kl 13. Inga masker, inga avancerade planer ..."
          },
          {
            "source": "https://www.flashback.org/t3699472p2",
            "thread_url": "https://www.flashback.org/t3699472",
            "post_id": "post93219968",
            "username": "respektive",
            "time_raw": "2025-10-14, 19:44 # 19",
            "confidence": 0.56,
            "comment": "Varför är inlägget skrivet med ChatGPT eller annan motsvarande tjänst? Det gör att trovärdigheten sjunker direkt. Citat: Ursprungligen postat av Flygandekatten För ett par månader sen var jag och några polare ute och drev runt i Stockholm, när vi helt spontant bestämde oss för att försöka ta oss in i Katarinabergets bunker. Vi trodde helt ärligt inte att det skulle gå  det är ju en fullt aktiv anläggning mitt i stan, med massor av kameror och..."
          }
        ],
        "source": "https://www.flashback.org/t3699472p2",
        "thread_url": "https://www.flashback.org/t3699472",
        "post_id": "post93219968",
        "username": "respektive",
        "time_raw": "2025-10-14, 19:44 # 19",
        "confidence": 0.56,
        "comment": "Varför är inlägget skrivet med ChatGPT eller annan motsvarande tjänst? Det gör att trovärdigheten sjunker direkt. Citat: Ursprungligen postat av Flygandekatten För ett par månader sen var jag och några polare ute och drev runt i Stockholm, när vi helt spontant bestämde oss för att försöka ta oss in i Katarinabergets bunker. Vi trodde helt ärligt inte att det skulle gå  det är ju en fullt aktiv anläggning mitt i stan, med massor av kameror och..."
      }
    },
    {
      "type": "Feature",
      "geometry": {
        "type": "Point",
        "coordinates": [
          11.8428909,
          58.0217997
        ]
      },
      "properties": {
        "id": "f40cc54afc97",
        "entity": "Rörsystem",
        "query": "Rörsystem, Sweden",
        "display_name": "Weldac Rörsystem AB, 10, Vallenvägen, Berg, Dyrtorp, Stora Höga, Stenungsunds kommun, Västra Götalands län, 444 39, Sverige",
        "osm_type": "way",
        "osm_id": 1420239024,
        "geocode_confidence": 5.653086137174056e-05,
        "evidence": [
          {
            "source": "https://www.flashback.org/t3699472",
            "thread_url": "https://www.flashback.org/t3699472",
            "post_id": "post93218802",
            "username": "Flygandekatten",
            "time_raw": "2025-10-14, 17:35 # 1",
            "confidence": 0.56,
            "comment": "För ett par månader sen var jag och några polare ute och drev runt i Stockholm, när vi helt spontant bestämde oss för att försöka ta oss in i Katarinabergets bunker. Vi trodde helt ärligt inte att det skulle gå  det är ju en fullt aktiv anläggning mitt i stan, med massor av kameror och larm. Men på något sjukt sätt kom vi in. Mitt på dagen, runt kl 13. Inga masker, inga avancerade planer  det bara hände. Väl där inne blev det snabbt tydligt..."
          },
          {
            "source": "https://www.flashback.org/t3699472p2",
            "thread_url": "https://www.flashback.org/t3699472",
            "post_id": "post93219701",
            "username": "AskMeAboutJesus",
            "time_raw": "2025-10-14, 19:16 # 16",
            "confidence": 0.56,
            "comment": "Citat: Ursprungligen postat av Flygandekatten Spoiler För ett par månader sen var jag och några polare ute och drev runt i Stockholm, när vi helt spontant bestämde oss för att försöka ta oss in i Katarinabergets bunker. Vi trodde helt ärligt inte att det skulle gå  det är ju en fullt aktiv anläggning mitt i stan, med massor av kameror och larm. Men på något sjukt sätt kom vi in. Mitt på dagen, runt kl 13. Inga masker, inga avancerade planer ..."
          },
          {
            "source": "https://www.flashback.org/t3699472p2",
            "thread_url": "https://www.flashback.org/t3699472",
            "post_id": "post93219968",
            "username": "respektive",
            "time_raw": "2025-10-14, 19:44 # 19",
            "confidence": 0.56,
            "comment": "Varför är inlägget skrivet med ChatGPT eller annan motsvarande tjänst? Det gör att trovärdigheten sjunker direkt. Citat: Ursprungligen postat av Flygandekatten För ett par månader sen var jag och några polare ute och drev runt i Stockholm, när vi helt spontant bestämde oss för att försöka ta oss in i Katarinabergets bunker. Vi trodde helt ärligt inte att det skulle gå  det är ju en fullt aktiv anläggning mitt i stan, med massor av kameror och..."
          }
        ],
        "source": "https://www.flashback.org/t3699472p2",
        "thread_url": "https://www.flashback.org/t3699472",
        "post_id": "post93219968",
        "username": "respektive",
        "time_raw": "2025-10-14, 19:44 # 19",
        "confidence": 0.56,
        "comment": "Varför är inlägget skrivet med ChatGPT eller annan motsvarande tjänst? Det gör att trovärdigheten sjunker direkt. Citat: Ursprungligen postat av Flygandekatten För ett par månader sen var jag och några polare ute och drev runt i Stockholm, när vi helt spontant bestämde oss för att försöka ta oss in i Katarinabergets bunker. Vi trodde helt ärligt inte att det skulle gå  det är ju en fullt aktiv anläggning mitt i stan, med massor av kameror och..."
      }
    },
    {
      "type": "Feature",
      "geometry": {
        "type": "Point",
        "coordinates": [
          18.2967128,
          57.6403906
        ]
      },
      "properties": {
        "id": "d6374ec07198",
        "entity": "Systemet",
        "query": "Systemet, Sweden",
        "display_name": "Systemet, Stora Torget, Hansestaden Visby, Hällarna, Visby, Gotlands kommun, Gotlands län, 621 56, Sverige",
        "osm_type": "node",
        "osm_id": 13231529501,
        "geocode_confidence": 6.365987640187713e-05,
        "evidence": [
          {
            "source": "https://www.flashback.org/t3699472",
            "thread_url": "https://www.flashback.org/t3699472",
            "post_id": "post93218802",
            "username": "Flygandekatten",
            "time_raw": "2025-10-14, 17:35 # 1",
            "confidence": 0.56,
            "comment": "För ett par månader sen var jag och några polare ute och drev runt i Stockholm, när vi helt spontant bestämde oss för att försöka ta oss in i Katarinabergets bunker. Vi trodde helt ärligt inte att det skulle gå  det är ju en fullt aktiv anläggning mitt i stan, med massor av kameror och larm. Men på något sjukt sätt kom vi in. Mitt på dagen, runt kl 13. Inga masker, inga avancerade planer  det bara hände. Väl där inne blev det snabbt tydligt..."
          },
          {
            "source": "https://www.flashback.org/t3699472p2",
            "thread_url": "https://www.flashback.org/t3699472",
            "post_id": "post93219701",
            "username": "AskMeAboutJesus",
            "time_raw": "2025-10-14, 19:16 # 16",
            "confidence": 0.56,
            "comment": "Citat: Ursprungligen postat av Flygandekatten Spoiler För ett par månader sen var jag och några polare ute och drev runt i Stockholm, när vi helt spontant bestämde oss för att försöka ta oss in i Katarinabergets bunker. Vi trodde helt ärligt inte att det skulle gå  det är ju en fullt aktiv anläggning mitt i stan, med massor av kameror och larm. Men på något sjukt sätt kom vi in. Mitt på dagen, runt kl 13. Inga masker, inga avancerade planer ..."
          },
          {
            "source": "https://www.flashback.org/t3699472p2",
            "thread_url": "https://www.flashback.org/t3699472",
            "post_id": "post93219968",
            "username": "respektive",
            "time_raw": "2025-10-14, 19:44 # 19",
            "confidence": 0.56,
            "comment": "Varför är inlägget skrivet med ChatGPT eller annan motsvarande tjänst? Det gör att trovärdigheten sjunker direkt. Citat: Ursprungligen postat av Flygandekatten För ett par månader sen var jag och några polare ute och drev runt i Stockholm, när vi helt spontant bestämde oss för att försöka ta oss in i Katarinabergets bunker. Vi trodde helt ärligt inte att det skulle gå  det är ju en fullt aktiv anläggning mitt i stan, med massor av kameror och..."
          }
        ],
        "source": "https://www.flashback.org/t3699472p2",
        "thread_url": "https://www.flashback.org/t3699472",
        "post_id": "post93219968",
        "username": "respektive",
        "time_raw": "2025-10-14, 19:44 # 19",
        "confidence": 0.56,
        "comment": "Varför är inlägget skrivet med ChatGPT eller annan motsvarande tjänst? Det gör att trovärdigheten sjunker direkt. Citat: Ursprungligen postat av Flygandekatten För ett par månader sen var jag och några polare ute och drev runt i Stockholm, när vi helt spontant bestämde oss för att försöka ta oss in i Katarinabergets bunker. Vi trodde helt ärligt inte att det skulle gå  det är ju en fullt aktiv anläggning mitt i stan, med massor av kameror och..."
      }
    },
    {
      "type": "Feature",
      "geometry": {
        "type": "Point",
        "coordinates": [
          19.3447445,
          65.8200331
        ]
      },
      "properties": {
        "id": "9cb54b089eb8",
        "entity": "Tja",
        "query": "Tja, Sweden",
        "display_name": "Tjappsåive, BD 640, Tjappsåive, Arvidsjaurs kommun, Norrbottens län, Sverige",
        "osm_type": "node",
        "osm_id": 2226083236,
        "geocode_confidence": 5.80415045395135e-05,
        "evidence": [
          {
            "source": "https://www.flashback.org/t3725204",
            "thread_url": "https://www.flashback.org/t3725204",
            "post_id": "post94691018",
            "username": "Duvermongo",
            "time_raw": "2026-04-05, 17:00 # 1",
            "confidence": 0.56,
            "comment": "Tja! Jag och en polare tänker göra en roadtrip till öst tyskland för att hitta coola ställen att utforska samt fotografera! Har någon tips på något coolt ställe nere i öst tyskland? Öst europa skulle funka med! Helst fabriker eller bunkrar."
          }
        ],
        "source": "https://www.flashback.org/t3725204",
        "thread_url": "https://www.flashback.org/t3725204",
        "post_id": "post94691018",
        "username": "Duvermongo",
        "time_raw": "2026-04-05, 17:00 # 1",
        "confidence": 0.56,
        "comment": "Tja! Jag och en polare tänker göra en roadtrip till öst tyskland för att hitta coola ställen att utforska samt fotografera! Har någon tips på något coolt ställe nere i öst tyskland? Öst europa skulle funka med! Helst fabriker eller bunkrar."
      }
    },
    {
      "type": "Feature",
      "geometry": {
        "type": "Point",
        "coordinates": [
          18.0706402,
          59.3465554
        ]
      },
      "properties": {
        "id": "320d9589f5a2",
        "entity": "Öst",
        "query": "Öst, Sweden",
        "display_name": "Stockholms östra, Valhallavägen, Ruddammen, Norra Djurgården, Norra innerstadens stadsdelsområde, Stockholm, Stockholms kommun, Stockholms län, 100 41, Sverige",
        "osm_type": "node",
        "osm_id": 31493940,
        "geocode_confidence": 0.324096928576472,
        "evidence": [
          {
            "source": "https://www.flashback.org/t3725204",
            "thread_url": "https://www.flashback.org/t3725204",
            "post_id": "post94691018",
            "username": "Duvermongo",
            "time_raw": "2026-04-05, 17:00 # 1",
            "confidence": 0.56,
            "comment": "Tja! Jag och en polare tänker göra en roadtrip till öst tyskland för att hitta coola ställen att utforska samt fotografera! Har någon tips på något coolt ställe nere i öst tyskland? Öst europa skulle funka med! Helst fabriker eller bunkrar."
          }
        ],
        "source": "https://www.flashback.org/t3725204",
        "thread_url": "https://www.flashback.org/t3725204",
        "post_id": "post94691018",
        "username": "Duvermongo",
        "time_raw": "2026-04-05, 17:00 # 1",
        "confidence": 0.56,
        "comment": "Tja! Jag och en polare tänker göra en roadtrip till öst tyskland för att hitta coola ställen att utforska samt fotografera! Har någon tips på något coolt ställe nere i öst tyskland? Öst europa skulle funka med! Helst fabriker eller bunkrar."
      }
    },
    {
      "type": "Feature",
      "geometry": {
        "type": "Point",
        "coordinates": [
          13.2484175,
          58.873764
        ]
      },
      "properties": {
        "id": "7debd1a7c754",
        "entity": "Tyskland",
        "query": "Tyskland, Sweden",
        "display_name": "Tyskland, Säffle kommun, Värmlands län, Sverige",
        "osm_type": "way",
        "osm_id": 124324720,
        "geocode_confidence": 0.13338795071335927,
        "evidence": [
          {
            "source": "https://www.flashback.org/t3725204",
            "thread_url": "https://www.flashback.org/t3725204",
            "post_id": "post94691513",
            "username": "Batagare",
            "time_raw": "2026-04-05, 18:02 # 2",
            "confidence": 0.64,
            "comment": "Ferropolis, \"staden av järn\" är ett utomhusmuseum bestående av gamla stora industriella maskiner i Gräfenhainichen, en stad nära Dessau, Tyskland. Parken öppnades 1995 men maskinerna härstammar från mitten av nittonhundratalet. Maskinerna är riktigt stora, de kan mäta upp till 30 meter på höjden, 120 meter på längden och väga upp till 1980 ton. https://www.ferropolis.de/de/cms/_redaktionell/#"
          },
          {
            "source": "https://www.flashback.org/t3725204p2",
            "thread_url": "https://www.flashback.org/t3725204",
            "post_id": "post94695162",
            "username": "Batagare",
            "time_raw": "2026-04-06, 08:28 # 16",
            "confidence": 0.48,
            "comment": "Är du intresserad av bunkrar, är Valentins ubåtsbunker i Bremen Farge ett måste. Den var den största ubåtsanläggningen i Tyskland, endast överträffad av anläggningarnai Frankrike. Bunkern är cirka 426 meter lång och 97 meter bred på sin bredaste punkt; väggarna är 4,5 meter tjocka. Byggnadens höjd är mellan 22,5 och 27 meter. Taket byggdes med hjälp av dussintals stora armerade betongbågar, tillverkade på plats och individuellt lyfta på plats...."
          }
        ],
        "source": "https://www.flashback.org/t3725204p2",
        "thread_url": "https://www.flashback.org/t3725204",
        "post_id": "post94695162",
        "username": "Batagare",
        "time_raw": "2026-04-06, 08:28 # 16",
        "confidence": 0.48,
        "comment": "Är du intresserad av bunkrar, är Valentins ubåtsbunker i Bremen Farge ett måste. Den var den största ubåtsanläggningen i Tyskland, endast överträffad av anläggningarnai Frankrike. Bunkern är cirka 426 meter lång och 97 meter bred på sin bredaste punkt; väggarna är 4,5 meter tjocka. Byggnadens höjd är mellan 22,5 och 27 meter. Taket byggdes med hjälp av dussintals stora armerade betongbågar, tillverkade på plats och individuellt lyfta på plats...."
      }
    },
    {
      "type": "Feature",
      "geometry": {
        "type": "Point",
        "coordinates": [
          13.3781929,
          56.5124346
        ]
      },
      "properties": {
        "id": "884e63d2c099",
        "entity": "Parken",
        "query": "Parken, Sweden",
        "display_name": "Parken, Laholms kommun, Hallands län, 312 51, Sverige",
        "osm_type": "node",
        "osm_id": 7450451278,
        "geocode_confidence": 0.13338747310597387,
        "evidence": [
          {
            "source": "https://www.flashback.org/t3725204",
            "thread_url": "https://www.flashback.org/t3725204",
            "post_id": "post94691513",
            "username": "Batagare",
            "time_raw": "2026-04-05, 18:02 # 2",
            "confidence": 0.64,
            "comment": "Ferropolis, \"staden av järn\" är ett utomhusmuseum bestående av gamla stora industriella maskiner i Gräfenhainichen, en stad nära Dessau, Tyskland. Parken öppnades 1995 men maskinerna härstammar från mitten av nittonhundratalet. Maskinerna är riktigt stora, de kan mäta upp till 30 meter på höjden, 120 meter på längden och väga upp till 1980 ton. https://www.ferropolis.de/de/cms/_redaktionell/#"
          }
        ],
        "source": "https://www.flashback.org/t3725204",
        "thread_url": "https://www.flashback.org/t3725204",
        "post_id": "post94691513",
        "username": "Batagare",
        "time_raw": "2026-04-05, 18:02 # 2",
        "confidence": 0.64,
        "comment": "Ferropolis, \"staden av järn\" är ett utomhusmuseum bestående av gamla stora industriella maskiner i Gräfenhainichen, en stad nära Dessau, Tyskland. Parken öppnades 1995 men maskinerna härstammar från mitten av nittonhundratalet. Maskinerna är riktigt stora, de kan mäta upp till 30 meter på höjden, 120 meter på längden och väga upp till 1980 ton. https://www.ferropolis.de/de/cms/_redaktionell/#"
      }
    },
    {
      "type": "Feature",
      "geometry": {
        "type": "Point",
        "coordinates": [
          12.2826444,
          57.8603354
        ]
      },
      "properties": {
        "id": "be5d3db0ee40",
        "entity": "Dynamit-",
        "query": "Dynamit-, Sweden",
        "display_name": "Austin Sverige AB, Norra Aggetorp, Stora Lundby distrikt, Lerums kommun, Västra Götalands län, Sverige",
        "osm_type": "way",
        "osm_id": 1134034758,
        "geocode_confidence": 0.08005680704966808,
        "evidence": [
          {
            "source": "https://www.flashback.org/t3725204",
            "thread_url": "https://www.flashback.org/t3725204",
            "post_id": "post94692203",
            "username": "Batagare",
            "time_raw": "2026-04-05, 19:22 # 5",
            "confidence": 1.0,
            "comment": "Ammunitionsfabriken DAG Bromberg (nuvarande Bydgoszcz i Polen). DAG Bromberg byggdes mellan 1939 och 1945 som en del av tre tyska vapenfabriker som tillhör Dynamit-AG. Företaget grundades under 1900-talet av Alfred Nobel, den berömda svenska kemisten som uppfann dynamiten och etablerade Nobelpriset. Nobels fabrik tillverkade nitroglycerin och rökfritt pulver som sedan användes vid produktion av ammunition. Ett museum är nu etablerat i NGL-Betr..."
          }
        ],
        "source": "https://www.flashback.org/t3725204",
        "thread_url": "https://www.flashback.org/t3725204",
        "post_id": "post94692203",
        "username": "Batagare",
        "time_raw": "2026-04-05, 19:22 # 5",
        "confidence": 1.0,
        "comment": "Ammunitionsfabriken DAG Bromberg (nuvarande Bydgoszcz i Polen). DAG Bromberg byggdes mellan 1939 och 1945 som en del av tre tyska vapenfabriker som tillhör Dynamit-AG. Företaget grundades under 1900-talet av Alfred Nobel, den berömda svenska kemisten som uppfann dynamiten och etablerade Nobelpriset. Nobels fabrik tillverkade nitroglycerin och rökfritt pulver som sedan användes vid produktion av ammunition. Ett museum är nu etablerat i NGL-Betr..."
      }
    },
    {
      "type": "Feature",
      "geometry": {
        "type": "Point",
        "coordinates": [
          13.1586918,
          55.7146435
        ]
      },
      "properties": {
        "id": "f9d020697ca4",
        "entity": "Företaget",
        "query": "Företaget, Sweden",
        "display_name": "Företaget, Pilsåker, Väster, Lund, Lunds kommun, Skåne län, 227 61, Sverige",
        "osm_type": "way",
        "osm_id": 121821819,
        "geocode_confidence": 0.06673526588845655,
        "evidence": [
          {
            "source": "https://www.flashback.org/t3725204",
            "thread_url": "https://www.flashback.org/t3725204",
            "post_id": "post94692203",
            "username": "Batagare",
            "time_raw": "2026-04-05, 19:22 # 5",
            "confidence": 1.0,
            "comment": "Ammunitionsfabriken DAG Bromberg (nuvarande Bydgoszcz i Polen). DAG Bromberg byggdes mellan 1939 och 1945 som en del av tre tyska vapenfabriker som tillhör Dynamit-AG. Företaget grundades under 1900-talet av Alfred Nobel, den berömda svenska kemisten som uppfann dynamiten och etablerade Nobelpriset. Nobels fabrik tillverkade nitroglycerin och rökfritt pulver som sedan användes vid produktion av ammunition. Ett museum är nu etablerat i NGL-Betr..."
          }
        ],
        "source": "https://www.flashback.org/t3725204",
        "thread_url": "https://www.flashback.org/t3725204",
        "post_id": "post94692203",
        "username": "Batagare",
        "time_raw": "2026-04-05, 19:22 # 5",
        "confidence": 1.0,
        "comment": "Ammunitionsfabriken DAG Bromberg (nuvarande Bydgoszcz i Polen). DAG Bromberg byggdes mellan 1939 och 1945 som en del av tre tyska vapenfabriker som tillhör Dynamit-AG. Företaget grundades under 1900-talet av Alfred Nobel, den berömda svenska kemisten som uppfann dynamiten och etablerade Nobelpriset. Nobels fabrik tillverkade nitroglycerin och rökfritt pulver som sedan användes vid produktion av ammunition. Ett museum är nu etablerat i NGL-Betr..."
      }
    },
    {
      "type": "Feature",
      "geometry": {
        "type": "Point",
        "coordinates": [
          18.1003242,
          59.3323919
        ]
      },
      "properties": {
        "id": "cf34a2276028",
        "entity": "Alfred Nobel",
        "query": "Alfred Nobel, Sweden",
        "display_name": "Alfred Nobel, Nobelgatan, Östermalm, Norra innerstadens stadsdelsområde, Stockholm, Stockholms kommun, Stockholms län, 115 27, Sverige",
        "osm_type": "node",
        "osm_id": 9348752416,
        "geocode_confidence": 8.40184634164495e-05,
        "evidence": [
          {
            "source": "https://www.flashback.org/t3725204",
            "thread_url": "https://www.flashback.org/t3725204",
            "post_id": "post94692203",
            "username": "Batagare",
            "time_raw": "2026-04-05, 19:22 # 5",
            "confidence": 1.0,
            "comment": "Ammunitionsfabriken DAG Bromberg (nuvarande Bydgoszcz i Polen). DAG Bromberg byggdes mellan 1939 och 1945 som en del av tre tyska vapenfabriker som tillhör Dynamit-AG. Företaget grundades under 1900-talet av Alfred Nobel, den berömda svenska kemisten som uppfann dynamiten och etablerade Nobelpriset. Nobels fabrik tillverkade nitroglycerin och rökfritt pulver som sedan användes vid produktion av ammunition. Ett museum är nu etablerat i NGL-Betr..."
          }
        ],
        "source": "https://www.flashback.org/t3725204",
        "thread_url": "https://www.flashback.org/t3725204",
        "post_id": "post94692203",
        "username": "Batagare",
        "time_raw": "2026-04-05, 19:22 # 5",
        "confidence": 1.0,
        "comment": "Ammunitionsfabriken DAG Bromberg (nuvarande Bydgoszcz i Polen). DAG Bromberg byggdes mellan 1939 och 1945 som en del av tre tyska vapenfabriker som tillhör Dynamit-AG. Företaget grundades under 1900-talet av Alfred Nobel, den berömda svenska kemisten som uppfann dynamiten och etablerade Nobelpriset. Nobels fabrik tillverkade nitroglycerin och rökfritt pulver som sedan användes vid produktion av ammunition. Ett museum är nu etablerat i NGL-Betr..."
      }
    },
    {
      "type": "Feature",
      "geometry": {
        "type": "Point",
        "coordinates": [
          14.5237995,
          59.3266137
        ]
      },
      "properties": {
        "id": "22a9c8692c37",
        "entity": "Nobels",
        "query": "Nobels, Sweden",
        "display_name": "Alfred Nobels torg, Karls-Åby, Karlskoga, Karlskoga kommun, Örebro län, Sverige",
        "osm_type": "way",
        "osm_id": 623030633,
        "geocode_confidence": 0.06672228656443122,
        "evidence": [
          {
            "source": "https://www.flashback.org/t3725204",
            "thread_url": "https://www.flashback.org/t3725204",
            "post_id": "post94692203",
            "username": "Batagare",
            "time_raw": "2026-04-05, 19:22 # 5",
            "confidence": 1.0,
            "comment": "Ammunitionsfabriken DAG Bromberg (nuvarande Bydgoszcz i Polen). DAG Bromberg byggdes mellan 1939 och 1945 som en del av tre tyska vapenfabriker som tillhör Dynamit-AG. Företaget grundades under 1900-talet av Alfred Nobel, den berömda svenska kemisten som uppfann dynamiten och etablerade Nobelpriset. Nobels fabrik tillverkade nitroglycerin och rökfritt pulver som sedan användes vid produktion av ammunition. Ett museum är nu etablerat i NGL-Betr..."
          }
        ],
        "source": "https://www.flashback.org/t3725204",
        "thread_url": "https://www.flashback.org/t3725204",
        "post_id": "post94692203",
        "username": "Batagare",
        "time_raw": "2026-04-05, 19:22 # 5",
        "confidence": 1.0,
        "comment": "Ammunitionsfabriken DAG Bromberg (nuvarande Bydgoszcz i Polen). DAG Bromberg byggdes mellan 1939 och 1945 som en del av tre tyska vapenfabriker som tillhör Dynamit-AG. Företaget grundades under 1900-talet av Alfred Nobel, den berömda svenska kemisten som uppfann dynamiten och etablerade Nobelpriset. Nobels fabrik tillverkade nitroglycerin och rökfritt pulver som sedan användes vid produktion av ammunition. Ett museum är nu etablerat i NGL-Betr..."
      }
    },
    {
      "type": "Feature",
      "geometry": {
        "type": "Point",
        "coordinates": [
          18.0730097,
          59.3254265
        ]
      },
      "properties": {
        "id": "d1c5cc45c800",
        "entity": "Europa",
        "query": "Europa, Sweden",
        "display_name": "Europa, Gamla stan, Södermalms stadsdelsområde, Stockholm, Stockholms kommun, Stockholms län, 111 31, Sverige",
        "osm_type": "node",
        "osm_id": 2408833759,
        "geocode_confidence": 0.06675068513008316,
        "evidence": [
          {
            "source": "https://www.flashback.org/t3725204",
            "thread_url": "https://www.flashback.org/t3725204",
            "post_id": "post94692203",
            "username": "Batagare",
            "time_raw": "2026-04-05, 19:22 # 5",
            "confidence": 1.0,
            "comment": "Ammunitionsfabriken DAG Bromberg (nuvarande Bydgoszcz i Polen). DAG Bromberg byggdes mellan 1939 och 1945 som en del av tre tyska vapenfabriker som tillhör Dynamit-AG. Företaget grundades under 1900-talet av Alfred Nobel, den berömda svenska kemisten som uppfann dynamiten och etablerade Nobelpriset. Nobels fabrik tillverkade nitroglycerin och rökfritt pulver som sedan användes vid produktion av ammunition. Ett museum är nu etablerat i NGL-Betr..."
          }
        ],
        "source": "https://www.flashback.org/t3725204",
        "thread_url": "https://www.flashback.org/t3725204",
        "post_id": "post94692203",
        "username": "Batagare",
        "time_raw": "2026-04-05, 19:22 # 5",
        "confidence": 1.0,
        "comment": "Ammunitionsfabriken DAG Bromberg (nuvarande Bydgoszcz i Polen). DAG Bromberg byggdes mellan 1939 och 1945 som en del av tre tyska vapenfabriker som tillhör Dynamit-AG. Företaget grundades under 1900-talet av Alfred Nobel, den berömda svenska kemisten som uppfann dynamiten och etablerade Nobelpriset. Nobels fabrik tillverkade nitroglycerin och rökfritt pulver som sedan användes vid produktion av ammunition. Ett museum är nu etablerat i NGL-Betr..."
      }
    },
    {
      "type": "Feature",
      "geometry": {
        "type": "Point",
        "coordinates": [
          12.0085778,
          57.9083333
        ]
      },
      "properties": {
        "id": "90af158f6dd4",
        "entity": "Rostock",
        "query": "Rostock, Sweden",
        "display_name": "Rostock, Diseröd, Kungälvs kommun, Västra Götalands län, 442 49, Sverige",
        "osm_type": "node",
        "osm_id": 4466764891,
        "geocode_confidence": 0.1333902197299153,
        "evidence": [
          {
            "source": "https://www.flashback.org/t3725204",
            "thread_url": "https://www.flashback.org/t3725204",
            "post_id": "post94693873",
            "username": "Batagare",
            "time_raw": "2026-04-05, 23:00 # 11",
            "confidence": 0.64,
            "comment": "Citat: Ursprungligen postat av CuteTwink-I-was Finns ju även testområdet för v6 raketerna uppe vid Rostock, även finna stränder och rätt trevligt att stanna några dagar. Det finns betydande raket- och testområden längs kusten norr om Rostock, men det är främst Peenemünde på ön Usedom som är det mest kända historiska testområdet för de så kallade \"Vedergällningsvapnen\" (V-vapen). Museum: Idag finns det Historisch-Technisches Museum Peenemünde i..."
          },
          {
            "source": "https://www.flashback.org/t3725204p2",
            "thread_url": "https://www.flashback.org/t3725204",
            "post_id": "post94694422",
            "username": "Duvermongo",
            "time_raw": "2026-04-06, 00:41 # 13",
            "confidence": 0.76,
            "comment": "Citat: Ursprungligen postat av Batagare Det finns betydande raket- och testområden längs kusten norr om Rostock, men det är främst Peenemünde på ön Usedom som är det mest kända historiska testområdet för de så kallade \"Vedergällningsvapnen\" (V-vapen). Museum: Idag finns det Historisch-Technisches Museum Peenemünde i det gamla kraftverket, där man kan se replikor av raketerna och lära sig om anläggningens mörka historia och tvångsarbete. Är det..."
          }
        ],
        "source": "https://www.flashback.org/t3725204p2",
        "thread_url": "https://www.flashback.org/t3725204",
        "post_id": "post94694422",
        "username": "Duvermongo",
        "time_raw": "2026-04-06, 00:41 # 13",
        "confidence": 0.76,
        "comment": "Citat: Ursprungligen postat av Batagare Det finns betydande raket- och testområden längs kusten norr om Rostock, men det är främst Peenemünde på ön Usedom som är det mest kända historiska testområdet för de så kallade \"Vedergällningsvapnen\" (V-vapen). Museum: Idag finns det Historisch-Technisches Museum Peenemünde i det gamla kraftverket, där man kan se replikor av raketerna och lära sig om anläggningens mörka historia och tvångsarbete. Är det..."
      }
    },
    {
      "type": "Feature",
      "geometry": {
        "type": "Point",
        "coordinates": [
          14.9200368,
          58.8922187
        ]
      },
      "properties": {
        "id": "6211d05c4c4b",
        "entity": "V-vapen",
        "query": "V-vapen, Sweden",
        "display_name": "Vapenvägen, Lustenrust, Askersund, Askersunds kommun, Örebro län, 696 33, Sverige",
        "osm_type": "way",
        "osm_id": 188365150,
        "geocode_confidence": 0.05338834592202636,
        "evidence": [
          {
            "source": "https://www.flashback.org/t3725204",
            "thread_url": "https://www.flashback.org/t3725204",
            "post_id": "post94693873",
            "username": "Batagare",
            "time_raw": "2026-04-05, 23:00 # 11",
            "confidence": 0.64,
            "comment": "Citat: Ursprungligen postat av CuteTwink-I-was Finns ju även testområdet för v6 raketerna uppe vid Rostock, även finna stränder och rätt trevligt att stanna några dagar. Det finns betydande raket- och testområden längs kusten norr om Rostock, men det är främst Peenemünde på ön Usedom som är det mest kända historiska testområdet för de så kallade \"Vedergällningsvapnen\" (V-vapen). Museum: Idag finns det Historisch-Technisches Museum Peenemünde i..."
          },
          {
            "source": "https://www.flashback.org/t3725204p2",
            "thread_url": "https://www.flashback.org/t3725204",
            "post_id": "post94694422",
            "username": "Duvermongo",
            "time_raw": "2026-04-06, 00:41 # 13",
            "confidence": 0.76,
            "comment": "Citat: Ursprungligen postat av Batagare Det finns betydande raket- och testområden längs kusten norr om Rostock, men det är främst Peenemünde på ön Usedom som är det mest kända historiska testområdet för de så kallade \"Vedergällningsvapnen\" (V-vapen). Museum: Idag finns det Historisch-Technisches Museum Peenemünde i det gamla kraftverket, där man kan se replikor av raketerna och lära sig om anläggningens mörka historia och tvångsarbete. Är det..."
          }
        ],
        "source": "https://www.flashback.org/t3725204p2",
        "thread_url": "https://www.flashback.org/t3725204",
        "post_id": "post94694422",
        "username": "Duvermongo",
        "time_raw": "2026-04-06, 00:41 # 13",
        "confidence": 0.76,
        "comment": "Citat: Ursprungligen postat av Batagare Det finns betydande raket- och testområden längs kusten norr om Rostock, men det är främst Peenemünde på ön Usedom som är det mest kända historiska testområdet för de så kallade \"Vedergällningsvapnen\" (V-vapen). Museum: Idag finns det Historisch-Technisches Museum Peenemünde i det gamla kraftverket, där man kan se replikor av raketerna och lära sig om anläggningens mörka historia och tvångsarbete. Är det..."
      }
    },
    {
      "type": "Feature",
      "geometry": {
        "type": "Point",
        "coordinates": [
          -77.936377,
          43.2144202
        ]
      },
      "properties": {
        "id": "cfb6308e4601",
        "entity": "Museum",
        "query": "Museum, Sweden",
        "display_name": "Emily L. Knapp Museum, 49, State Street, Village of Brockport, Town of Sweden, Monroe County, New York, 14420, United States",
        "osm_type": "node",
        "osm_id": 8822532754,
        "geocode_confidence": 5.1695277332677465e-05,
        "evidence": [
          {
            "source": "https://www.flashback.org/t3725204",
            "thread_url": "https://www.flashback.org/t3725204",
            "post_id": "post94693873",
            "username": "Batagare",
            "time_raw": "2026-04-05, 23:00 # 11",
            "confidence": 0.64,
            "comment": "Citat: Ursprungligen postat av CuteTwink-I-was Finns ju även testområdet för v6 raketerna uppe vid Rostock, även finna stränder och rätt trevligt att stanna några dagar. Det finns betydande raket- och testområden längs kusten norr om Rostock, men det är främst Peenemünde på ön Usedom som är det mest kända historiska testområdet för de så kallade \"Vedergällningsvapnen\" (V-vapen). Museum: Idag finns det Historisch-Technisches Museum Peenemünde i..."
          },
          {
            "source": "https://www.flashback.org/t3725204p2",
            "thread_url": "https://www.flashback.org/t3725204",
            "post_id": "post94694422",
            "username": "Duvermongo",
            "time_raw": "2026-04-06, 00:41 # 13",
            "confidence": 0.76,
            "comment": "Citat: Ursprungligen postat av Batagare Det finns betydande raket- och testområden längs kusten norr om Rostock, men det är främst Peenemünde på ön Usedom som är det mest kända historiska testområdet för de så kallade \"Vedergällningsvapnen\" (V-vapen). Museum: Idag finns det Historisch-Technisches Museum Peenemünde i det gamla kraftverket, där man kan se replikor av raketerna och lära sig om anläggningens mörka historia och tvångsarbete. Är det..."
          }
        ],
        "source": "https://www.flashback.org/t3725204p2",
        "thread_url": "https://www.flashback.org/t3725204",
        "post_id": "post94694422",
        "username": "Duvermongo",
        "time_raw": "2026-04-06, 00:41 # 13",
        "confidence": 0.76,
        "comment": "Citat: Ursprungligen postat av Batagare Det finns betydande raket- och testområden längs kusten norr om Rostock, men det är främst Peenemünde på ön Usedom som är det mest kända historiska testområdet för de så kallade \"Vedergällningsvapnen\" (V-vapen). Museum: Idag finns det Historisch-Technisches Museum Peenemünde i det gamla kraftverket, där man kan se replikor av raketerna och lära sig om anläggningens mörka historia och tvångsarbete. Är det..."
      }
    },
    {
      "type": "Feature",
      "geometry": {
        "type": "Point",
        "coordinates": [
          15.120059,
          60.39474
        ]
      },
      "properties": {
        "id": "e6a16bc5cc9c",
        "entity": "Idag",
        "query": "Idag, Sweden",
        "display_name": "Vad saknas i södra Norrlands skogar idag?, Pensionärsleden, Borlänge kommun, Dalarnas län, Sverige",
        "osm_type": "node",
        "osm_id": 2239020516,
        "geocode_confidence": 5.4957656214191156e-05,
        "evidence": [
          {
            "source": "https://www.flashback.org/t3725204",
            "thread_url": "https://www.flashback.org/t3725204",
            "post_id": "post94693873",
            "username": "Batagare",
            "time_raw": "2026-04-05, 23:00 # 11",
            "confidence": 0.64,
            "comment": "Citat: Ursprungligen postat av CuteTwink-I-was Finns ju även testområdet för v6 raketerna uppe vid Rostock, även finna stränder och rätt trevligt att stanna några dagar. Det finns betydande raket- och testområden längs kusten norr om Rostock, men det är främst Peenemünde på ön Usedom som är det mest kända historiska testområdet för de så kallade \"Vedergällningsvapnen\" (V-vapen). Museum: Idag finns det Historisch-Technisches Museum Peenemünde i..."
          },
          {
            "source": "https://www.flashback.org/t3725204p2",
            "thread_url": "https://www.flashback.org/t3725204",
            "post_id": "post94694422",
            "username": "Duvermongo",
            "time_raw": "2026-04-06, 00:41 # 13",
            "confidence": 0.76,
            "comment": "Citat: Ursprungligen postat av Batagare Det finns betydande raket- och testområden längs kusten norr om Rostock, men det är främst Peenemünde på ön Usedom som är det mest kända historiska testområdet för de så kallade \"Vedergällningsvapnen\" (V-vapen). Museum: Idag finns det Historisch-Technisches Museum Peenemünde i det gamla kraftverket, där man kan se replikor av raketerna och lära sig om anläggningens mörka historia och tvångsarbete. Är det..."
          }
        ],
        "source": "https://www.flashback.org/t3725204p2",
        "thread_url": "https://www.flashback.org/t3725204",
        "post_id": "post94694422",
        "username": "Duvermongo",
        "time_raw": "2026-04-06, 00:41 # 13",
        "confidence": 0.76,
        "comment": "Citat: Ursprungligen postat av Batagare Det finns betydande raket- och testområden längs kusten norr om Rostock, men det är främst Peenemünde på ön Usedom som är det mest kända historiska testområdet för de så kallade \"Vedergällningsvapnen\" (V-vapen). Museum: Idag finns det Historisch-Technisches Museum Peenemünde i det gamla kraftverket, där man kan se replikor av raketerna och lära sig om anläggningens mörka historia och tvångsarbete. Är det..."
      }
    },
    {
      "type": "Feature",
      "geometry": {
        "type": "Point",
        "coordinates": [
          17.8097767,
          59.8787303
        ]
      },
      "properties": {
        "id": "d7ed8d50dca6",
        "entity": "Frankrike",
        "query": "Frankrike, Sweden",
        "display_name": "Frankrike, Halmby, Uppsala, Uppsala kommun, Uppsala län, 741 52, Sverige",
        "osm_type": "node",
        "osm_id": 5232722401,
        "geocode_confidence": 0.10672473105973905,
        "evidence": [
          {
            "source": "https://www.flashback.org/t3725204p2",
            "thread_url": "https://www.flashback.org/t3725204",
            "post_id": "post94695162",
            "username": "Batagare",
            "time_raw": "2026-04-06, 08:28 # 16",
            "confidence": 0.48,
            "comment": "Är du intresserad av bunkrar, är Valentins ubåtsbunker i Bremen Farge ett måste. Den var den största ubåtsanläggningen i Tyskland, endast överträffad av anläggningarnai Frankrike. Bunkern är cirka 426 meter lång och 97 meter bred på sin bredaste punkt; väggarna är 4,5 meter tjocka. Byggnadens höjd är mellan 22,5 och 27 meter. Taket byggdes med hjälp av dussintals stora armerade betongbågar, tillverkade på plats och individuellt lyfta på plats...."
          }
        ],
        "source": "https://www.flashback.org/t3725204p2",
        "thread_url": "https://www.flashback.org/t3725204",
        "post_id": "post94695162",
        "username": "Batagare",
        "time_raw": "2026-04-06, 08:28 # 16",
        "confidence": 0.48,
        "comment": "Är du intresserad av bunkrar, är Valentins ubåtsbunker i Bremen Farge ett måste. Den var den största ubåtsanläggningen i Tyskland, endast överträffad av anläggningarnai Frankrike. Bunkern är cirka 426 meter lång och 97 meter bred på sin bredaste punkt; väggarna är 4,5 meter tjocka. Byggnadens höjd är mellan 22,5 och 27 meter. Taket byggdes med hjälp av dussintals stora armerade betongbågar, tillverkade på plats och individuellt lyfta på plats...."
      }
    },
    {
      "type": "Feature",
      "geometry": {
        "type": "Point",
        "coordinates": [
          16.1042671,
          58.6816864
        ]
      },
      "properties": {
        "id": "79728482494c",
        "entity": "Taket",
        "query": "Taket, Sweden",
        "display_name": "Stora taket, Kvillinge församling, Norrköping, Norrköpings kommun, Östergötlands län, 605 99, Sverige",
        "osm_type": "node",
        "osm_id": 9285953653,
        "geocode_confidence": 0.10672405050736246,
        "evidence": [
          {
            "source": "https://www.flashback.org/t3725204p2",
            "thread_url": "https://www.flashback.org/t3725204",
            "post_id": "post94695162",
            "username": "Batagare",
            "time_raw": "2026-04-06, 08:28 # 16",
            "confidence": 0.48,
            "comment": "Är du intresserad av bunkrar, är Valentins ubåtsbunker i Bremen Farge ett måste. Den var den största ubåtsanläggningen i Tyskland, endast överträffad av anläggningarnai Frankrike. Bunkern är cirka 426 meter lång och 97 meter bred på sin bredaste punkt; väggarna är 4,5 meter tjocka. Byggnadens höjd är mellan 22,5 och 27 meter. Taket byggdes med hjälp av dussintals stora armerade betongbågar, tillverkade på plats och individuellt lyfta på plats...."
          }
        ],
        "source": "https://www.flashback.org/t3725204p2",
        "thread_url": "https://www.flashback.org/t3725204",
        "post_id": "post94695162",
        "username": "Batagare",
        "time_raw": "2026-04-06, 08:28 # 16",
        "confidence": 0.48,
        "comment": "Är du intresserad av bunkrar, är Valentins ubåtsbunker i Bremen Farge ett måste. Den var den största ubåtsanläggningen i Tyskland, endast överträffad av anläggningarnai Frankrike. Bunkern är cirka 426 meter lång och 97 meter bred på sin bredaste punkt; väggarna är 4,5 meter tjocka. Byggnadens höjd är mellan 22,5 och 27 meter. Taket byggdes med hjälp av dussintals stora armerade betongbågar, tillverkade på plats och individuellt lyfta på plats...."
      }
    },
    {
      "type": "Feature",
      "geometry": {
        "type": "Point",
        "coordinates": [
          15.8378909,
          61.3757116
        ]
      },
      "properties": {
        "id": "033e275f2cc7",
        "entity": "Största",
        "query": "Största, Sweden",
        "display_name": "Världens största pinnstol, Karlsvägen, Edsbyn, Ovanåkers kommun, Gävleborgs län, 828 34, Sverige",
        "osm_type": "node",
        "osm_id": 5568883485,
        "geocode_confidence": 5.49454489966738e-05,
        "evidence": [
          {
            "source": "https://www.flashback.org/t3725204p2",
            "thread_url": "https://www.flashback.org/t3725204",
            "post_id": "post94695162",
            "username": "Batagare",
            "time_raw": "2026-04-06, 08:28 # 16",
            "confidence": 0.48,
            "comment": "Är du intresserad av bunkrar, är Valentins ubåtsbunker i Bremen Farge ett måste. Den var den största ubåtsanläggningen i Tyskland, endast överträffad av anläggningarnai Frankrike. Bunkern är cirka 426 meter lång och 97 meter bred på sin bredaste punkt; väggarna är 4,5 meter tjocka. Byggnadens höjd är mellan 22,5 och 27 meter. Taket byggdes med hjälp av dussintals stora armerade betongbågar, tillverkade på plats och individuellt lyfta på plats...."
          }
        ],
        "source": "https://www.flashback.org/t3725204p2",
        "thread_url": "https://www.flashback.org/t3725204",
        "post_id": "post94695162",
        "username": "Batagare",
        "time_raw": "2026-04-06, 08:28 # 16",
        "confidence": 0.48,
        "comment": "Är du intresserad av bunkrar, är Valentins ubåtsbunker i Bremen Farge ett måste. Den var den största ubåtsanläggningen i Tyskland, endast överträffad av anläggningarnai Frankrike. Bunkern är cirka 426 meter lång och 97 meter bred på sin bredaste punkt; väggarna är 4,5 meter tjocka. Byggnadens höjd är mellan 22,5 och 27 meter. Taket byggdes med hjälp av dussintals stora armerade betongbågar, tillverkade på plats och individuellt lyfta på plats...."
      }
    },
    {
      "type": "Feature",
      "geometry": {
        "type": "Point",
        "coordinates": [
          18.1013511,
          59.3497333
        ]
      },
      "properties": {
        "id": "6887f350c001",
        "entity": "Bremen",
        "query": "Bremen, Sweden",
        "display_name": "Bremen, Gärdeshöjden, Ladugårdsgärdet, Norra innerstadens stadsdelsområde, Stockholm, Stockholms kommun, Stockholms län, 115 40, Sverige",
        "osm_type": "node",
        "osm_id": 3388818762,
        "geocode_confidence": 0.06675068513008316,
        "evidence": [
          {
            "source": "https://www.flashback.org/t3725204p2",
            "thread_url": "https://www.flashback.org/t3725204",
            "post_id": "post94695162",
            "username": "Batagare",
            "time_raw": "2026-04-06, 08:28 # 16",
            "confidence": 0.48,
            "comment": "Är du intresserad av bunkrar, är Valentins ubåtsbunker i Bremen Farge ett måste. Den var den största ubåtsanläggningen i Tyskland, endast överträffad av anläggningarnai Frankrike. Bunkern är cirka 426 meter lång och 97 meter bred på sin bredaste punkt; väggarna är 4,5 meter tjocka. Byggnadens höjd är mellan 22,5 och 27 meter. Taket byggdes med hjälp av dussintals stora armerade betongbågar, tillverkade på plats och individuellt lyfta på plats...."
          }
        ],
        "source": "https://www.flashback.org/t3725204p2",
        "thread_url": "https://www.flashback.org/t3725204",
        "post_id": "post94695162",
        "username": "Batagare",
        "time_raw": "2026-04-06, 08:28 # 16",
        "confidence": 0.48,
        "comment": "Är du intresserad av bunkrar, är Valentins ubåtsbunker i Bremen Farge ett måste. Den var den största ubåtsanläggningen i Tyskland, endast överträffad av anläggningarnai Frankrike. Bunkern är cirka 426 meter lång och 97 meter bred på sin bredaste punkt; väggarna är 4,5 meter tjocka. Byggnadens höjd är mellan 22,5 och 27 meter. Taket byggdes med hjälp av dussintals stora armerade betongbågar, tillverkade på plats och individuellt lyfta på plats...."
      }
    },
    {
      "type": "Feature",
      "geometry": {
        "type": "Point",
        "coordinates": [
          18.9156984,
          59.9196534
        ]
      },
      "properties": {
        "id": "0efd1db0ba21",
        "entity": "Sedan",
        "query": "Sedan, Sweden",
        "display_name": "Barnens Ö Krog (Stängt sedan år 2022), Simpnäsvägen, Granö, Norrtälje kommun, Stockholms län, 760 40, Sverige",
        "osm_type": "way",
        "osm_id": 1208111896,
        "geocode_confidence": 5.809338521396227e-05,
        "evidence": [
          {
            "source": "https://www.flashback.org/t3725204p2",
            "thread_url": "https://www.flashback.org/t3725204",
            "post_id": "post94695162",
            "username": "Batagare",
            "time_raw": "2026-04-06, 08:28 # 16",
            "confidence": 0.48,
            "comment": "Är du intresserad av bunkrar, är Valentins ubåtsbunker i Bremen Farge ett måste. Den var den största ubåtsanläggningen i Tyskland, endast överträffad av anläggningarnai Frankrike. Bunkern är cirka 426 meter lång och 97 meter bred på sin bredaste punkt; väggarna är 4,5 meter tjocka. Byggnadens höjd är mellan 22,5 och 27 meter. Taket byggdes med hjälp av dussintals stora armerade betongbågar, tillverkade på plats och individuellt lyfta på plats...."
          },
          {
            "source": "https://www.flashback.org/t347489",
            "thread_url": "https://www.flashback.org/t347489",
            "post_id": "post4534455",
            "username": "Dur3forS",
            "time_raw": "2006-07-11, 22:41 # 1",
            "confidence": 0.76,
            "comment": "Hej. Fick tips om en militäranläggning på Axgatan i Mölndal. Givetvis var jag tvungen att gå dit. Tyvärr var vi bara 2 stycken, och ingen lampa. Men vi hitta på toppen av berget massa små bunkrar, några större, en radiomast. Under radiomasten gick en tunnel rakt in i berget, den var uppen och man såg därinne en \"Nödutgångs\"-skylt. Vi ville inte gå in där eftersom det var kolsvart. Sedan fortsatte vi neråt för berget, tillslut nådde vi foten av..."
          }
        ],
        "source": "https://www.flashback.org/t347489",
        "thread_url": "https://www.flashback.org/t347489",
        "post_id": "post4534455",
        "username": "Dur3forS",
        "time_raw": "2006-07-11, 22:41 # 1",
        "confidence": 0.76,
        "comment": "Hej. Fick tips om en militäranläggning på Axgatan i Mölndal. Givetvis var jag tvungen att gå dit. Tyvärr var vi bara 2 stycken, och ingen lampa. Men vi hitta på toppen av berget massa små bunkrar, några större, en radiomast. Under radiomasten gick en tunnel rakt in i berget, den var uppen och man såg därinne en \"Nödutgångs\"-skylt. Vi ville inte gå in där eftersom det var kolsvart. Sedan fortsatte vi neråt för berget, tillslut nådde vi foten av..."
      }
    },
    {
      "type": "Feature",
      "geometry": {
        "type": "Point",
        "coordinates": [
          13.0891093,
          55.5799944
        ]
      },
      "properties": {
        "id": "60b6b77fe1a6",
        "entity": "Öster",
        "query": "Öster, Sweden",
        "display_name": "Öster, Oxie, Malmö kommun, Skåne län, Sverige",
        "osm_type": "relation",
        "osm_id": 3049249,
        "geocode_confidence": 0.16007356755931942,
        "evidence": [
          {
            "source": "https://www.flashback.org/t3725204p2",
            "thread_url": "https://www.flashback.org/t3725204",
            "post_id": "post94780238",
            "username": "Lumbago",
            "time_raw": "2026-04-17, 16:27 # 18",
            "confidence": 0.52,
            "comment": "Öster om Berlin finns Fuchsbau. Bunkern byggdes under Nazi-tiden, byggdes ut ordentligt av DDR-regimen under 1970-talet, och användes även några år av den tyska militären efter Tysklands återförenande. Plomberades år 1995 och öppnades åter år 2005. Visningar hålls varje vecka. https://www.bunkermuseum-fuchsbau.de/ https://www.tripadvisor.se/Attraction_Review-g656527-d8527298-Reviews-Bunkeranlage_Fuchsbau_ZGS14-Bad_Saarow_Brandenburg.html"
          }
        ],
        "source": "https://www.flashback.org/t3725204p2",
        "thread_url": "https://www.flashback.org/t3725204",
        "post_id": "post94780238",
        "username": "Lumbago",
        "time_raw": "2026-04-17, 16:27 # 18",
        "confidence": 0.52,
        "comment": "Öster om Berlin finns Fuchsbau. Bunkern byggdes under Nazi-tiden, byggdes ut ordentligt av DDR-regimen under 1970-talet, och användes även några år av den tyska militären efter Tysklands återförenande. Plomberades år 1995 och öppnades åter år 2005. Visningar hålls varje vecka. https://www.bunkermuseum-fuchsbau.de/ https://www.tripadvisor.se/Attraction_Review-g656527-d8527298-Reviews-Bunkeranlage_Fuchsbau_ZGS14-Bad_Saarow_Brandenburg.html"
      }
    },
    {
      "type": "Feature",
      "geometry": {
        "type": "Point",
        "coordinates": [
          17.6185586,
          59.3459014
        ]
      },
      "properties": {
        "id": "a52eff1470d6",
        "entity": "Berlin",
        "query": "Berlin, Sweden",
        "display_name": "Berlin, Ekeby, Ekerö kommun, Stockholms län, 179 97, Sverige",
        "osm_type": "node",
        "osm_id": 7473569243,
        "geocode_confidence": 0.10672342641336688,
        "evidence": [
          {
            "source": "https://www.flashback.org/t3725204p2",
            "thread_url": "https://www.flashback.org/t3725204",
            "post_id": "post94780238",
            "username": "Lumbago",
            "time_raw": "2026-04-17, 16:27 # 18",
            "confidence": 0.52,
            "comment": "Öster om Berlin finns Fuchsbau. Bunkern byggdes under Nazi-tiden, byggdes ut ordentligt av DDR-regimen under 1970-talet, och användes även några år av den tyska militären efter Tysklands återförenande. Plomberades år 1995 och öppnades åter år 2005. Visningar hålls varje vecka. https://www.bunkermuseum-fuchsbau.de/ https://www.tripadvisor.se/Attraction_Review-g656527-d8527298-Reviews-Bunkeranlage_Fuchsbau_ZGS14-Bad_Saarow_Brandenburg.html"
          }
        ],
        "source": "https://www.flashback.org/t3725204p2",
        "thread_url": "https://www.flashback.org/t3725204",
        "post_id": "post94780238",
        "username": "Lumbago",
        "time_raw": "2026-04-17, 16:27 # 18",
        "confidence": 0.52,
        "comment": "Öster om Berlin finns Fuchsbau. Bunkern byggdes under Nazi-tiden, byggdes ut ordentligt av DDR-regimen under 1970-talet, och användes även några år av den tyska militären efter Tysklands återförenande. Plomberades år 1995 och öppnades åter år 2005. Visningar hålls varje vecka. https://www.bunkermuseum-fuchsbau.de/ https://www.tripadvisor.se/Attraction_Review-g656527-d8527298-Reviews-Bunkeranlage_Fuchsbau_ZGS14-Bad_Saarow_Brandenburg.html"
      }
    },
    {
      "type": "Feature",
      "geometry": {
        "type": "Point",
        "coordinates": [
          18.1063627,
          59.334404
        ]
      },
      "properties": {
        "id": "f0c36ac8e30d",
        "entity": "Tysklands",
        "query": "Tysklands, Sweden",
        "display_name": "Tysklands ambassad, Skarpögatan, Östermalm, Norra innerstadens stadsdelsområde, Stockholm, Stockholms kommun, Stockholms län, 115 27, Sverige",
        "osm_type": "node",
        "osm_id": 1239998262,
        "geocode_confidence": 0.3834517876427295,
        "evidence": [
          {
            "source": "https://www.flashback.org/t3725204p2",
            "thread_url": "https://www.flashback.org/t3725204",
            "post_id": "post94780238",
            "username": "Lumbago",
            "time_raw": "2026-04-17, 16:27 # 18",
            "confidence": 0.52,
            "comment": "Öster om Berlin finns Fuchsbau. Bunkern byggdes under Nazi-tiden, byggdes ut ordentligt av DDR-regimen under 1970-talet, och användes även några år av den tyska militären efter Tysklands återförenande. Plomberades år 1995 och öppnades åter år 2005. Visningar hålls varje vecka. https://www.bunkermuseum-fuchsbau.de/ https://www.tripadvisor.se/Attraction_Review-g656527-d8527298-Reviews-Bunkeranlage_Fuchsbau_ZGS14-Bad_Saarow_Brandenburg.html"
          }
        ],
        "source": "https://www.flashback.org/t3725204p2",
        "thread_url": "https://www.flashback.org/t3725204",
        "post_id": "post94780238",
        "username": "Lumbago",
        "time_raw": "2026-04-17, 16:27 # 18",
        "confidence": 0.52,
        "comment": "Öster om Berlin finns Fuchsbau. Bunkern byggdes under Nazi-tiden, byggdes ut ordentligt av DDR-regimen under 1970-talet, och användes även några år av den tyska militären efter Tysklands återförenande. Plomberades år 1995 och öppnades åter år 2005. Visningar hålls varje vecka. https://www.bunkermuseum-fuchsbau.de/ https://www.tripadvisor.se/Attraction_Review-g656527-d8527298-Reviews-Bunkeranlage_Fuchsbau_ZGS14-Bad_Saarow_Brandenburg.html"
      }
    },
    {
      "type": "Feature",
      "geometry": {
        "type": "Point",
        "coordinates": [
          17.9650157,
          59.3950069
        ]
      },
      "properties": {
        "id": "9fdfec513964",
        "entity": "Kymlinge",
        "query": "Kymlinge, Sweden",
        "display_name": "Kymlinge, Sundbybergs kommun, Stockholms län, Sverige",
        "osm_type": "relation",
        "osm_id": 20351503,
        "geocode_confidence": 0.16005636301213091,
        "evidence": [
          {
            "source": "https://www.flashback.org/t2225405",
            "thread_url": "https://www.flashback.org/t2225405",
            "post_id": "post648275",
            "username": "Urban U",
            "time_raw": "2003-12-10, 15:50 # 1",
            "confidence": 0.56,
            "comment": "Har för mig att det fanns nån tråd om Kymlinge men hittar den inte. Här kommer lite länkar om denna underliga station: http://www.kynerd.nu/Tunnelbanan/Kymlinge.html http://susning.nu/Kymlinge_Witch_Project En film om Kumlinge (har inte sett den själv) http://anders.hultman.nu/film/kwp/kwp2000.mov"
          },
          {
            "source": "https://www.flashback.org/t2225405",
            "thread_url": "https://www.flashback.org/t2225405",
            "post_id": "post1476731",
            "username": "wattford",
            "time_raw": "2004-10-31, 14:41 # 5",
            "confidence": 0.64,
            "comment": "Kan det inte bli MYCKET aktuellt att öppna nedlagda station Kymlinge nu när man uppenbarligen planerar ett massivt bostadsbyggande vid Järva Krog och hela området runtomkring? (Läst i Solnas lokaltidning)."
          },
          {
            "source": "https://www.flashback.org/t2225405",
            "thread_url": "https://www.flashback.org/t2225405",
            "post_id": "post1477234",
            "username": "Roadrunner",
            "time_raw": "2004-10-31, 18:26 # 6",
            "confidence": 0.64,
            "comment": "Citat: Ursprungligen postat av wattford Kan det inte bli MYCKET aktuellt att öppna nedlagda station Kymlinge nu när man uppenbarligen planerar ett massivt bostadsbyggande vid Järva Krog och hela området runtomkring? (Läst i Solnas lokaltidning). Kymlinge täcker juh inte direkt in det området som det skall byggas, om jag läste kartan rätt i tidningen! Bygget blev inte av i skogen runt kymlinge pga att det var nån eller några arter (vet ej om de..."
          },
          {
            "source": "https://www.flashback.org/t2225405",
            "thread_url": "https://www.flashback.org/t2225405",
            "post_id": "post1478816",
            "username": "GrisGugge",
            "time_raw": "2004-11-01, 11:42 # 8",
            "confidence": 0.64,
            "comment": "Citat: Ursprungligen postat av Roadrunner Citat: Ursprungligen postat av wattford Kan det inte bli MYCKET aktuellt att öppna nedlagda station Kymlinge nu när man uppenbarligen planerar ett massivt bostadsbyggande vid Järva Krog och hela området runtomkring? (Läst i Solnas lokaltidning). Kymlinge täcker juh inte direkt in det området som det skall byggas, om jag läste kartan rätt i tidningen! Bygget blev inte av i skogen runt kymlinge pga att d..."
          },
          {
            "source": "https://www.flashback.org/t2225405",
            "thread_url": "https://www.flashback.org/t2225405",
            "post_id": "post6929553",
            "username": "Solstickeflicka",
            "time_raw": "2007-04-23, 19:41 # 9",
            "confidence": 0.64,
            "comment": "Jag och en vän tänkte åka till \"spökstationen\" Kymlinge imorgon. Jag har sökt en hel del, men inte fått svar på mina viktigaste frågor, tänkte därför att ni kanske kunde hjälpa mig. 1. Är det olagligt att gå in på Kymlinge, dvs att nån vakt kan komma och \"ta hand\" om en. 2. Måste man gå över tunnelbanespåren för att komma in på själva stationen? I sådana fall, hur gör man detta på bästa sätt? 3. Vilken station är det enklast att gå ifrån? Jag..."
          },
          {
            "source": "https://www.flashback.org/t2225405",
            "thread_url": "https://www.flashback.org/t2225405",
            "post_id": "post6929621",
            "username": "rebban",
            "time_raw": "2007-04-23, 19:46 # 10",
            "confidence": 0.64,
            "comment": "Citat: Ursprungligen postat av Solstickeflicka Jag och en vän tänkte åka till \"spökstationen\" Kymlinge imorgon. Jag har sökt en hel del, men inte fått svar på mina viktigaste frågor, tänkte därför att ni kanske kunde hjälpa mig. 1. Är det olagligt att gå in på Kymlinge, dvs att nån vakt kan komma och \"ta hand\" om en. 2. Måste man gå över tunnelbanespåren för att komma in på själva stationen? I sådana fall, hur gör man detta på bästa sätt? 3. V..."
          },
          {
            "source": "https://www.flashback.org/t2225405",
            "thread_url": "https://www.flashback.org/t2225405",
            "post_id": "post6932269",
            "username": "Ssraeshza",
            "time_raw": "2007-04-23, 23:22 # 11",
            "confidence": 0.72,
            "comment": "Citat: Ursprungligen postat av Solstickeflicka Jag och en vän tänkte åka till \"spökstationen\" Kymlinge imorgon. Jag har sökt en hel del, men inte fått svar på mina viktigaste frågor, tänkte därför att ni kanske kunde hjälpa mig. 1. Är det olagligt att gå in på Kymlinge, dvs att nån vakt kan komma och \"ta hand\" om en. 2. Måste man gå över tunnelbanespåren för att komma in på själva stationen? I sådana fall, hur gör man detta på bästa sätt? 3. V..."
          },
          {
            "source": "https://www.flashback.org/t2225405",
            "thread_url": "https://www.flashback.org/t2225405",
            "post_id": "post6932389",
            "username": "Torskfilé",
            "time_raw": "2007-04-23, 23:31 # 12",
            "confidence": 0.72,
            "comment": "Citat: Ursprungligen postat av Solstickeflicka Jag och en vän tänkte åka till \"spökstationen\" Kymlinge imorgon. Jag har sökt en hel del, men inte fått svar på mina viktigaste frågor, tänkte därför att ni kanske kunde hjälpa mig. 1. Är det olagligt att gå in på Kymlinge, dvs att nån vakt kan komma och \"ta hand\" om en. 2. Måste man gå över tunnelbanespåren för att komma in på själva stationen? I sådana fall, hur gör man detta på bästa sätt? 3. V..."
          },
          {
            "source": "https://www.flashback.org/t3074043",
            "thread_url": "https://www.flashback.org/t3074043",
            "post_id": "post68631667",
            "username": "LadyCinderbottom",
            "time_raw": "2019-09-07, 19:01 # 2",
            "confidence": 0.84,
            "comment": "Citat: Ursprungligen postat av G2H1 Tjenare! Jag och mina kompisar blev sjukt sugna på att testa det här med UE. Vi vill alltså ta oss in på ödelagda platser. Problemet är att ingen av oss vet vart vi skulle kunna åka. Kikade runt lite här på flashback men hittade nästan bara gamla trådar. Så jag undrar om någon här skulle kunna rekommendera nåt fint ställe här i Stockholms trakterna nära västra Stockholm? Tack på förhand! Klassiker är Kymling..."
          },
          {
            "source": "https://www.flashback.org/t3074043",
            "thread_url": "https://www.flashback.org/t3074043",
            "post_id": "post68632158",
            "username": "G2H1",
            "time_raw": "2019-09-07, 19:57 # 3",
            "confidence": 0.76,
            "comment": "Citat: Ursprungligen postat av LadyCinderbottom Klassiker är Kymlinge station https://sv.m.wikipedia.org/wiki/Kymlinge_(tunnelbanestation ) \"Några subkulturer har haft ett speciellt intresse av Kymlinge. Grusplanen nedanför plattformen har fått tjäna som festplats för ett antal ravefester. Stationen är även ett favoritmål inom urban exploration-kulturen\" Ligger i Sumpans kommun mot Hallonbergen - Kista. Vet inte hur det ser ut nuförtiden men e..."
          },
          {
            "source": "https://www.flashback.org/t3074043",
            "thread_url": "https://www.flashback.org/t3074043",
            "post_id": "post68662951",
            "username": "tunnelgruppen",
            "time_raw": "2019-09-10, 19:03 # 4",
            "confidence": 0.84,
            "comment": "Citat: Ursprungligen postat av LadyCinderbottom Klassiker är Kymlinge station https://sv.m.wikipedia.org/wiki/Kymlinge_(tunnelbanestation ) \"Några subkulturer har haft ett speciellt intresse av Kymlinge. Grusplanen nedanför plattformen har fått tjäna som festplats för ett antal ravefester. Stationen är även ett favoritmål inom urban exploration-kulturen\" Ligger i Sumpans kommun mot Hallonbergen - Kista. Vet inte hur det ser ut nuförtiden men e..."
          }
        ],
        "source": "https://www.flashback.org/t3074043",
        "thread_url": "https://www.flashback.org/t3074043",
        "post_id": "post68662951",
        "username": "tunnelgruppen",
        "time_raw": "2019-09-10, 19:03 # 4",
        "confidence": 0.84,
        "comment": "Citat: Ursprungligen postat av LadyCinderbottom Klassiker är Kymlinge station https://sv.m.wikipedia.org/wiki/Kymlinge_(tunnelbanestation ) \"Några subkulturer har haft ett speciellt intresse av Kymlinge. Grusplanen nedanför plattformen har fått tjäna som festplats för ett antal ravefester. Stationen är även ett favoritmål inom urban exploration-kulturen\" Ligger i Sumpans kommun mot Hallonbergen - Kista. Vet inte hur det ser ut nuförtiden men e..."
      }
    },
    {
      "type": "Feature",
      "geometry": {
        "type": "Point",
        "coordinates": [
          18.0063923,
          59.358026
        ]
      },
      "properties": {
        "id": "2007cba71bca",
        "entity": "Tunnelbanan",
        "query": "Tunnelbanan, Sweden",
        "display_name": "Nya Tunnelbanan, Skytteholm, Solna, Solna kommun, Stockholms län, Sverige",
        "osm_type": "way",
        "osm_id": 1501823628,
        "geocode_confidence": 0.08006469138628211,
        "evidence": [
          {
            "source": "https://www.flashback.org/t2225405",
            "thread_url": "https://www.flashback.org/t2225405",
            "post_id": "post648275",
            "username": "Urban U",
            "time_raw": "2003-12-10, 15:50 # 1",
            "confidence": 0.56,
            "comment": "Har för mig att det fanns nån tråd om Kymlinge men hittar den inte. Här kommer lite länkar om denna underliga station: http://www.kynerd.nu/Tunnelbanan/Kymlinge.html http://susning.nu/Kymlinge_Witch_Project En film om Kumlinge (har inte sett den själv) http://anders.hultman.nu/film/kwp/kwp2000.mov"
          }
        ],
        "source": "https://www.flashback.org/t2225405",
        "thread_url": "https://www.flashback.org/t2225405",
        "post_id": "post648275",
        "username": "Urban U",
        "time_raw": "2003-12-10, 15:50 # 1",
        "confidence": 0.56,
        "comment": "Har för mig att det fanns nån tråd om Kymlinge men hittar den inte. Här kommer lite länkar om denna underliga station: http://www.kynerd.nu/Tunnelbanan/Kymlinge.html http://susning.nu/Kymlinge_Witch_Project En film om Kumlinge (har inte sett den själv) http://anders.hultman.nu/film/kwp/kwp2000.mov"
      }
    },
    {
      "type": "Feature",
      "geometry": {
        "type": "Point",
        "coordinates": [
          16.1016318,
          59.4277368
        ]
      },
      "properties": {
        "id": "c43dd871d07b",
        "entity": "Kör",
        "query": "Kör, Sweden",
        "display_name": "Kungsör, Järnvägsgatan, Norra Kungsladugården, Kungsör, Kungsörs kommun, Västmanlands län, 736 32, Sverige",
        "osm_type": "node",
        "osm_id": 59760369,
        "geocode_confidence": 5.243839169904658e-05,
        "evidence": [
          {
            "source": "https://www.flashback.org/t2225405",
            "thread_url": "https://www.flashback.org/t2225405",
            "post_id": "post649661",
            "username": "Wentor-",
            "time_raw": "2003-12-11, 10:52 # 4",
            "confidence": 0.56,
            "comment": "Citat: Ursprungligen postat av slakis det är rätt trevligt även om det inte är något speciellt egentligen där.. en perrong halvt utomhus halvt under jord.. är mycket väktare och bevakning i krokarna nu på senare tid på grund av ungar som leker i närheten, samt målare... många påkörningsolyckor o sådant. så ta det försiktigt om ni planerar en expedition. och rör inte målningarna. Aj fasen.. Jag och ett par polare hade tänkt kolla hur det ser ut..."
          }
        ],
        "source": "https://www.flashback.org/t2225405",
        "thread_url": "https://www.flashback.org/t2225405",
        "post_id": "post649661",
        "username": "Wentor-",
        "time_raw": "2003-12-11, 10:52 # 4",
        "confidence": 0.56,
        "comment": "Citat: Ursprungligen postat av slakis det är rätt trevligt även om det inte är något speciellt egentligen där.. en perrong halvt utomhus halvt under jord.. är mycket väktare och bevakning i krokarna nu på senare tid på grund av ungar som leker i närheten, samt målare... många påkörningsolyckor o sådant. så ta det försiktigt om ni planerar en expedition. och rör inte målningarna. Aj fasen.. Jag och ett par polare hade tänkt kolla hur det ser ut..."
      }
    },
    {
      "type": "Feature",
      "geometry": {
        "type": "Point",
        "coordinates": [
          18.0090103,
          59.3792705
        ]
      },
      "properties": {
        "id": "c086ecacee37",
        "entity": "Järva Krog",
        "query": "Järva Krog, Sweden",
        "display_name": "Järva Krog, Järva, Solna, Solna kommun, Stockholms län, 170 66, Sverige",
        "osm_type": "node",
        "osm_id": 1506692587,
        "geocode_confidence": 0.14673135805294876,
        "evidence": [
          {
            "source": "https://www.flashback.org/t2225405",
            "thread_url": "https://www.flashback.org/t2225405",
            "post_id": "post1476731",
            "username": "wattford",
            "time_raw": "2004-10-31, 14:41 # 5",
            "confidence": 0.64,
            "comment": "Kan det inte bli MYCKET aktuellt att öppna nedlagda station Kymlinge nu när man uppenbarligen planerar ett massivt bostadsbyggande vid Järva Krog och hela området runtomkring? (Läst i Solnas lokaltidning)."
          },
          {
            "source": "https://www.flashback.org/t2225405",
            "thread_url": "https://www.flashback.org/t2225405",
            "post_id": "post1477234",
            "username": "Roadrunner",
            "time_raw": "2004-10-31, 18:26 # 6",
            "confidence": 0.64,
            "comment": "Citat: Ursprungligen postat av wattford Kan det inte bli MYCKET aktuellt att öppna nedlagda station Kymlinge nu när man uppenbarligen planerar ett massivt bostadsbyggande vid Järva Krog och hela området runtomkring? (Läst i Solnas lokaltidning). Kymlinge täcker juh inte direkt in det området som det skall byggas, om jag läste kartan rätt i tidningen! Bygget blev inte av i skogen runt kymlinge pga att det var nån eller några arter (vet ej om de..."
          },
          {
            "source": "https://www.flashback.org/t2225405",
            "thread_url": "https://www.flashback.org/t2225405",
            "post_id": "post1478816",
            "username": "GrisGugge",
            "time_raw": "2004-11-01, 11:42 # 8",
            "confidence": 0.64,
            "comment": "Citat: Ursprungligen postat av Roadrunner Citat: Ursprungligen postat av wattford Kan det inte bli MYCKET aktuellt att öppna nedlagda station Kymlinge nu när man uppenbarligen planerar ett massivt bostadsbyggande vid Järva Krog och hela området runtomkring? (Läst i Solnas lokaltidning). Kymlinge täcker juh inte direkt in det området som det skall byggas, om jag läste kartan rätt i tidningen! Bygget blev inte av i skogen runt kymlinge pga att d..."
          }
        ],
        "source": "https://www.flashback.org/t2225405",
        "thread_url": "https://www.flashback.org/t2225405",
        "post_id": "post1478816",
        "username": "GrisGugge",
        "time_raw": "2004-11-01, 11:42 # 8",
        "confidence": 0.64,
        "comment": "Citat: Ursprungligen postat av Roadrunner Citat: Ursprungligen postat av wattford Kan det inte bli MYCKET aktuellt att öppna nedlagda station Kymlinge nu när man uppenbarligen planerar ett massivt bostadsbyggande vid Järva Krog och hela området runtomkring? (Läst i Solnas lokaltidning). Kymlinge täcker juh inte direkt in det området som det skall byggas, om jag läste kartan rätt i tidningen! Bygget blev inte av i skogen runt kymlinge pga att d..."
      }
    },
    {
      "type": "Feature",
      "geometry": {
        "type": "Point",
        "coordinates": [
          12.9704773,
          55.5266422
        ]
      },
      "properties": {
        "id": "0f9f3429aae1",
        "entity": "Solnas",
        "query": "Solnas, Sweden",
        "display_name": "Solnäs, Västra Klagstorp, Väster, Skumparp, Malmö kommun, Skåne län, 218 46, Sverige",
        "osm_type": "node",
        "osm_id": 7486506476,
        "geocode_confidence": 0.10672513237201493,
        "evidence": [
          {
            "source": "https://www.flashback.org/t2225405",
            "thread_url": "https://www.flashback.org/t2225405",
            "post_id": "post1476731",
            "username": "wattford",
            "time_raw": "2004-10-31, 14:41 # 5",
            "confidence": 0.64,
            "comment": "Kan det inte bli MYCKET aktuellt att öppna nedlagda station Kymlinge nu när man uppenbarligen planerar ett massivt bostadsbyggande vid Järva Krog och hela området runtomkring? (Läst i Solnas lokaltidning)."
          },
          {
            "source": "https://www.flashback.org/t2225405",
            "thread_url": "https://www.flashback.org/t2225405",
            "post_id": "post1477234",
            "username": "Roadrunner",
            "time_raw": "2004-10-31, 18:26 # 6",
            "confidence": 0.64,
            "comment": "Citat: Ursprungligen postat av wattford Kan det inte bli MYCKET aktuellt att öppna nedlagda station Kymlinge nu när man uppenbarligen planerar ett massivt bostadsbyggande vid Järva Krog och hela området runtomkring? (Läst i Solnas lokaltidning). Kymlinge täcker juh inte direkt in det området som det skall byggas, om jag läste kartan rätt i tidningen! Bygget blev inte av i skogen runt kymlinge pga att det var nån eller några arter (vet ej om de..."
          },
          {
            "source": "https://www.flashback.org/t2225405",
            "thread_url": "https://www.flashback.org/t2225405",
            "post_id": "post1478816",
            "username": "GrisGugge",
            "time_raw": "2004-11-01, 11:42 # 8",
            "confidence": 0.64,
            "comment": "Citat: Ursprungligen postat av Roadrunner Citat: Ursprungligen postat av wattford Kan det inte bli MYCKET aktuellt att öppna nedlagda station Kymlinge nu när man uppenbarligen planerar ett massivt bostadsbyggande vid Järva Krog och hela området runtomkring? (Läst i Solnas lokaltidning). Kymlinge täcker juh inte direkt in det området som det skall byggas, om jag läste kartan rätt i tidningen! Bygget blev inte av i skogen runt kymlinge pga att d..."
          }
        ],
        "source": "https://www.flashback.org/t2225405",
        "thread_url": "https://www.flashback.org/t2225405",
        "post_id": "post1478816",
        "username": "GrisGugge",
        "time_raw": "2004-11-01, 11:42 # 8",
        "confidence": 0.64,
        "comment": "Citat: Ursprungligen postat av Roadrunner Citat: Ursprungligen postat av wattford Kan det inte bli MYCKET aktuellt att öppna nedlagda station Kymlinge nu när man uppenbarligen planerar ett massivt bostadsbyggande vid Järva Krog och hela området runtomkring? (Läst i Solnas lokaltidning). Kymlinge täcker juh inte direkt in det området som det skall byggas, om jag läste kartan rätt i tidningen! Bygget blev inte av i skogen runt kymlinge pga att d..."
      }
    },
    {
      "type": "Feature",
      "geometry": {
        "type": "Point",
        "coordinates": [
          18.2319772,
          59.2439023
        ]
      },
      "properties": {
        "id": "1d6f89b95459",
        "entity": "Läst",
        "query": "Läst, Sweden",
        "display_name": "Lastplats, Bollmora, Tyresö kommun, Stockholms län, Sverige",
        "osm_type": "way",
        "osm_id": 316254917,
        "geocode_confidence": 0.08005641641870753,
        "evidence": [
          {
            "source": "https://www.flashback.org/t2225405",
            "thread_url": "https://www.flashback.org/t2225405",
            "post_id": "post1476731",
            "username": "wattford",
            "time_raw": "2004-10-31, 14:41 # 5",
            "confidence": 0.64,
            "comment": "Kan det inte bli MYCKET aktuellt att öppna nedlagda station Kymlinge nu när man uppenbarligen planerar ett massivt bostadsbyggande vid Järva Krog och hela området runtomkring? (Läst i Solnas lokaltidning)."
          },
          {
            "source": "https://www.flashback.org/t2225405",
            "thread_url": "https://www.flashback.org/t2225405",
            "post_id": "post1477234",
            "username": "Roadrunner",
            "time_raw": "2004-10-31, 18:26 # 6",
            "confidence": 0.64,
            "comment": "Citat: Ursprungligen postat av wattford Kan det inte bli MYCKET aktuellt att öppna nedlagda station Kymlinge nu när man uppenbarligen planerar ett massivt bostadsbyggande vid Järva Krog och hela området runtomkring? (Läst i Solnas lokaltidning). Kymlinge täcker juh inte direkt in det området som det skall byggas, om jag läste kartan rätt i tidningen! Bygget blev inte av i skogen runt kymlinge pga att det var nån eller några arter (vet ej om de..."
          },
          {
            "source": "https://www.flashback.org/t2225405",
            "thread_url": "https://www.flashback.org/t2225405",
            "post_id": "post1478816",
            "username": "GrisGugge",
            "time_raw": "2004-11-01, 11:42 # 8",
            "confidence": 0.64,
            "comment": "Citat: Ursprungligen postat av Roadrunner Citat: Ursprungligen postat av wattford Kan det inte bli MYCKET aktuellt att öppna nedlagda station Kymlinge nu när man uppenbarligen planerar ett massivt bostadsbyggande vid Järva Krog och hela området runtomkring? (Läst i Solnas lokaltidning). Kymlinge täcker juh inte direkt in det området som det skall byggas, om jag läste kartan rätt i tidningen! Bygget blev inte av i skogen runt kymlinge pga att d..."
          }
        ],
        "source": "https://www.flashback.org/t2225405",
        "thread_url": "https://www.flashback.org/t2225405",
        "post_id": "post1478816",
        "username": "GrisGugge",
        "time_raw": "2004-11-01, 11:42 # 8",
        "confidence": 0.64,
        "comment": "Citat: Ursprungligen postat av Roadrunner Citat: Ursprungligen postat av wattford Kan det inte bli MYCKET aktuellt att öppna nedlagda station Kymlinge nu när man uppenbarligen planerar ett massivt bostadsbyggande vid Järva Krog och hela området runtomkring? (Läst i Solnas lokaltidning). Kymlinge täcker juh inte direkt in det området som det skall byggas, om jag läste kartan rätt i tidningen! Bygget blev inte av i skogen runt kymlinge pga att d..."
      }
    },
    {
      "type": "Feature",
      "geometry": {
        "type": "Point",
        "coordinates": [
          14.92916,
          61.7822263
        ]
      },
      "properties": {
        "id": "565e27ae0e93",
        "entity": "Bygget",
        "query": "Bygget, Sweden",
        "display_name": "Bygget, Ljusdals kommun, Gävleborgs län, Sverige",
        "osm_type": "relation",
        "osm_id": 17778472,
        "geocode_confidence": 0.1333915625238422,
        "evidence": [
          {
            "source": "https://www.flashback.org/t2225405",
            "thread_url": "https://www.flashback.org/t2225405",
            "post_id": "post1477234",
            "username": "Roadrunner",
            "time_raw": "2004-10-31, 18:26 # 6",
            "confidence": 0.64,
            "comment": "Citat: Ursprungligen postat av wattford Kan det inte bli MYCKET aktuellt att öppna nedlagda station Kymlinge nu när man uppenbarligen planerar ett massivt bostadsbyggande vid Järva Krog och hela området runtomkring? (Läst i Solnas lokaltidning). Kymlinge täcker juh inte direkt in det området som det skall byggas, om jag läste kartan rätt i tidningen! Bygget blev inte av i skogen runt kymlinge pga att det var nån eller några arter (vet ej om de..."
          },
          {
            "source": "https://www.flashback.org/t2225405",
            "thread_url": "https://www.flashback.org/t2225405",
            "post_id": "post1478816",
            "username": "GrisGugge",
            "time_raw": "2004-11-01, 11:42 # 8",
            "confidence": 0.64,
            "comment": "Citat: Ursprungligen postat av Roadrunner Citat: Ursprungligen postat av wattford Kan det inte bli MYCKET aktuellt att öppna nedlagda station Kymlinge nu när man uppenbarligen planerar ett massivt bostadsbyggande vid Järva Krog och hela området runtomkring? (Läst i Solnas lokaltidning). Kymlinge täcker juh inte direkt in det området som det skall byggas, om jag läste kartan rätt i tidningen! Bygget blev inte av i skogen runt kymlinge pga att d..."
          }
        ],
        "source": "https://www.flashback.org/t2225405",
        "thread_url": "https://www.flashback.org/t2225405",
        "post_id": "post1478816",
        "username": "GrisGugge",
        "time_raw": "2004-11-01, 11:42 # 8",
        "confidence": 0.64,
        "comment": "Citat: Ursprungligen postat av Roadrunner Citat: Ursprungligen postat av wattford Kan det inte bli MYCKET aktuellt att öppna nedlagda station Kymlinge nu när man uppenbarligen planerar ett massivt bostadsbyggande vid Järva Krog och hela området runtomkring? (Läst i Solnas lokaltidning). Kymlinge täcker juh inte direkt in det området som det skall byggas, om jag läste kartan rätt i tidningen! Bygget blev inte av i skogen runt kymlinge pga att d..."
      }
    },
    {
      "type": "Feature",
      "geometry": {
        "type": "Point",
        "coordinates": [
          13.4964716,
          59.3981529
        ]
      },
      "properties": {
        "id": "8a1da91da9a5",
        "entity": "Roadrunner",
        "query": "Roadrunner, Sweden",
        "display_name": "Roadrunner, Infanterigatan, Södra Råtorp, Sandbäcken, Karlstad, Karlstads kommun, Värmlands län, 653 48, Sverige",
        "osm_type": "node",
        "osm_id": 10263407709,
        "geocode_confidence": 6.476157778281862e-05,
        "evidence": [
          {
            "source": "https://www.flashback.org/t2225405",
            "thread_url": "https://www.flashback.org/t2225405",
            "post_id": "post1477234",
            "username": "Roadrunner",
            "time_raw": "2004-10-31, 18:26 # 6",
            "confidence": 0.64,
            "comment": "Citat: Ursprungligen postat av wattford Kan det inte bli MYCKET aktuellt att öppna nedlagda station Kymlinge nu när man uppenbarligen planerar ett massivt bostadsbyggande vid Järva Krog och hela området runtomkring? (Läst i Solnas lokaltidning). Kymlinge täcker juh inte direkt in det området som det skall byggas, om jag läste kartan rätt i tidningen! Bygget blev inte av i skogen runt kymlinge pga att det var nån eller några arter (vet ej om de..."
          },
          {
            "source": "https://www.flashback.org/t2225405",
            "thread_url": "https://www.flashback.org/t2225405",
            "post_id": "post1478816",
            "username": "GrisGugge",
            "time_raw": "2004-11-01, 11:42 # 8",
            "confidence": 0.64,
            "comment": "Citat: Ursprungligen postat av Roadrunner Citat: Ursprungligen postat av wattford Kan det inte bli MYCKET aktuellt att öppna nedlagda station Kymlinge nu när man uppenbarligen planerar ett massivt bostadsbyggande vid Järva Krog och hela området runtomkring? (Läst i Solnas lokaltidning). Kymlinge täcker juh inte direkt in det området som det skall byggas, om jag läste kartan rätt i tidningen! Bygget blev inte av i skogen runt kymlinge pga att d..."
          }
        ],
        "source": "https://www.flashback.org/t2225405",
        "thread_url": "https://www.flashback.org/t2225405",
        "post_id": "post1478816",
        "username": "GrisGugge",
        "time_raw": "2004-11-01, 11:42 # 8",
        "confidence": 0.64,
        "comment": "Citat: Ursprungligen postat av Roadrunner Citat: Ursprungligen postat av wattford Kan det inte bli MYCKET aktuellt att öppna nedlagda station Kymlinge nu när man uppenbarligen planerar ett massivt bostadsbyggande vid Järva Krog och hela området runtomkring? (Läst i Solnas lokaltidning). Kymlinge täcker juh inte direkt in det området som det skall byggas, om jag läste kartan rätt i tidningen! Bygget blev inte av i skogen runt kymlinge pga att d..."
      }
    },
    {
      "type": "Feature",
      "geometry": {
        "type": "Point",
        "coordinates": [
          15.2153483,
          59.270016
        ]
      },
      "properties": {
        "id": "3fbd75233ce0",
        "entity": "City",
        "query": "City, Sweden",
        "display_name": "City, Nygatan, Eklunda, Örebro, Örebro kommun, Örebro län, 702 12, Sverige",
        "osm_type": "node",
        "osm_id": 2420195866,
        "geocode_confidence": 6.599755855645102e-05,
        "evidence": [
          {
            "source": "https://www.flashback.org/t2225405",
            "thread_url": "https://www.flashback.org/t2225405",
            "post_id": "post1478816",
            "username": "GrisGugge",
            "time_raw": "2004-11-01, 11:42 # 8",
            "confidence": 0.64,
            "comment": "Citat: Ursprungligen postat av Roadrunner Citat: Ursprungligen postat av wattford Kan det inte bli MYCKET aktuellt att öppna nedlagda station Kymlinge nu när man uppenbarligen planerar ett massivt bostadsbyggande vid Järva Krog och hela området runtomkring? (Läst i Solnas lokaltidning). Kymlinge täcker juh inte direkt in det området som det skall byggas, om jag läste kartan rätt i tidningen! Bygget blev inte av i skogen runt kymlinge pga att d..."
          }
        ],
        "source": "https://www.flashback.org/t2225405",
        "thread_url": "https://www.flashback.org/t2225405",
        "post_id": "post1478816",
        "username": "GrisGugge",
        "time_raw": "2004-11-01, 11:42 # 8",
        "confidence": 0.64,
        "comment": "Citat: Ursprungligen postat av Roadrunner Citat: Ursprungligen postat av wattford Kan det inte bli MYCKET aktuellt att öppna nedlagda station Kymlinge nu när man uppenbarligen planerar ett massivt bostadsbyggande vid Järva Krog och hela området runtomkring? (Läst i Solnas lokaltidning). Kymlinge täcker juh inte direkt in det området som det skall byggas, om jag läste kartan rätt i tidningen! Bygget blev inte av i skogen runt kymlinge pga att d..."
      }
    },
    {
      "type": "Feature",
      "geometry": {
        "type": "Point",
        "coordinates": [
          16.1988155,
          58.5915746
        ]
      },
      "properties": {
        "id": "92d930503ddc",
        "entity": "Sjöfartsverket",
        "query": "Sjöfartsverket, Sweden",
        "display_name": "Sjöfartsverket, 7, Östra Promenaden, Sylten, Norrköping, Norrköpings kommun, Östergötlands län, 601 78, Sverige",
        "osm_type": "relation",
        "osm_id": 1356655,
        "geocode_confidence": 0.4217164953504801,
        "evidence": [
          {
            "source": "https://www.flashback.org/t2225405",
            "thread_url": "https://www.flashback.org/t2225405",
            "post_id": "post1478816",
            "username": "GrisGugge",
            "time_raw": "2004-11-01, 11:42 # 8",
            "confidence": 0.64,
            "comment": "Citat: Ursprungligen postat av Roadrunner Citat: Ursprungligen postat av wattford Kan det inte bli MYCKET aktuellt att öppna nedlagda station Kymlinge nu när man uppenbarligen planerar ett massivt bostadsbyggande vid Järva Krog och hela området runtomkring? (Läst i Solnas lokaltidning). Kymlinge täcker juh inte direkt in det området som det skall byggas, om jag läste kartan rätt i tidningen! Bygget blev inte av i skogen runt kymlinge pga att d..."
          }
        ],
        "source": "https://www.flashback.org/t2225405",
        "thread_url": "https://www.flashback.org/t2225405",
        "post_id": "post1478816",
        "username": "GrisGugge",
        "time_raw": "2004-11-01, 11:42 # 8",
        "confidence": 0.64,
        "comment": "Citat: Ursprungligen postat av Roadrunner Citat: Ursprungligen postat av wattford Kan det inte bli MYCKET aktuellt att öppna nedlagda station Kymlinge nu när man uppenbarligen planerar ett massivt bostadsbyggande vid Järva Krog och hela området runtomkring? (Läst i Solnas lokaltidning). Kymlinge täcker juh inte direkt in det området som det skall byggas, om jag läste kartan rätt i tidningen! Bygget blev inte av i skogen runt kymlinge pga att d..."
      }
    },
    {
      "type": "Feature",
      "geometry": {
        "type": "Point",
        "coordinates": [
          16.1903511,
          58.5909124
        ]
      },
      "properties": {
        "id": "627cde291a73",
        "entity": "Norrköping",
        "query": "Norrköping, Sweden",
        "display_name": "Norrköping, Norrköpings kommun, Östergötlands län, 602 27, Sverige",
        "osm_type": "node",
        "osm_id": 27431648,
        "geocode_confidence": 0.6154950852368936,
        "evidence": [
          {
            "source": "https://www.flashback.org/t2225405",
            "thread_url": "https://www.flashback.org/t2225405",
            "post_id": "post1478816",
            "username": "GrisGugge",
            "time_raw": "2004-11-01, 11:42 # 8",
            "confidence": 0.64,
            "comment": "Citat: Ursprungligen postat av Roadrunner Citat: Ursprungligen postat av wattford Kan det inte bli MYCKET aktuellt att öppna nedlagda station Kymlinge nu när man uppenbarligen planerar ett massivt bostadsbyggande vid Järva Krog och hela området runtomkring? (Läst i Solnas lokaltidning). Kymlinge täcker juh inte direkt in det området som det skall byggas, om jag läste kartan rätt i tidningen! Bygget blev inte av i skogen runt kymlinge pga att d..."
          }
        ],
        "source": "https://www.flashback.org/t2225405",
        "thread_url": "https://www.flashback.org/t2225405",
        "post_id": "post1478816",
        "username": "GrisGugge",
        "time_raw": "2004-11-01, 11:42 # 8",
        "confidence": 0.64,
        "comment": "Citat: Ursprungligen postat av Roadrunner Citat: Ursprungligen postat av wattford Kan det inte bli MYCKET aktuellt att öppna nedlagda station Kymlinge nu när man uppenbarligen planerar ett massivt bostadsbyggande vid Järva Krog och hela området runtomkring? (Läst i Solnas lokaltidning). Kymlinge täcker juh inte direkt in det området som det skall byggas, om jag läste kartan rätt i tidningen! Bygget blev inte av i skogen runt kymlinge pga att d..."
      }
    },
    {
      "type": "Feature",
      "geometry": {
        "type": "Point",
        "coordinates": [
          17.1467019,
          60.6750132
        ]
      },
      "properties": {
        "id": "eeab3b4b4009",
        "entity": "Gävle",
        "query": "Gävle, Sweden",
        "display_name": "Gävle, Gävle kommun, Gävleborgs län, Sverige",
        "osm_type": "relation",
        "osm_id": 10663995,
        "geocode_confidence": 0.6043648893246527,
        "evidence": [
          {
            "source": "https://www.flashback.org/t2225405",
            "thread_url": "https://www.flashback.org/t2225405",
            "post_id": "post1478816",
            "username": "GrisGugge",
            "time_raw": "2004-11-01, 11:42 # 8",
            "confidence": 0.64,
            "comment": "Citat: Ursprungligen postat av Roadrunner Citat: Ursprungligen postat av wattford Kan det inte bli MYCKET aktuellt att öppna nedlagda station Kymlinge nu när man uppenbarligen planerar ett massivt bostadsbyggande vid Järva Krog och hela området runtomkring? (Läst i Solnas lokaltidning). Kymlinge täcker juh inte direkt in det området som det skall byggas, om jag läste kartan rätt i tidningen! Bygget blev inte av i skogen runt kymlinge pga att d..."
          }
        ],
        "source": "https://www.flashback.org/t2225405",
        "thread_url": "https://www.flashback.org/t2225405",
        "post_id": "post1478816",
        "username": "GrisGugge",
        "time_raw": "2004-11-01, 11:42 # 8",
        "confidence": 0.64,
        "comment": "Citat: Ursprungligen postat av Roadrunner Citat: Ursprungligen postat av wattford Kan det inte bli MYCKET aktuellt att öppna nedlagda station Kymlinge nu när man uppenbarligen planerar ett massivt bostadsbyggande vid Järva Krog och hela området runtomkring? (Läst i Solnas lokaltidning). Kymlinge täcker juh inte direkt in det området som det skall byggas, om jag läste kartan rätt i tidningen! Bygget blev inte av i skogen runt kymlinge pga att d..."
      }
    },
    {
      "type": "Feature",
      "geometry": {
        "type": "Point",
        "coordinates": [
          17.9283805,
          59.3882541
        ]
      },
      "properties": {
        "id": "206f960a629a",
        "entity": "Rinkeby",
        "query": "Rinkeby, Sweden",
        "display_name": "Rinkeby, Rinkebytorget, Rinkeby, Järva stadsdelsområde, Stockholm, Stockholms kommun, Stockholms län, 163 73, Sverige",
        "osm_type": "node",
        "osm_id": 4225502358,
        "geocode_confidence": 0.4048680426709322,
        "evidence": [
          {
            "source": "https://www.flashback.org/t2225405",
            "thread_url": "https://www.flashback.org/t2225405",
            "post_id": "post1478816",
            "username": "GrisGugge",
            "time_raw": "2004-11-01, 11:42 # 8",
            "confidence": 0.64,
            "comment": "Citat: Ursprungligen postat av Roadrunner Citat: Ursprungligen postat av wattford Kan det inte bli MYCKET aktuellt att öppna nedlagda station Kymlinge nu när man uppenbarligen planerar ett massivt bostadsbyggande vid Järva Krog och hela området runtomkring? (Läst i Solnas lokaltidning). Kymlinge täcker juh inte direkt in det området som det skall byggas, om jag läste kartan rätt i tidningen! Bygget blev inte av i skogen runt kymlinge pga att d..."
          }
        ],
        "source": "https://www.flashback.org/t2225405",
        "thread_url": "https://www.flashback.org/t2225405",
        "post_id": "post1478816",
        "username": "GrisGugge",
        "time_raw": "2004-11-01, 11:42 # 8",
        "confidence": 0.64,
        "comment": "Citat: Ursprungligen postat av Roadrunner Citat: Ursprungligen postat av wattford Kan det inte bli MYCKET aktuellt att öppna nedlagda station Kymlinge nu när man uppenbarligen planerar ett massivt bostadsbyggande vid Järva Krog och hela området runtomkring? (Läst i Solnas lokaltidning). Kymlinge täcker juh inte direkt in det området som det skall byggas, om jag läste kartan rätt i tidningen! Bygget blev inte av i skogen runt kymlinge pga att d..."
      }
    },
    {
      "type": "Feature",
      "geometry": {
        "type": "Point",
        "coordinates": [
          11.0305315,
          58.8411765
        ]
      },
      "properties": {
        "id": "db1f6bc0463b",
        "entity": "Vilken",
        "query": "Vilken, Sweden",
        "display_name": "Vilken, Strömstads kommun, Västra Götalands län, Sverige",
        "osm_type": "relation",
        "osm_id": 10506705,
        "geocode_confidence": 0.13338985046158539,
        "evidence": [
          {
            "source": "https://www.flashback.org/t2225405",
            "thread_url": "https://www.flashback.org/t2225405",
            "post_id": "post6929553",
            "username": "Solstickeflicka",
            "time_raw": "2007-04-23, 19:41 # 9",
            "confidence": 0.64,
            "comment": "Jag och en vän tänkte åka till \"spökstationen\" Kymlinge imorgon. Jag har sökt en hel del, men inte fått svar på mina viktigaste frågor, tänkte därför att ni kanske kunde hjälpa mig. 1. Är det olagligt att gå in på Kymlinge, dvs att nån vakt kan komma och \"ta hand\" om en. 2. Måste man gå över tunnelbanespåren för att komma in på själva stationen? I sådana fall, hur gör man detta på bästa sätt? 3. Vilken station är det enklast att gå ifrån? Jag..."
          },
          {
            "source": "https://www.flashback.org/t2225405",
            "thread_url": "https://www.flashback.org/t2225405",
            "post_id": "post6929621",
            "username": "rebban",
            "time_raw": "2007-04-23, 19:46 # 10",
            "confidence": 0.64,
            "comment": "Citat: Ursprungligen postat av Solstickeflicka Jag och en vän tänkte åka till \"spökstationen\" Kymlinge imorgon. Jag har sökt en hel del, men inte fått svar på mina viktigaste frågor, tänkte därför att ni kanske kunde hjälpa mig. 1. Är det olagligt att gå in på Kymlinge, dvs att nån vakt kan komma och \"ta hand\" om en. 2. Måste man gå över tunnelbanespåren för att komma in på själva stationen? I sådana fall, hur gör man detta på bästa sätt? 3. V..."
          },
          {
            "source": "https://www.flashback.org/t2225405",
            "thread_url": "https://www.flashback.org/t2225405",
            "post_id": "post6932269",
            "username": "Ssraeshza",
            "time_raw": "2007-04-23, 23:22 # 11",
            "confidence": 0.72,
            "comment": "Citat: Ursprungligen postat av Solstickeflicka Jag och en vän tänkte åka till \"spökstationen\" Kymlinge imorgon. Jag har sökt en hel del, men inte fått svar på mina viktigaste frågor, tänkte därför att ni kanske kunde hjälpa mig. 1. Är det olagligt att gå in på Kymlinge, dvs att nån vakt kan komma och \"ta hand\" om en. 2. Måste man gå över tunnelbanespåren för att komma in på själva stationen? I sådana fall, hur gör man detta på bästa sätt? 3. V..."
          },
          {
            "source": "https://www.flashback.org/t2225405",
            "thread_url": "https://www.flashback.org/t2225405",
            "post_id": "post6932389",
            "username": "Torskfilé",
            "time_raw": "2007-04-23, 23:31 # 12",
            "confidence": 0.72,
            "comment": "Citat: Ursprungligen postat av Solstickeflicka Jag och en vän tänkte åka till \"spökstationen\" Kymlinge imorgon. Jag har sökt en hel del, men inte fått svar på mina viktigaste frågor, tänkte därför att ni kanske kunde hjälpa mig. 1. Är det olagligt att gå in på Kymlinge, dvs att nån vakt kan komma och \"ta hand\" om en. 2. Måste man gå över tunnelbanespåren för att komma in på själva stationen? I sådana fall, hur gör man detta på bästa sätt? 3. V..."
          }
        ],
        "source": "https://www.flashback.org/t2225405",
        "thread_url": "https://www.flashback.org/t2225405",
        "post_id": "post6932389",
        "username": "Torskfilé",
        "time_raw": "2007-04-23, 23:31 # 12",
        "confidence": 0.72,
        "comment": "Citat: Ursprungligen postat av Solstickeflicka Jag och en vän tänkte åka till \"spökstationen\" Kymlinge imorgon. Jag har sökt en hel del, men inte fått svar på mina viktigaste frågor, tänkte därför att ni kanske kunde hjälpa mig. 1. Är det olagligt att gå in på Kymlinge, dvs att nån vakt kan komma och \"ta hand\" om en. 2. Måste man gå över tunnelbanespåren för att komma in på själva stationen? I sådana fall, hur gör man detta på bästa sätt? 3. V..."
      }
    },
    {
      "type": "Feature",
      "geometry": {
        "type": "Point",
        "coordinates": [
          17.9424221,
          59.4031236
        ]
      },
      "properties": {
        "id": "fe5f00c74339",
        "entity": "Kista",
        "query": "Kista, Sweden",
        "display_name": "Kista, Danmarksgatan, Kista, Järva stadsdelsområde, Stockholm, Stockholms kommun, Stockholms län, 164 53, Sverige",
        "osm_type": "node",
        "osm_id": 4225502343,
        "geocode_confidence": 0.4163784860435994,
        "evidence": [
          {
            "source": "https://www.flashback.org/t2225405",
            "thread_url": "https://www.flashback.org/t2225405",
            "post_id": "post6929553",
            "username": "Solstickeflicka",
            "time_raw": "2007-04-23, 19:41 # 9",
            "confidence": 0.64,
            "comment": "Jag och en vän tänkte åka till \"spökstationen\" Kymlinge imorgon. Jag har sökt en hel del, men inte fått svar på mina viktigaste frågor, tänkte därför att ni kanske kunde hjälpa mig. 1. Är det olagligt att gå in på Kymlinge, dvs att nån vakt kan komma och \"ta hand\" om en. 2. Måste man gå över tunnelbanespåren för att komma in på själva stationen? I sådana fall, hur gör man detta på bästa sätt? 3. Vilken station är det enklast att gå ifrån? Jag..."
          },
          {
            "source": "https://www.flashback.org/t2225405",
            "thread_url": "https://www.flashback.org/t2225405",
            "post_id": "post6929621",
            "username": "rebban",
            "time_raw": "2007-04-23, 19:46 # 10",
            "confidence": 0.64,
            "comment": "Citat: Ursprungligen postat av Solstickeflicka Jag och en vän tänkte åka till \"spökstationen\" Kymlinge imorgon. Jag har sökt en hel del, men inte fått svar på mina viktigaste frågor, tänkte därför att ni kanske kunde hjälpa mig. 1. Är det olagligt att gå in på Kymlinge, dvs att nån vakt kan komma och \"ta hand\" om en. 2. Måste man gå över tunnelbanespåren för att komma in på själva stationen? I sådana fall, hur gör man detta på bästa sätt? 3. V..."
          },
          {
            "source": "https://www.flashback.org/t2225405",
            "thread_url": "https://www.flashback.org/t2225405",
            "post_id": "post6932269",
            "username": "Ssraeshza",
            "time_raw": "2007-04-23, 23:22 # 11",
            "confidence": 0.72,
            "comment": "Citat: Ursprungligen postat av Solstickeflicka Jag och en vän tänkte åka till \"spökstationen\" Kymlinge imorgon. Jag har sökt en hel del, men inte fått svar på mina viktigaste frågor, tänkte därför att ni kanske kunde hjälpa mig. 1. Är det olagligt att gå in på Kymlinge, dvs att nån vakt kan komma och \"ta hand\" om en. 2. Måste man gå över tunnelbanespåren för att komma in på själva stationen? I sådana fall, hur gör man detta på bästa sätt? 3. V..."
          },
          {
            "source": "https://www.flashback.org/t2225405",
            "thread_url": "https://www.flashback.org/t2225405",
            "post_id": "post6932389",
            "username": "Torskfilé",
            "time_raw": "2007-04-23, 23:31 # 12",
            "confidence": 0.72,
            "comment": "Citat: Ursprungligen postat av Solstickeflicka Jag och en vän tänkte åka till \"spökstationen\" Kymlinge imorgon. Jag har sökt en hel del, men inte fått svar på mina viktigaste frågor, tänkte därför att ni kanske kunde hjälpa mig. 1. Är det olagligt att gå in på Kymlinge, dvs att nån vakt kan komma och \"ta hand\" om en. 2. Måste man gå över tunnelbanespåren för att komma in på själva stationen? I sådana fall, hur gör man detta på bästa sätt? 3. V..."
          },
          {
            "source": "https://www.flashback.org/t3074043",
            "thread_url": "https://www.flashback.org/t3074043",
            "post_id": "post68631667",
            "username": "LadyCinderbottom",
            "time_raw": "2019-09-07, 19:01 # 2",
            "confidence": 0.84,
            "comment": "Citat: Ursprungligen postat av G2H1 Tjenare! Jag och mina kompisar blev sjukt sugna på att testa det här med UE. Vi vill alltså ta oss in på ödelagda platser. Problemet är att ingen av oss vet vart vi skulle kunna åka. Kikade runt lite här på flashback men hittade nästan bara gamla trådar. Så jag undrar om någon här skulle kunna rekommendera nåt fint ställe här i Stockholms trakterna nära västra Stockholm? Tack på förhand! Klassiker är Kymling..."
          },
          {
            "source": "https://www.flashback.org/t3074043",
            "thread_url": "https://www.flashback.org/t3074043",
            "post_id": "post68632158",
            "username": "G2H1",
            "time_raw": "2019-09-07, 19:57 # 3",
            "confidence": 0.76,
            "comment": "Citat: Ursprungligen postat av LadyCinderbottom Klassiker är Kymlinge station https://sv.m.wikipedia.org/wiki/Kymlinge_(tunnelbanestation ) \"Några subkulturer har haft ett speciellt intresse av Kymlinge. Grusplanen nedanför plattformen har fått tjäna som festplats för ett antal ravefester. Stationen är även ett favoritmål inom urban exploration-kulturen\" Ligger i Sumpans kommun mot Hallonbergen - Kista. Vet inte hur det ser ut nuförtiden men e..."
          },
          {
            "source": "https://www.flashback.org/t3074043",
            "thread_url": "https://www.flashback.org/t3074043",
            "post_id": "post68662951",
            "username": "tunnelgruppen",
            "time_raw": "2019-09-10, 19:03 # 4",
            "confidence": 0.84,
            "comment": "Citat: Ursprungligen postat av LadyCinderbottom Klassiker är Kymlinge station https://sv.m.wikipedia.org/wiki/Kymlinge_(tunnelbanestation ) \"Några subkulturer har haft ett speciellt intresse av Kymlinge. Grusplanen nedanför plattformen har fått tjäna som festplats för ett antal ravefester. Stationen är även ett favoritmål inom urban exploration-kulturen\" Ligger i Sumpans kommun mot Hallonbergen - Kista. Vet inte hur det ser ut nuförtiden men e..."
          }
        ],
        "source": "https://www.flashback.org/t3074043",
        "thread_url": "https://www.flashback.org/t3074043",
        "post_id": "post68662951",
        "username": "tunnelgruppen",
        "time_raw": "2019-09-10, 19:03 # 4",
        "confidence": 0.84,
        "comment": "Citat: Ursprungligen postat av LadyCinderbottom Klassiker är Kymlinge station https://sv.m.wikipedia.org/wiki/Kymlinge_(tunnelbanestation ) \"Några subkulturer har haft ett speciellt intresse av Kymlinge. Grusplanen nedanför plattformen har fått tjäna som festplats för ett antal ravefester. Stationen är även ett favoritmål inom urban exploration-kulturen\" Ligger i Sumpans kommun mot Hallonbergen - Kista. Vet inte hur det ser ut nuförtiden men e..."
      }
    },
    {
      "type": "Feature",
      "geometry": {
        "type": "Point",
        "coordinates": [
          18.0598187,
          59.2932164
        ]
      },
      "properties": {
        "id": "9304eb67806d",
        "entity": "Josephine",
        "query": "Josephine, Sweden",
        "display_name": "Cafe Josephine Baker, 20, Kassörsgränd, Rösträknaren, Östberga, Årsta, Enskede-Årsta-Vantörs stadsdelsområde, Stockholm, Stockholms kommun, Stockholms län, 120 47, Sverige",
        "osm_type": "node",
        "osm_id": 7861674697,
        "geocode_confidence": 8.40184634164495e-05,
        "evidence": [
          {
            "source": "https://www.flashback.org/t2225405",
            "thread_url": "https://www.flashback.org/t2225405",
            "post_id": "post6929553",
            "username": "Solstickeflicka",
            "time_raw": "2007-04-23, 19:41 # 9",
            "confidence": 0.64,
            "comment": "Jag och en vän tänkte åka till \"spökstationen\" Kymlinge imorgon. Jag har sökt en hel del, men inte fått svar på mina viktigaste frågor, tänkte därför att ni kanske kunde hjälpa mig. 1. Är det olagligt att gå in på Kymlinge, dvs att nån vakt kan komma och \"ta hand\" om en. 2. Måste man gå över tunnelbanespåren för att komma in på själva stationen? I sådana fall, hur gör man detta på bästa sätt? 3. Vilken station är det enklast att gå ifrån? Jag..."
          },
          {
            "source": "https://www.flashback.org/t2225405",
            "thread_url": "https://www.flashback.org/t2225405",
            "post_id": "post6929621",
            "username": "rebban",
            "time_raw": "2007-04-23, 19:46 # 10",
            "confidence": 0.64,
            "comment": "Citat: Ursprungligen postat av Solstickeflicka Jag och en vän tänkte åka till \"spökstationen\" Kymlinge imorgon. Jag har sökt en hel del, men inte fått svar på mina viktigaste frågor, tänkte därför att ni kanske kunde hjälpa mig. 1. Är det olagligt att gå in på Kymlinge, dvs att nån vakt kan komma och \"ta hand\" om en. 2. Måste man gå över tunnelbanespåren för att komma in på själva stationen? I sådana fall, hur gör man detta på bästa sätt? 3. V..."
          },
          {
            "source": "https://www.flashback.org/t2225405",
            "thread_url": "https://www.flashback.org/t2225405",
            "post_id": "post6932269",
            "username": "Ssraeshza",
            "time_raw": "2007-04-23, 23:22 # 11",
            "confidence": 0.72,
            "comment": "Citat: Ursprungligen postat av Solstickeflicka Jag och en vän tänkte åka till \"spökstationen\" Kymlinge imorgon. Jag har sökt en hel del, men inte fått svar på mina viktigaste frågor, tänkte därför att ni kanske kunde hjälpa mig. 1. Är det olagligt att gå in på Kymlinge, dvs att nån vakt kan komma och \"ta hand\" om en. 2. Måste man gå över tunnelbanespåren för att komma in på själva stationen? I sådana fall, hur gör man detta på bästa sätt? 3. V..."
          },
          {
            "source": "https://www.flashback.org/t2225405",
            "thread_url": "https://www.flashback.org/t2225405",
            "post_id": "post6932389",
            "username": "Torskfilé",
            "time_raw": "2007-04-23, 23:31 # 12",
            "confidence": 0.72,
            "comment": "Citat: Ursprungligen postat av Solstickeflicka Jag och en vän tänkte åka till \"spökstationen\" Kymlinge imorgon. Jag har sökt en hel del, men inte fått svar på mina viktigaste frågor, tänkte därför att ni kanske kunde hjälpa mig. 1. Är det olagligt att gå in på Kymlinge, dvs att nån vakt kan komma och \"ta hand\" om en. 2. Måste man gå över tunnelbanespåren för att komma in på själva stationen? I sådana fall, hur gör man detta på bästa sätt? 3. V..."
          }
        ],
        "source": "https://www.flashback.org/t2225405",
        "thread_url": "https://www.flashback.org/t2225405",
        "post_id": "post6932389",
        "username": "Torskfilé",
        "time_raw": "2007-04-23, 23:31 # 12",
        "confidence": 0.72,
        "comment": "Citat: Ursprungligen postat av Solstickeflicka Jag och en vän tänkte åka till \"spökstationen\" Kymlinge imorgon. Jag har sökt en hel del, men inte fått svar på mina viktigaste frågor, tänkte därför att ni kanske kunde hjälpa mig. 1. Är det olagligt att gå in på Kymlinge, dvs att nån vakt kan komma och \"ta hand\" om en. 2. Måste man gå över tunnelbanespåren för att komma in på själva stationen? I sådana fall, hur gör man detta på bästa sätt? 3. V..."
      }
    },
    {
      "type": "Feature",
      "geometry": {
        "type": "Point",
        "coordinates": [
          15.1709068,
          60.3581099
        ]
      },
      "properties": {
        "id": "f9d951399a01",
        "entity": "Puss",
        "query": "Puss, Sweden",
        "display_name": "Saras puss, Borlänge kommun, Dalarnas län, Sverige",
        "osm_type": "way",
        "osm_id": 385074605,
        "geocode_confidence": 0.13338829098954755,
        "evidence": [
          {
            "source": "https://www.flashback.org/t2225405",
            "thread_url": "https://www.flashback.org/t2225405",
            "post_id": "post6929621",
            "username": "rebban",
            "time_raw": "2007-04-23, 19:46 # 10",
            "confidence": 0.64,
            "comment": "Citat: Ursprungligen postat av Solstickeflicka Jag och en vän tänkte åka till \"spökstationen\" Kymlinge imorgon. Jag har sökt en hel del, men inte fått svar på mina viktigaste frågor, tänkte därför att ni kanske kunde hjälpa mig. 1. Är det olagligt att gå in på Kymlinge, dvs att nån vakt kan komma och \"ta hand\" om en. 2. Måste man gå över tunnelbanespåren för att komma in på själva stationen? I sådana fall, hur gör man detta på bästa sätt? 3. V..."
          }
        ],
        "source": "https://www.flashback.org/t2225405",
        "thread_url": "https://www.flashback.org/t2225405",
        "post_id": "post6929621",
        "username": "rebban",
        "time_raw": "2007-04-23, 19:46 # 10",
        "confidence": 0.64,
        "comment": "Citat: Ursprungligen postat av Solstickeflicka Jag och en vän tänkte åka till \"spökstationen\" Kymlinge imorgon. Jag har sökt en hel del, men inte fått svar på mina viktigaste frågor, tänkte därför att ni kanske kunde hjälpa mig. 1. Är det olagligt att gå in på Kymlinge, dvs att nån vakt kan komma och \"ta hand\" om en. 2. Måste man gå över tunnelbanespåren för att komma in på själva stationen? I sådana fall, hur gör man detta på bästa sätt? 3. V..."
      }
    },
    {
      "type": "Feature",
      "geometry": {
        "type": "Point",
        "coordinates": [
          12.2710848,
          57.0571869
        ]
      },
      "properties": {
        "id": "c5e0999f6334",
        "entity": "Din",
        "query": "Din, Sweden",
        "display_name": "Din X Sjömack, Träslövsläge, Varbergs kommun, Hallands län, 432 75, Sverige",
        "osm_type": "node",
        "osm_id": 8912270190,
        "geocode_confidence": 0.13339167696650642,
        "evidence": [
          {
            "source": "https://www.flashback.org/t2225405",
            "thread_url": "https://www.flashback.org/t2225405",
            "post_id": "post6929621",
            "username": "rebban",
            "time_raw": "2007-04-23, 19:46 # 10",
            "confidence": 0.64,
            "comment": "Citat: Ursprungligen postat av Solstickeflicka Jag och en vän tänkte åka till \"spökstationen\" Kymlinge imorgon. Jag har sökt en hel del, men inte fått svar på mina viktigaste frågor, tänkte därför att ni kanske kunde hjälpa mig. 1. Är det olagligt att gå in på Kymlinge, dvs att nån vakt kan komma och \"ta hand\" om en. 2. Måste man gå över tunnelbanespåren för att komma in på själva stationen? I sådana fall, hur gör man detta på bästa sätt? 3. V..."
          }
        ],
        "source": "https://www.flashback.org/t2225405",
        "thread_url": "https://www.flashback.org/t2225405",
        "post_id": "post6929621",
        "username": "rebban",
        "time_raw": "2007-04-23, 19:46 # 10",
        "confidence": 0.64,
        "comment": "Citat: Ursprungligen postat av Solstickeflicka Jag och en vän tänkte åka till \"spökstationen\" Kymlinge imorgon. Jag har sökt en hel del, men inte fått svar på mina viktigaste frågor, tänkte därför att ni kanske kunde hjälpa mig. 1. Är det olagligt att gå in på Kymlinge, dvs att nån vakt kan komma och \"ta hand\" om en. 2. Måste man gå över tunnelbanespåren för att komma in på själva stationen? I sådana fall, hur gör man detta på bästa sätt? 3. V..."
      }
    },
    {
      "type": "Feature",
      "geometry": {
        "type": "Point",
        "coordinates": [
          17.629645,
          59.8602852
        ]
      },
      "properties": {
        "id": "00616fcaee63",
        "entity": "Tar",
        "query": "Tar, Sweden",
        "display_name": "Cafe Tar, Sysslomansgatan, Främre Luthagen, Fjärdingen, Uppsala, Uppsala kommun, Uppsala län, 753 11, Sverige",
        "osm_type": "node",
        "osm_id": 801303294,
        "geocode_confidence": 7.216678110928538e-05,
        "evidence": [
          {
            "source": "https://www.flashback.org/t2225405",
            "thread_url": "https://www.flashback.org/t2225405",
            "post_id": "post6932269",
            "username": "Ssraeshza",
            "time_raw": "2007-04-23, 23:22 # 11",
            "confidence": 0.72,
            "comment": "Citat: Ursprungligen postat av Solstickeflicka Jag och en vän tänkte åka till \"spökstationen\" Kymlinge imorgon. Jag har sökt en hel del, men inte fått svar på mina viktigaste frågor, tänkte därför att ni kanske kunde hjälpa mig. 1. Är det olagligt att gå in på Kymlinge, dvs att nån vakt kan komma och \"ta hand\" om en. 2. Måste man gå över tunnelbanespåren för att komma in på själva stationen? I sådana fall, hur gör man detta på bästa sätt? 3. V..."
          }
        ],
        "source": "https://www.flashback.org/t2225405",
        "thread_url": "https://www.flashback.org/t2225405",
        "post_id": "post6932269",
        "username": "Ssraeshza",
        "time_raw": "2007-04-23, 23:22 # 11",
        "confidence": 0.72,
        "comment": "Citat: Ursprungligen postat av Solstickeflicka Jag och en vän tänkte åka till \"spökstationen\" Kymlinge imorgon. Jag har sökt en hel del, men inte fått svar på mina viktigaste frågor, tänkte därför att ni kanske kunde hjälpa mig. 1. Är det olagligt att gå in på Kymlinge, dvs att nån vakt kan komma och \"ta hand\" om en. 2. Måste man gå över tunnelbanespåren för att komma in på själva stationen? I sådana fall, hur gör man detta på bästa sätt? 3. V..."
      }
    },
    {
      "type": "Feature",
      "geometry": {
        "type": "Point",
        "coordinates": [
          12.7565135,
          56.1069278
        ]
      },
      "properties": {
        "id": "eb9a43c51d8a",
        "entity": "Tog",
        "query": "Tog, Sweden",
        "display_name": "Tögatan, Fleningetorp, Ödåkra, Helsingborgs kommun, Skåne län, 254 75, Sverige",
        "osm_type": "way",
        "osm_id": 74968225,
        "geocode_confidence": 0.053400104524299954,
        "evidence": [
          {
            "source": "https://www.flashback.org/t2225405",
            "thread_url": "https://www.flashback.org/t2225405",
            "post_id": "post6932269",
            "username": "Ssraeshza",
            "time_raw": "2007-04-23, 23:22 # 11",
            "confidence": 0.72,
            "comment": "Citat: Ursprungligen postat av Solstickeflicka Jag och en vän tänkte åka till \"spökstationen\" Kymlinge imorgon. Jag har sökt en hel del, men inte fått svar på mina viktigaste frågor, tänkte därför att ni kanske kunde hjälpa mig. 1. Är det olagligt att gå in på Kymlinge, dvs att nån vakt kan komma och \"ta hand\" om en. 2. Måste man gå över tunnelbanespåren för att komma in på själva stationen? I sådana fall, hur gör man detta på bästa sätt? 3. V..."
          }
        ],
        "source": "https://www.flashback.org/t2225405",
        "thread_url": "https://www.flashback.org/t2225405",
        "post_id": "post6932269",
        "username": "Ssraeshza",
        "time_raw": "2007-04-23, 23:22 # 11",
        "confidence": 0.72,
        "comment": "Citat: Ursprungligen postat av Solstickeflicka Jag och en vän tänkte åka till \"spökstationen\" Kymlinge imorgon. Jag har sökt en hel del, men inte fått svar på mina viktigaste frågor, tänkte därför att ni kanske kunde hjälpa mig. 1. Är det olagligt att gå in på Kymlinge, dvs att nån vakt kan komma och \"ta hand\" om en. 2. Måste man gå över tunnelbanespåren för att komma in på själva stationen? I sådana fall, hur gör man detta på bästa sätt? 3. V..."
      }
    },
    {
      "type": "Feature",
      "geometry": {
        "type": "Point",
        "coordinates": [
          17.730025,
          58.8907379
        ]
      },
      "properties": {
        "id": "033a221f4cac",
        "entity": "Karta",
        "query": "Karta, Sweden",
        "display_name": "Karta, Nynäshamns kommun, Stockholms län, Sverige",
        "osm_type": "way",
        "osm_id": 262260351,
        "geocode_confidence": 0.07194870560319186,
        "evidence": [
          {
            "source": "https://www.flashback.org/t2225405",
            "thread_url": "https://www.flashback.org/t2225405",
            "post_id": "post6932269",
            "username": "Ssraeshza",
            "time_raw": "2007-04-23, 23:22 # 11",
            "confidence": 0.72,
            "comment": "Citat: Ursprungligen postat av Solstickeflicka Jag och en vän tänkte åka till \"spökstationen\" Kymlinge imorgon. Jag har sökt en hel del, men inte fått svar på mina viktigaste frågor, tänkte därför att ni kanske kunde hjälpa mig. 1. Är det olagligt att gå in på Kymlinge, dvs att nån vakt kan komma och \"ta hand\" om en. 2. Måste man gå över tunnelbanespåren för att komma in på själva stationen? I sådana fall, hur gör man detta på bästa sätt? 3. V..."
          }
        ],
        "source": "https://www.flashback.org/t2225405",
        "thread_url": "https://www.flashback.org/t2225405",
        "post_id": "post6932269",
        "username": "Ssraeshza",
        "time_raw": "2007-04-23, 23:22 # 11",
        "confidence": 0.72,
        "comment": "Citat: Ursprungligen postat av Solstickeflicka Jag och en vän tänkte åka till \"spökstationen\" Kymlinge imorgon. Jag har sökt en hel del, men inte fått svar på mina viktigaste frågor, tänkte därför att ni kanske kunde hjälpa mig. 1. Är det olagligt att gå in på Kymlinge, dvs att nån vakt kan komma och \"ta hand\" om en. 2. Måste man gå över tunnelbanespåren för att komma in på själva stationen? I sådana fall, hur gör man detta på bästa sätt? 3. V..."
      }
    },
    {
      "type": "Feature",
      "geometry": {
        "type": "Point",
        "coordinates": [
          20.2492504,
          63.8175302
        ]
      },
      "properties": {
        "id": "e6c4698b02d6",
        "entity": "Tänk",
        "query": "Tänk, Sweden",
        "display_name": "Tankvägen, Väst-Teg, Teg, Umeå, Umeå kommun, Västerbottens län, 904 32, Sverige",
        "osm_type": "way",
        "osm_id": 27675318,
        "geocode_confidence": 0.05339974135957882,
        "evidence": [
          {
            "source": "https://www.flashback.org/t2225405",
            "thread_url": "https://www.flashback.org/t2225405",
            "post_id": "post6932269",
            "username": "Ssraeshza",
            "time_raw": "2007-04-23, 23:22 # 11",
            "confidence": 0.72,
            "comment": "Citat: Ursprungligen postat av Solstickeflicka Jag och en vän tänkte åka till \"spökstationen\" Kymlinge imorgon. Jag har sökt en hel del, men inte fått svar på mina viktigaste frågor, tänkte därför att ni kanske kunde hjälpa mig. 1. Är det olagligt att gå in på Kymlinge, dvs att nån vakt kan komma och \"ta hand\" om en. 2. Måste man gå över tunnelbanespåren för att komma in på själva stationen? I sådana fall, hur gör man detta på bästa sätt? 3. V..."
          }
        ],
        "source": "https://www.flashback.org/t2225405",
        "thread_url": "https://www.flashback.org/t2225405",
        "post_id": "post6932269",
        "username": "Ssraeshza",
        "time_raw": "2007-04-23, 23:22 # 11",
        "confidence": 0.72,
        "comment": "Citat: Ursprungligen postat av Solstickeflicka Jag och en vän tänkte åka till \"spökstationen\" Kymlinge imorgon. Jag har sökt en hel del, men inte fått svar på mina viktigaste frågor, tänkte därför att ni kanske kunde hjälpa mig. 1. Är det olagligt att gå in på Kymlinge, dvs att nån vakt kan komma och \"ta hand\" om en. 2. Måste man gå över tunnelbanespåren för att komma in på själva stationen? I sådana fall, hur gör man detta på bästa sätt? 3. V..."
      }
    },
    {
      "type": "Feature",
      "geometry": {
        "type": "Point",
        "coordinates": [
          18.0567824,
          59.3385369
        ]
      },
      "properties": {
        "id": "7e055def87e5",
        "entity": "Ofta",
        "query": "Ofta, Sweden",
        "display_name": "Skurkar döljer sig ofta under en godmodig, bullrande stortalighet, Drottninggatan, Norrmalm, Norra innerstadens stadsdelsområde, Stockholm, Stockholms kommun, Stockholms län, 111 60, Sverige",
        "osm_type": "node",
        "osm_id": 11185634759,
        "geocode_confidence": 8.40184634164495e-05,
        "evidence": [
          {
            "source": "https://www.flashback.org/t2225405",
            "thread_url": "https://www.flashback.org/t2225405",
            "post_id": "post6932269",
            "username": "Ssraeshza",
            "time_raw": "2007-04-23, 23:22 # 11",
            "confidence": 0.72,
            "comment": "Citat: Ursprungligen postat av Solstickeflicka Jag och en vän tänkte åka till \"spökstationen\" Kymlinge imorgon. Jag har sökt en hel del, men inte fått svar på mina viktigaste frågor, tänkte därför att ni kanske kunde hjälpa mig. 1. Är det olagligt att gå in på Kymlinge, dvs att nån vakt kan komma och \"ta hand\" om en. 2. Måste man gå över tunnelbanespåren för att komma in på själva stationen? I sådana fall, hur gör man detta på bästa sätt? 3. V..."
          }
        ],
        "source": "https://www.flashback.org/t2225405",
        "thread_url": "https://www.flashback.org/t2225405",
        "post_id": "post6932269",
        "username": "Ssraeshza",
        "time_raw": "2007-04-23, 23:22 # 11",
        "confidence": 0.72,
        "comment": "Citat: Ursprungligen postat av Solstickeflicka Jag och en vän tänkte åka till \"spökstationen\" Kymlinge imorgon. Jag har sökt en hel del, men inte fått svar på mina viktigaste frågor, tänkte därför att ni kanske kunde hjälpa mig. 1. Är det olagligt att gå in på Kymlinge, dvs att nån vakt kan komma och \"ta hand\" om en. 2. Måste man gå över tunnelbanespåren för att komma in på själva stationen? I sådana fall, hur gör man detta på bästa sätt? 3. V..."
      }
    },
    {
      "type": "Feature",
      "geometry": {
        "type": "Point",
        "coordinates": [
          17.969111,
          59.3744594
        ]
      },
      "properties": {
        "id": "e0f958ce95ec",
        "entity": "Hallonbergen",
        "query": "Hallonbergen, Sweden",
        "display_name": "Hallonbergen, Lötsjövägen, Hallonbergen, Sundbybergs kommun, Stockholms län, 174 52, Sverige",
        "osm_type": "node",
        "osm_id": 4225502328,
        "geocode_confidence": 0.406074657779347,
        "evidence": [
          {
            "source": "https://www.flashback.org/t2225405",
            "thread_url": "https://www.flashback.org/t2225405",
            "post_id": "post6932269",
            "username": "Ssraeshza",
            "time_raw": "2007-04-23, 23:22 # 11",
            "confidence": 0.72,
            "comment": "Citat: Ursprungligen postat av Solstickeflicka Jag och en vän tänkte åka till \"spökstationen\" Kymlinge imorgon. Jag har sökt en hel del, men inte fått svar på mina viktigaste frågor, tänkte därför att ni kanske kunde hjälpa mig. 1. Är det olagligt att gå in på Kymlinge, dvs att nån vakt kan komma och \"ta hand\" om en. 2. Måste man gå över tunnelbanespåren för att komma in på själva stationen? I sådana fall, hur gör man detta på bästa sätt? 3. V..."
          },
          {
            "source": "https://www.flashback.org/t3074043",
            "thread_url": "https://www.flashback.org/t3074043",
            "post_id": "post68631667",
            "username": "LadyCinderbottom",
            "time_raw": "2019-09-07, 19:01 # 2",
            "confidence": 0.84,
            "comment": "Citat: Ursprungligen postat av G2H1 Tjenare! Jag och mina kompisar blev sjukt sugna på att testa det här med UE. Vi vill alltså ta oss in på ödelagda platser. Problemet är att ingen av oss vet vart vi skulle kunna åka. Kikade runt lite här på flashback men hittade nästan bara gamla trådar. Så jag undrar om någon här skulle kunna rekommendera nåt fint ställe här i Stockholms trakterna nära västra Stockholm? Tack på förhand! Klassiker är Kymling..."
          },
          {
            "source": "https://www.flashback.org/t3074043",
            "thread_url": "https://www.flashback.org/t3074043",
            "post_id": "post68632158",
            "username": "G2H1",
            "time_raw": "2019-09-07, 19:57 # 3",
            "confidence": 0.76,
            "comment": "Citat: Ursprungligen postat av LadyCinderbottom Klassiker är Kymlinge station https://sv.m.wikipedia.org/wiki/Kymlinge_(tunnelbanestation ) \"Några subkulturer har haft ett speciellt intresse av Kymlinge. Grusplanen nedanför plattformen har fått tjäna som festplats för ett antal ravefester. Stationen är även ett favoritmål inom urban exploration-kulturen\" Ligger i Sumpans kommun mot Hallonbergen - Kista. Vet inte hur det ser ut nuförtiden men e..."
          },
          {
            "source": "https://www.flashback.org/t3074043",
            "thread_url": "https://www.flashback.org/t3074043",
            "post_id": "post68662951",
            "username": "tunnelgruppen",
            "time_raw": "2019-09-10, 19:03 # 4",
            "confidence": 0.84,
            "comment": "Citat: Ursprungligen postat av LadyCinderbottom Klassiker är Kymlinge station https://sv.m.wikipedia.org/wiki/Kymlinge_(tunnelbanestation ) \"Några subkulturer har haft ett speciellt intresse av Kymlinge. Grusplanen nedanför plattformen har fått tjäna som festplats för ett antal ravefester. Stationen är även ett favoritmål inom urban exploration-kulturen\" Ligger i Sumpans kommun mot Hallonbergen - Kista. Vet inte hur det ser ut nuförtiden men e..."
          }
        ],
        "source": "https://www.flashback.org/t3074043",
        "thread_url": "https://www.flashback.org/t3074043",
        "post_id": "post68662951",
        "username": "tunnelgruppen",
        "time_raw": "2019-09-10, 19:03 # 4",
        "confidence": 0.84,
        "comment": "Citat: Ursprungligen postat av LadyCinderbottom Klassiker är Kymlinge station https://sv.m.wikipedia.org/wiki/Kymlinge_(tunnelbanestation ) \"Några subkulturer har haft ett speciellt intresse av Kymlinge. Grusplanen nedanför plattformen har fått tjäna som festplats för ett antal ravefester. Stationen är även ett favoritmål inom urban exploration-kulturen\" Ligger i Sumpans kommun mot Hallonbergen - Kista. Vet inte hur det ser ut nuförtiden men e..."
      }
    },
    {
      "type": "Feature",
      "geometry": {
        "type": "Point",
        "coordinates": [
          13.4344351,
          59.3760848
        ]
      },
      "properties": {
        "id": "6ea063a63ad8",
        "entity": "Akta",
        "query": "Akta, Sweden",
        "display_name": "Monséns Äkta Mattor AB, 7, Bergviksvägen, Katrineberg, Karlstad, Karlstads kommun, Värmlands län, 653 46, Sverige",
        "osm_type": "node",
        "osm_id": 12359991211,
        "geocode_confidence": 6.476157778281862e-05,
        "evidence": [
          {
            "source": "https://www.flashback.org/t2225405",
            "thread_url": "https://www.flashback.org/t2225405",
            "post_id": "post6932269",
            "username": "Ssraeshza",
            "time_raw": "2007-04-23, 23:22 # 11",
            "confidence": 0.72,
            "comment": "Citat: Ursprungligen postat av Solstickeflicka Jag och en vän tänkte åka till \"spökstationen\" Kymlinge imorgon. Jag har sökt en hel del, men inte fått svar på mina viktigaste frågor, tänkte därför att ni kanske kunde hjälpa mig. 1. Är det olagligt att gå in på Kymlinge, dvs att nån vakt kan komma och \"ta hand\" om en. 2. Måste man gå över tunnelbanespåren för att komma in på själva stationen? I sådana fall, hur gör man detta på bästa sätt? 3. V..."
          }
        ],
        "source": "https://www.flashback.org/t2225405",
        "thread_url": "https://www.flashback.org/t2225405",
        "post_id": "post6932269",
        "username": "Ssraeshza",
        "time_raw": "2007-04-23, 23:22 # 11",
        "confidence": 0.72,
        "comment": "Citat: Ursprungligen postat av Solstickeflicka Jag och en vän tänkte åka till \"spökstationen\" Kymlinge imorgon. Jag har sökt en hel del, men inte fått svar på mina viktigaste frågor, tänkte därför att ni kanske kunde hjälpa mig. 1. Är det olagligt att gå in på Kymlinge, dvs att nån vakt kan komma och \"ta hand\" om en. 2. Måste man gå över tunnelbanespåren för att komma in på själva stationen? I sådana fall, hur gör man detta på bästa sätt? 3. V..."
      }
    },
    {
      "type": "Feature",
      "geometry": {
        "type": "Point",
        "coordinates": [
          12.6303741,
          58.9292885
        ]
      },
      "properties": {
        "id": "fce840d5b9a0",
        "entity": "Kallas",
        "query": "Kallas, Sweden",
        "display_name": "Kallas, Slädekärr, Åmåls kommun, Västra Götalands län, 662 98, Sverige",
        "osm_type": "node",
        "osm_id": 7482833341,
        "geocode_confidence": 0.10672288166628517,
        "evidence": [
          {
            "source": "https://www.flashback.org/t1421697",
            "thread_url": "https://www.flashback.org/t1421697",
            "post_id": "post28186209",
            "username": "Andiders",
            "time_raw": "2011-01-12, 22:55 # 5",
            "confidence": 0.52,
            "comment": "Kallas väl kullvertar? (osäker stavning på de ordet) Flesta sjukhus har sådana, bl.a i Stockholm finns det flera i tunnelbanorna som är kopplade till sjukhus och andra byggnader."
          }
        ],
        "source": "https://www.flashback.org/t1421697",
        "thread_url": "https://www.flashback.org/t1421697",
        "post_id": "post28186209",
        "username": "Andiders",
        "time_raw": "2011-01-12, 22:55 # 5",
        "confidence": 0.52,
        "comment": "Kallas väl kullvertar? (osäker stavning på de ordet) Flesta sjukhus har sådana, bl.a i Stockholm finns det flera i tunnelbanorna som är kopplade till sjukhus och andra byggnader."
      }
    },
    {
      "type": "Feature",
      "geometry": {
        "type": "Point",
        "coordinates": [
          18.0679296,
          59.3183375
        ]
      },
      "properties": {
        "id": "9923b4f2ccf3",
        "entity": "Sankta Maria",
        "query": "Sankta Maria, Sweden",
        "display_name": "Sankta Maria, Södermalm, Södermalms stadsdelsområde, Stockholm, Stockholms kommun, Stockholms län, 118 47, Sverige",
        "osm_type": "node",
        "osm_id": 3194268573,
        "geocode_confidence": 0.06675068513008316,
        "evidence": [
          {
            "source": "https://www.flashback.org/t1421697",
            "thread_url": "https://www.flashback.org/t1421697",
            "post_id": "post28186946",
            "username": "prudens",
            "time_raw": "2011-01-12, 23:25 # 8",
            "confidence": 0.68,
            "comment": "Sankta Maria sjukhus var ett spännande hospital. Vet en hel del om detta ställe. Kulvertsystemet var som en liten värld i världen... Fanns även stora vindar belamrade med \"redskap\" från den experimentella eran av hospitalets historia. Intressant ställe."
          },
          {
            "source": "https://www.flashback.org/t1421697",
            "thread_url": "https://www.flashback.org/t1421697",
            "post_id": "post28186990",
            "username": "swepoman",
            "time_raw": "2011-01-12, 23:27 # 9",
            "confidence": 0.68,
            "comment": "Citat: Ursprungligen postat av prudens Sankta Maria sjukhus var ett spännande hospital. Vet en hel del om detta ställe. Kulvertsystemet var som en liten värld i världen... Fanns även stora vindar belamrade med \"redskap\" från den experimentella eran av hospitalets historia. Intressant ställe. Har du mer information om exprimenten du vill dela med dig av? =)"
          },
          {
            "source": "https://www.flashback.org/t1421697",
            "thread_url": "https://www.flashback.org/t1421697",
            "post_id": "post28237375",
            "username": "MiJe",
            "time_raw": "2011-01-15, 03:25 # 12",
            "confidence": 0.76,
            "comment": "Jag har varit i delar av kulvertarna och i vissa av rummen där nere vilka var kaklade, vad hade de gjort i de rummen? När jag var ungefär 15 gick jag där på kurs, målning, då hade inte skolorna kommit dit ännu så allt var i princip orört. Vi fick gå in i alla salar, kök och något badrum. Var inte så värst intresserad och visste heller inte så mycket då, tyvärr! Men vi fick i allafall ta porslin från köken och måla på...och attans att jag gav b..."
          }
        ],
        "source": "https://www.flashback.org/t1421697",
        "thread_url": "https://www.flashback.org/t1421697",
        "post_id": "post28237375",
        "username": "MiJe",
        "time_raw": "2011-01-15, 03:25 # 12",
        "confidence": 0.76,
        "comment": "Jag har varit i delar av kulvertarna och i vissa av rummen där nere vilka var kaklade, vad hade de gjort i de rummen? När jag var ungefär 15 gick jag där på kurs, målning, då hade inte skolorna kommit dit ännu så allt var i princip orört. Vi fick gå in i alla salar, kök och något badrum. Var inte så värst intresserad och visste heller inte så mycket då, tyvärr! Men vi fick i allafall ta porslin från köken och måla på...och attans att jag gav b..."
      }
    },
    {
      "type": "Feature",
      "geometry": {
        "type": "Point",
        "coordinates": [
          12.75,
          56.083333
        ]
      },
      "properties": {
        "id": "6ec5145c2549",
        "entity": "Helsingborgs",
        "query": "Helsingborgs, Sweden",
        "display_name": "Helsingborgs kommun, Skåne län, Sverige",
        "osm_type": "relation",
        "osm_id": 935560,
        "geocode_confidence": 0.49261058019058124,
        "evidence": [
          {
            "source": "https://www.flashback.org/t1421697",
            "thread_url": "https://www.flashback.org/t1421697",
            "post_id": "post28237375",
            "username": "MiJe",
            "time_raw": "2011-01-15, 03:25 # 12",
            "confidence": 0.76,
            "comment": "Jag har varit i delar av kulvertarna och i vissa av rummen där nere vilka var kaklade, vad hade de gjort i de rummen? När jag var ungefär 15 gick jag där på kurs, målning, då hade inte skolorna kommit dit ännu så allt var i princip orört. Vi fick gå in i alla salar, kök och något badrum. Var inte så värst intresserad och visste heller inte så mycket då, tyvärr! Men vi fick i allafall ta porslin från köken och måla på...och attans att jag gav b..."
          }
        ],
        "source": "https://www.flashback.org/t1421697",
        "thread_url": "https://www.flashback.org/t1421697",
        "post_id": "post28237375",
        "username": "MiJe",
        "time_raw": "2011-01-15, 03:25 # 12",
        "confidence": 0.76,
        "comment": "Jag har varit i delar av kulvertarna och i vissa av rummen där nere vilka var kaklade, vad hade de gjort i de rummen? När jag var ungefär 15 gick jag där på kurs, målning, då hade inte skolorna kommit dit ännu så allt var i princip orört. Vi fick gå in i alla salar, kök och något badrum. Var inte så värst intresserad och visste heller inte så mycket då, tyvärr! Men vi fick i allafall ta porslin från köken och måla på...och attans att jag gav b..."
      }
    },
    {
      "type": "Feature",
      "geometry": {
        "type": "Point",
        "coordinates": [
          17.8966485,
          59.2448271
        ]
      },
      "properties": {
        "id": "e6568861a6fc",
        "entity": "Minns",
        "query": "Minns, Sweden",
        "display_name": "Ingen minns en fegis, Loviseberg, Huddinge kommun, Stockholms län, 143 32, Sverige",
        "osm_type": "way",
        "osm_id": 1218900580,
        "geocode_confidence": 0.04005845044632638,
        "evidence": [
          {
            "source": "https://www.flashback.org/t1421697p2",
            "thread_url": "https://www.flashback.org/t1421697",
            "post_id": "post28864649",
            "username": "Zenerdiod",
            "time_raw": "2011-02-13, 14:39 # 16",
            "confidence": 0.56,
            "comment": "Var nere i gångarna i början av 90talet då jag gjorde min praktik som drifttekniker. Minns inte så mycket av dem mer än att vissa gångar hade räls. Patienterna fick skjuta kolvagnar i gångarna för uppvärmning av det gigantiska sjukhuset. Med tillgång till alla låsta utrymmen till det gamla sjukhuset var dock vinden häftigast. Det var hur kul som helst att läsa gamla journaler från 40 och 50 talet. Stället kan ge vem som helst kalla kårar."
          }
        ],
        "source": "https://www.flashback.org/t1421697p2",
        "thread_url": "https://www.flashback.org/t1421697",
        "post_id": "post28864649",
        "username": "Zenerdiod",
        "time_raw": "2011-02-13, 14:39 # 16",
        "confidence": 0.56,
        "comment": "Var nere i gångarna i början av 90talet då jag gjorde min praktik som drifttekniker. Minns inte så mycket av dem mer än att vissa gångar hade räls. Patienterna fick skjuta kolvagnar i gångarna för uppvärmning av det gigantiska sjukhuset. Med tillgång till alla låsta utrymmen till det gamla sjukhuset var dock vinden häftigast. Det var hur kul som helst att läsa gamla journaler från 40 och 50 talet. Stället kan ge vem som helst kalla kårar."
      }
    },
    {
      "type": "Feature",
      "geometry": {
        "type": "Point",
        "coordinates": [
          13.1152498,
          57.1822014
        ]
      },
      "properties": {
        "id": "bdb2fe65ca87",
        "entity": "Stället",
        "query": "Stället, Sweden",
        "display_name": "Stället, Svenljunga kommun, Västra Götalands län, Sverige",
        "osm_type": "node",
        "osm_id": 7496588523,
        "geocode_confidence": 0.10672368429083694,
        "evidence": [
          {
            "source": "https://www.flashback.org/t1421697p2",
            "thread_url": "https://www.flashback.org/t1421697",
            "post_id": "post28864649",
            "username": "Zenerdiod",
            "time_raw": "2011-02-13, 14:39 # 16",
            "confidence": 0.56,
            "comment": "Var nere i gångarna i början av 90talet då jag gjorde min praktik som drifttekniker. Minns inte så mycket av dem mer än att vissa gångar hade räls. Patienterna fick skjuta kolvagnar i gångarna för uppvärmning av det gigantiska sjukhuset. Med tillgång till alla låsta utrymmen till det gamla sjukhuset var dock vinden häftigast. Det var hur kul som helst att läsa gamla journaler från 40 och 50 talet. Stället kan ge vem som helst kalla kårar."
          }
        ],
        "source": "https://www.flashback.org/t1421697p2",
        "thread_url": "https://www.flashback.org/t1421697",
        "post_id": "post28864649",
        "username": "Zenerdiod",
        "time_raw": "2011-02-13, 14:39 # 16",
        "confidence": 0.56,
        "comment": "Var nere i gångarna i början av 90talet då jag gjorde min praktik som drifttekniker. Minns inte så mycket av dem mer än att vissa gångar hade räls. Patienterna fick skjuta kolvagnar i gångarna för uppvärmning av det gigantiska sjukhuset. Med tillgång till alla låsta utrymmen till det gamla sjukhuset var dock vinden häftigast. Det var hur kul som helst att läsa gamla journaler från 40 och 50 talet. Stället kan ge vem som helst kalla kårar."
      }
    },
    {
      "type": "Feature",
      "geometry": {
        "type": "Point",
        "coordinates": [
          12.710587,
          56.0759768
        ]
      },
      "properties": {
        "id": "45c5529cfdda",
        "entity": "Maria",
        "query": "Maria, Sweden",
        "display_name": "Maria, Maria Stationsgata, Mariastaden, Helsingborg, Helsingborgs kommun, Skåne län, 254 47, Sverige",
        "osm_type": "node",
        "osm_id": 1117534632,
        "geocode_confidence": 0.31568281446101826,
        "evidence": [
          {
            "source": "https://www.flashback.org/t1421697p2",
            "thread_url": "https://www.flashback.org/t1421697",
            "post_id": "post28899543",
            "username": "Zenerdiod",
            "time_raw": "2011-02-15, 02:42 # 17",
            "confidence": 0.52,
            "comment": "Ett förtydligande. Då jag var nere i kulvertarna och uppe på vinden 92 så hette stället inte Mariapark utan st Maria. Då var det fortfarande en del av Helsingsborgs sjukhus och inte ett bostadsprojekt som jag insett att det blivit i dag. 1992 så var större delen av sjukhuset i malpåse men de hade fortfarande ca 40 vårdplatser. Då sjukhuset hade sin storhetstid så hyste de minst 1000 vårdplatser förmodligen fler med tanke på den gigantiska infr..."
          }
        ],
        "source": "https://www.flashback.org/t1421697p2",
        "thread_url": "https://www.flashback.org/t1421697",
        "post_id": "post28899543",
        "username": "Zenerdiod",
        "time_raw": "2011-02-15, 02:42 # 17",
        "confidence": 0.52,
        "comment": "Ett förtydligande. Då jag var nere i kulvertarna och uppe på vinden 92 så hette stället inte Mariapark utan st Maria. Då var det fortfarande en del av Helsingsborgs sjukhus och inte ett bostadsprojekt som jag insett att det blivit i dag. 1992 så var större delen av sjukhuset i malpåse men de hade fortfarande ca 40 vårdplatser. Då sjukhuset hade sin storhetstid så hyste de minst 1000 vårdplatser förmodligen fler med tanke på den gigantiska infr..."
      }
    },
    {
      "type": "Feature",
      "geometry": {
        "type": "Point",
        "coordinates": [
          -81.1351006,
          33.3790427
        ]
      },
      "properties": {
        "id": "903bb524800f",
        "entity": "Hussar",
        "query": "Hussar, Sweden",
        "display_name": "Sweden, Bamberg County, South Carolina, United States",
        "osm_type": "node",
        "osm_id": 154114129,
        "geocode_confidence": 0.1570394422394589,
        "evidence": [
          {
            "source": "https://www.flashback.org/t1421697p2",
            "thread_url": "https://www.flashback.org/t1421697",
            "post_id": "post36317694",
            "username": "tearsneverdry",
            "time_raw": "2012-03-18, 02:34 # 18",
            "confidence": 0.56,
            "comment": "folk borde sluta fantisera Kan berätta lite av de jag vet om kulvertsarna på Mariapark... till att börja med så ja det fans en sjukt lång underjordisk gång men nej den gick inte till nått slott (sofiero eller kullagunnarstorp) utan till berga och det dåvarande Hussar regementet K5. gången som är 2 st är sedan länge igenbommade men för de som har tillgång till källaren på stora kasernen på berga kan i den norra delen se tydligt vart man murat i..."
          },
          {
            "source": "https://www.flashback.org/t1421697p2",
            "thread_url": "https://www.flashback.org/t1421697",
            "post_id": "post37058248",
            "username": "cadoro",
            "time_raw": "2012-04-27, 13:40 # 19",
            "confidence": 0.64,
            "comment": "Citat: Ursprungligen postat av tearsneverdry folk borde sluta fantisera Kan berätta lite av de jag vet om kulvertsarna på Mariapark... till att börja med så ja det fans en sjukt lång underjordisk gång men nej den gick inte till nått slott (sofiero eller kullagunnarstorp) utan till berga och det dåvarande Hussar regementet K5. gången som är 2 st är sedan länge igenbommade men för de som har tillgång till källaren på stora kasernen på berga kan..."
          }
        ],
        "source": "https://www.flashback.org/t1421697p2",
        "thread_url": "https://www.flashback.org/t1421697",
        "post_id": "post37058248",
        "username": "cadoro",
        "time_raw": "2012-04-27, 13:40 # 19",
        "confidence": 0.64,
        "comment": "Citat: Ursprungligen postat av tearsneverdry folk borde sluta fantisera Kan berätta lite av de jag vet om kulvertsarna på Mariapark... till att börja med så ja det fans en sjukt lång underjordisk gång men nej den gick inte till nått slott (sofiero eller kullagunnarstorp) utan till berga och det dåvarande Hussar regementet K5. gången som är 2 st är sedan länge igenbommade men för de som har tillgång till källaren på stora kasernen på berga kan..."
      }
    },
    {
      "type": "Feature",
      "geometry": {
        "type": "Point",
        "coordinates": [
          22.2044253,
          65.5553258
        ]
      },
      "properties": {
        "id": "da77a45851ec",
        "entity": "Nja",
        "query": "Nja, Sweden",
        "display_name": "NJA-leden, Svartöstan, Luleå, Luleå kommun, Norrbottens län, 974 37, Sverige",
        "osm_type": "way",
        "osm_id": 995173362,
        "geocode_confidence": 0.05339635233081556,
        "evidence": [
          {
            "source": "https://www.flashback.org/t1421697p2",
            "thread_url": "https://www.flashback.org/t1421697",
            "post_id": "post37058248",
            "username": "cadoro",
            "time_raw": "2012-04-27, 13:40 # 19",
            "confidence": 0.64,
            "comment": "Citat: Ursprungligen postat av tearsneverdry folk borde sluta fantisera Kan berätta lite av de jag vet om kulvertsarna på Mariapark... till att börja med så ja det fans en sjukt lång underjordisk gång men nej den gick inte till nått slott (sofiero eller kullagunnarstorp) utan till berga och det dåvarande Hussar regementet K5. gången som är 2 st är sedan länge igenbommade men för de som har tillgång till källaren på stora kasernen på berga kan..."
          }
        ],
        "source": "https://www.flashback.org/t1421697p2",
        "thread_url": "https://www.flashback.org/t1421697",
        "post_id": "post37058248",
        "username": "cadoro",
        "time_raw": "2012-04-27, 13:40 # 19",
        "confidence": 0.64,
        "comment": "Citat: Ursprungligen postat av tearsneverdry folk borde sluta fantisera Kan berätta lite av de jag vet om kulvertsarna på Mariapark... till att börja med så ja det fans en sjukt lång underjordisk gång men nej den gick inte till nått slott (sofiero eller kullagunnarstorp) utan till berga och det dåvarande Hussar regementet K5. gången som är 2 st är sedan länge igenbommade men för de som har tillgång till källaren på stora kasernen på berga kan..."
      }
    },
    {
      "type": "Feature",
      "geometry": {
        "type": "Point",
        "coordinates": [
          13.0884504,
          63.9567958
        ]
      },
      "properties": {
        "id": "6e83084957c6",
        "entity": "Kyrkan",
        "query": "Kyrkan, Sweden",
        "display_name": "Kyrkan, Åre kommun, Jämtlands län, Sverige",
        "osm_type": "node",
        "osm_id": 6503279754,
        "geocode_confidence": 0.1600579621576257,
        "evidence": [
          {
            "source": "https://www.flashback.org/t1421697p2",
            "thread_url": "https://www.flashback.org/t1421697",
            "post_id": "post37058248",
            "username": "cadoro",
            "time_raw": "2012-04-27, 13:40 # 19",
            "confidence": 0.64,
            "comment": "Citat: Ursprungligen postat av tearsneverdry folk borde sluta fantisera Kan berätta lite av de jag vet om kulvertsarna på Mariapark... till att börja med så ja det fans en sjukt lång underjordisk gång men nej den gick inte till nått slott (sofiero eller kullagunnarstorp) utan till berga och det dåvarande Hussar regementet K5. gången som är 2 st är sedan länge igenbommade men för de som har tillgång till källaren på stora kasernen på berga kan..."
          }
        ],
        "source": "https://www.flashback.org/t1421697p2",
        "thread_url": "https://www.flashback.org/t1421697",
        "post_id": "post37058248",
        "username": "cadoro",
        "time_raw": "2012-04-27, 13:40 # 19",
        "confidence": 0.64,
        "comment": "Citat: Ursprungligen postat av tearsneverdry folk borde sluta fantisera Kan berätta lite av de jag vet om kulvertsarna på Mariapark... till att börja med så ja det fans en sjukt lång underjordisk gång men nej den gick inte till nått slott (sofiero eller kullagunnarstorp) utan till berga och det dåvarande Hussar regementet K5. gången som är 2 st är sedan länge igenbommade men för de som har tillgång till källaren på stora kasernen på berga kan..."
      }
    },
    {
      "type": "Feature",
      "geometry": {
        "type": "Point",
        "coordinates": [
          12.6388067,
          56.0983313
        ]
      },
      "properties": {
        "id": "a91c289f19fa",
        "entity": "Hittarp",
        "query": "Hittarp, Sweden",
        "display_name": "Hittarp, Helsingborgs kommun, Skåne län, 252 85, Sverige",
        "osm_type": "node",
        "osm_id": 701297609,
        "geocode_confidence": 0.1467334378576333,
        "evidence": [
          {
            "source": "https://www.flashback.org/t1421697p2",
            "thread_url": "https://www.flashback.org/t1421697",
            "post_id": "post37058248",
            "username": "cadoro",
            "time_raw": "2012-04-27, 13:40 # 19",
            "confidence": 0.64,
            "comment": "Citat: Ursprungligen postat av tearsneverdry folk borde sluta fantisera Kan berätta lite av de jag vet om kulvertsarna på Mariapark... till att börja med så ja det fans en sjukt lång underjordisk gång men nej den gick inte till nått slott (sofiero eller kullagunnarstorp) utan till berga och det dåvarande Hussar regementet K5. gången som är 2 st är sedan länge igenbommade men för de som har tillgång till källaren på stora kasernen på berga kan..."
          }
        ],
        "source": "https://www.flashback.org/t1421697p2",
        "thread_url": "https://www.flashback.org/t1421697",
        "post_id": "post37058248",
        "username": "cadoro",
        "time_raw": "2012-04-27, 13:40 # 19",
        "confidence": 0.64,
        "comment": "Citat: Ursprungligen postat av tearsneverdry folk borde sluta fantisera Kan berätta lite av de jag vet om kulvertsarna på Mariapark... till att börja med så ja det fans en sjukt lång underjordisk gång men nej den gick inte till nått slott (sofiero eller kullagunnarstorp) utan till berga och det dåvarande Hussar regementet K5. gången som är 2 st är sedan länge igenbommade men för de som har tillgång till källaren på stora kasernen på berga kan..."
      }
    },
    {
      "type": "Feature",
      "geometry": {
        "type": "Point",
        "coordinates": [
          13.8508968,
          58.3365893
        ]
      },
      "properties": {
        "id": "009b79d8eac1",
        "entity": "Sofiero",
        "query": "Sofiero, Sweden",
        "display_name": "Sofiero, Sjogerstad-Rådene distrikt, Skultorp, Skövde kommun, Västra Götalands län, 541 57, Sverige",
        "osm_type": "node",
        "osm_id": 7491798825,
        "geocode_confidence": 0.13339311894407566,
        "evidence": [
          {
            "source": "https://www.flashback.org/t1421697p2",
            "thread_url": "https://www.flashback.org/t1421697",
            "post_id": "post37058248",
            "username": "cadoro",
            "time_raw": "2012-04-27, 13:40 # 19",
            "confidence": 0.64,
            "comment": "Citat: Ursprungligen postat av tearsneverdry folk borde sluta fantisera Kan berätta lite av de jag vet om kulvertsarna på Mariapark... till att börja med så ja det fans en sjukt lång underjordisk gång men nej den gick inte till nått slott (sofiero eller kullagunnarstorp) utan till berga och det dåvarande Hussar regementet K5. gången som är 2 st är sedan länge igenbommade men för de som har tillgång till källaren på stora kasernen på berga kan..."
          }
        ],
        "source": "https://www.flashback.org/t1421697p2",
        "thread_url": "https://www.flashback.org/t1421697",
        "post_id": "post37058248",
        "username": "cadoro",
        "time_raw": "2012-04-27, 13:40 # 19",
        "confidence": 0.64,
        "comment": "Citat: Ursprungligen postat av tearsneverdry folk borde sluta fantisera Kan berätta lite av de jag vet om kulvertsarna på Mariapark... till att börja med så ja det fans en sjukt lång underjordisk gång men nej den gick inte till nått slott (sofiero eller kullagunnarstorp) utan till berga och det dåvarande Hussar regementet K5. gången som är 2 st är sedan länge igenbommade men för de som har tillgång till källaren på stora kasernen på berga kan..."
      }
    },
    {
      "type": "Feature",
      "geometry": {
        "type": "Point",
        "coordinates": [
          18.054891,
          59.3172663
        ]
      },
      "properties": {
        "id": "0b7b0d2dd355",
        "entity": "Dom",
        "query": "Dom, Sweden",
        "display_name": "Dom, Krukmakargatan, Zinkensdamm, Södermalm, Södermalms stadsdelsområde, Stockholm, Stockholms kommun, Stockholms län, 118 21, Sverige",
        "osm_type": "node",
        "osm_id": 1144620878,
        "geocode_confidence": 8.40184634164495e-05,
        "evidence": [
          {
            "source": "https://www.flashback.org/t1421697p2",
            "thread_url": "https://www.flashback.org/t1421697",
            "post_id": "post37058248",
            "username": "cadoro",
            "time_raw": "2012-04-27, 13:40 # 19",
            "confidence": 0.64,
            "comment": "Citat: Ursprungligen postat av tearsneverdry folk borde sluta fantisera Kan berätta lite av de jag vet om kulvertsarna på Mariapark... till att börja med så ja det fans en sjukt lång underjordisk gång men nej den gick inte till nått slott (sofiero eller kullagunnarstorp) utan till berga och det dåvarande Hussar regementet K5. gången som är 2 st är sedan länge igenbommade men för de som har tillgång till källaren på stora kasernen på berga kan..."
          },
          {
            "source": "https://www.flashback.org/t1421697p2",
            "thread_url": "https://www.flashback.org/t1421697",
            "post_id": "post94235031",
            "username": null,
            "time_raw": "2026-02-06, 17:17 # 23",
            "confidence": 0.56,
            "comment": "Citat: Ursprungligen postat av cadoro Bor du i Helsingborg? Dom är flera mil långa kan jag säga! Utveckla gärna? Att de går från maria park mentalsjukhus och in i centrala helsingborg vet vi men det blir inga mil."
          },
          {
            "source": "https://www.flashback.org/t19834p2",
            "thread_url": "https://www.flashback.org/t19834",
            "post_id": "post135077",
            "username": "äldre konto (old)",
            "time_raw": "2003-06-26, 01:01 # 17",
            "confidence": 0.84,
            "comment": "Från kulvertarna under Chalmers går det att ta sig bort till Majorna (Mariaplan) enligt uppgift. Såna här små böjda gröna luftintag avslöjar ju rätt mycket om underjordiska tunnlar sträckningar. Dom går ju att se i t.ex. Gårda (runt Ullevi, längs fabriksgatan). Ute i Kortedala och Bergsjön finns det också en hel del såna. Vid berget vid SKF (på vänster sida strax innan Bellevue, från stan sett) finns ju fyra eller fem stora portar rakt in i be..."
          }
        ],
        "source": "https://www.flashback.org/t19834p2",
        "thread_url": "https://www.flashback.org/t19834",
        "post_id": "post135077",
        "username": "äldre konto (old)",
        "time_raw": "2003-06-26, 01:01 # 17",
        "confidence": 0.84,
        "comment": "Från kulvertarna under Chalmers går det att ta sig bort till Majorna (Mariaplan) enligt uppgift. Såna här små böjda gröna luftintag avslöjar ju rätt mycket om underjordiska tunnlar sträckningar. Dom går ju att se i t.ex. Gårda (runt Ullevi, längs fabriksgatan). Ute i Kortedala och Bergsjön finns det också en hel del såna. Vid berget vid SKF (på vänster sida strax innan Bellevue, från stan sett) finns ju fyra eller fem stora portar rakt in i be..."
      }
    },
    {
      "type": "Feature",
      "geometry": {
        "type": "Point",
        "coordinates": [
          12.703706,
          56.0442098
        ]
      },
      "properties": {
        "id": "c3d36182c8a4",
        "entity": "Helsingborg",
        "query": "Helsingborg, Sweden",
        "display_name": "Helsingborg, Helsingborgs kommun, Skåne län, 252 68, Sverige",
        "osm_type": "node",
        "osm_id": 15412058,
        "geocode_confidence": 0.6214764680398264,
        "evidence": [
          {
            "source": "https://www.flashback.org/t1421697p2",
            "thread_url": "https://www.flashback.org/t1421697",
            "post_id": "post94235031",
            "username": null,
            "time_raw": "2026-02-06, 17:17 # 23",
            "confidence": 0.56,
            "comment": "Citat: Ursprungligen postat av cadoro Bor du i Helsingborg? Dom är flera mil långa kan jag säga! Utveckla gärna? Att de går från maria park mentalsjukhus och in i centrala helsingborg vet vi men det blir inga mil."
          }
        ],
        "source": "https://www.flashback.org/t1421697p2",
        "thread_url": "https://www.flashback.org/t1421697",
        "post_id": "post94235031",
        "username": null,
        "time_raw": "2026-02-06, 17:17 # 23",
        "confidence": 0.56,
        "comment": "Citat: Ursprungligen postat av cadoro Bor du i Helsingborg? Dom är flera mil långa kan jag säga! Utveckla gärna? Att de går från maria park mentalsjukhus och in i centrala helsingborg vet vi men det blir inga mil."
      }
    },
    {
      "type": "Feature",
      "geometry": {
        "type": "Point",
        "coordinates": [
          14.1691755,
          57.1157565
        ]
      },
      "properties": {
        "id": "67b15bd78a68",
        "entity": "Bor",
        "query": "Bor, Sweden",
        "display_name": "Bor, Stationsvägen, Bor, Värnamo kommun, Jönköpings län, 330 15, Sverige",
        "osm_type": "node",
        "osm_id": 89559193,
        "geocode_confidence": 0.2328416436185146,
        "evidence": [
          {
            "source": "https://www.flashback.org/t1421697p2",
            "thread_url": "https://www.flashback.org/t1421697",
            "post_id": "post94235031",
            "username": null,
            "time_raw": "2026-02-06, 17:17 # 23",
            "confidence": 0.56,
            "comment": "Citat: Ursprungligen postat av cadoro Bor du i Helsingborg? Dom är flera mil långa kan jag säga! Utveckla gärna? Att de går från maria park mentalsjukhus och in i centrala helsingborg vet vi men det blir inga mil."
          }
        ],
        "source": "https://www.flashback.org/t1421697p2",
        "thread_url": "https://www.flashback.org/t1421697",
        "post_id": "post94235031",
        "username": null,
        "time_raw": "2026-02-06, 17:17 # 23",
        "confidence": 0.56,
        "comment": "Citat: Ursprungligen postat av cadoro Bor du i Helsingborg? Dom är flera mil långa kan jag säga! Utveckla gärna? Att de går från maria park mentalsjukhus och in i centrala helsingborg vet vi men det blir inga mil."
      }
    },
    {
      "type": "Feature",
      "geometry": {
        "type": "Point",
        "coordinates": [
          12.0153085,
          57.6564918
        ]
      },
      "properties": {
        "id": "9b8e598d27ce",
        "entity": "Mölndal",
        "query": "Mölndal, Sweden",
        "display_name": "Mölndal, Mölndals kommun, Västra Götalands län, 431 30, Sverige",
        "osm_type": "node",
        "osm_id": 30146990,
        "geocode_confidence": 0.5058202318121576,
        "evidence": [
          {
            "source": "https://www.flashback.org/t347489",
            "thread_url": "https://www.flashback.org/t347489",
            "post_id": "post4534455",
            "username": "Dur3forS",
            "time_raw": "2006-07-11, 22:41 # 1",
            "confidence": 0.76,
            "comment": "Hej. Fick tips om en militäranläggning på Axgatan i Mölndal. Givetvis var jag tvungen att gå dit. Tyvärr var vi bara 2 stycken, och ingen lampa. Men vi hitta på toppen av berget massa små bunkrar, några större, en radiomast. Under radiomasten gick en tunnel rakt in i berget, den var uppen och man såg därinne en \"Nödutgångs\"-skylt. Vi ville inte gå in där eftersom det var kolsvart. Sedan fortsatte vi neråt för berget, tillslut nådde vi foten av..."
          }
        ],
        "source": "https://www.flashback.org/t347489",
        "thread_url": "https://www.flashback.org/t347489",
        "post_id": "post4534455",
        "username": "Dur3forS",
        "time_raw": "2006-07-11, 22:41 # 1",
        "confidence": 0.76,
        "comment": "Hej. Fick tips om en militäranläggning på Axgatan i Mölndal. Givetvis var jag tvungen att gå dit. Tyvärr var vi bara 2 stycken, och ingen lampa. Men vi hitta på toppen av berget massa små bunkrar, några större, en radiomast. Under radiomasten gick en tunnel rakt in i berget, den var uppen och man såg därinne en \"Nödutgångs\"-skylt. Vi ville inte gå in där eftersom det var kolsvart. Sedan fortsatte vi neråt för berget, tillslut nådde vi foten av..."
      }
    },
    {
      "type": "Feature",
      "geometry": {
        "type": "Point",
        "coordinates": [
          11.9846202,
          57.658599
        ]
      },
      "properties": {
        "id": "0af52a564b18",
        "entity": "Axgatan",
        "query": "Axgatan, Sweden",
        "display_name": "Axgatan, Bifrost, Pedagogen Park, Solängen, Mölndal, Mölndals kommun, Västra Götalands län, 431 44, Sverige",
        "osm_type": "way",
        "osm_id": 14179413,
        "geocode_confidence": 0.05341108339055463,
        "evidence": [
          {
            "source": "https://www.flashback.org/t347489",
            "thread_url": "https://www.flashback.org/t347489",
            "post_id": "post4534455",
            "username": "Dur3forS",
            "time_raw": "2006-07-11, 22:41 # 1",
            "confidence": 0.76,
            "comment": "Hej. Fick tips om en militäranläggning på Axgatan i Mölndal. Givetvis var jag tvungen att gå dit. Tyvärr var vi bara 2 stycken, och ingen lampa. Men vi hitta på toppen av berget massa små bunkrar, några större, en radiomast. Under radiomasten gick en tunnel rakt in i berget, den var uppen och man såg därinne en \"Nödutgångs\"-skylt. Vi ville inte gå in där eftersom det var kolsvart. Sedan fortsatte vi neråt för berget, tillslut nådde vi foten av..."
          }
        ],
        "source": "https://www.flashback.org/t347489",
        "thread_url": "https://www.flashback.org/t347489",
        "post_id": "post4534455",
        "username": "Dur3forS",
        "time_raw": "2006-07-11, 22:41 # 1",
        "confidence": 0.76,
        "comment": "Hej. Fick tips om en militäranläggning på Axgatan i Mölndal. Givetvis var jag tvungen att gå dit. Tyvärr var vi bara 2 stycken, och ingen lampa. Men vi hitta på toppen av berget massa små bunkrar, några större, en radiomast. Under radiomasten gick en tunnel rakt in i berget, den var uppen och man såg därinne en \"Nödutgångs\"-skylt. Vi ville inte gå in där eftersom det var kolsvart. Sedan fortsatte vi neråt för berget, tillslut nådde vi foten av..."
      }
    },
    {
      "type": "Feature",
      "geometry": {
        "type": "Point",
        "coordinates": [
          15.9564302,
          60.2703126
        ]
      },
      "properties": {
        "id": "2cff4299c3a8",
        "entity": "Västkusten",
        "query": "Västkusten, Sweden",
        "display_name": "Västkusten, Hedemora, Hedemora kommun, Dalarnas län, 776 34, Sverige",
        "osm_type": "node",
        "osm_id": 3397928248,
        "geocode_confidence": 0.2548773901198179,
        "evidence": [
          {
            "source": "https://www.flashback.org/t347489",
            "thread_url": "https://www.flashback.org/t347489",
            "post_id": "post4535577",
            "username": "knaalto",
            "time_raw": "2006-07-12, 00:31 # 12",
            "confidence": 0.6,
            "comment": "svalan o hajen tror jag at du pratar om. Militär Flygövervaknigscentral vad jag har hört i vart fall.. som i sin tid övervakade Västkusten. Men som nu inte används för det endamålet längre. Men MP verkar vara där o kontrollera lite då o då, min flickvän bor i området, hon säger att hon sett militära fordon där vid olika tillfällen. Så det lär nog vara larmat och övervakat"
          },
          {
            "source": "https://www.flashback.org/t347489p2",
            "thread_url": "https://www.flashback.org/t347489",
            "post_id": "post4535713",
            "username": "mumma",
            "time_raw": "2006-07-12, 00:47 # 13",
            "confidence": 0.64,
            "comment": "Citat: Ursprungligen postat av knaalto svalan o hajen tror jag at du pratar om. Militär Flygövervaknigscentral vad jag har hört i vart fall.. som i sin tid övervakade Västkusten. Men som nu inte används för det endamålet längre. Men MP verkar vara där o kontrollera lite då o då, min flickvän bor i området, hon säger att hon sett militära fordon där vid olika tillfällen. Så det lär nog vara larmat och övervakat *schh* Är väldigt stängslat om ja..."
          }
        ],
        "source": "https://www.flashback.org/t347489p2",
        "thread_url": "https://www.flashback.org/t347489",
        "post_id": "post4535713",
        "username": "mumma",
        "time_raw": "2006-07-12, 00:47 # 13",
        "confidence": 0.64,
        "comment": "Citat: Ursprungligen postat av knaalto svalan o hajen tror jag at du pratar om. Militär Flygövervaknigscentral vad jag har hört i vart fall.. som i sin tid övervakade Västkusten. Men som nu inte används för det endamålet längre. Men MP verkar vara där o kontrollera lite då o då, min flickvän bor i området, hon säger att hon sett militära fordon där vid olika tillfällen. Så det lär nog vara larmat och övervakat *schh* Är väldigt stängslat om ja..."
      }
    },
    {
      "type": "Feature",
      "geometry": {
        "type": "Point",
        "coordinates": [
          17.7910983,
          62.7966227
        ]
      },
      "properties": {
        "id": "192c4b8884df",
        "entity": "Läs",
        "query": "Läs, Sweden",
        "display_name": "Lås, Högsjö distrikt, Härnösands kommun, Västernorrlands län, 870 16, Sverige",
        "osm_type": "node",
        "osm_id": 3655214144,
        "geocode_confidence": 0.13338792019531545,
        "evidence": [
          {
            "source": "https://www.flashback.org/t347489p2",
            "thread_url": "https://www.flashback.org/t347489",
            "post_id": "post4537669",
            "username": "griffin",
            "time_raw": "2006-07-12, 10:09 # 18",
            "confidence": 0.56,
            "comment": "Tror att det är en kyldamm för dom \"kraftiga\" datorer som en gång i tiden var i bruk där inne. Läs \"Spaning mot skyn\" av Bernt Törnell och/eller \"Luftens Dirigenter\" av Bjarne Darwall. I framförallt den förstnämnda boken står det en del matnyttigt om LFC W2 Svalan."
          },
          {
            "source": "https://www.flashback.org/t347489p2",
            "thread_url": "https://www.flashback.org/t347489",
            "post_id": "post4540870",
            "username": "McB",
            "time_raw": "2006-07-12, 19:13 # 24",
            "confidence": 0.48,
            "comment": "Citat: Ursprungligen postat av griffin Läs \"Spaning mot skyn\" av Bernt Törnell och/eller \"Luftens Dirigenter\" av Bjarne Darwall. I framförallt den förstnämnda boken står det en del matnyttigt om LFC W2 Svalan. Den där texten känner jag igen... Ett råd till trådstartaren och hans vänner; för er egen skull, försök inte ta er in i berget. Det är fortfarande Försvarsmakten som äger det, och det är fortfarande väldigt hemligt vad som finns därinne...."
          }
        ],
        "source": "https://www.flashback.org/t347489p2",
        "thread_url": "https://www.flashback.org/t347489",
        "post_id": "post4540870",
        "username": "McB",
        "time_raw": "2006-07-12, 19:13 # 24",
        "confidence": 0.48,
        "comment": "Citat: Ursprungligen postat av griffin Läs \"Spaning mot skyn\" av Bernt Törnell och/eller \"Luftens Dirigenter\" av Bjarne Darwall. I framförallt den förstnämnda boken står det en del matnyttigt om LFC W2 Svalan. Den där texten känner jag igen... Ett råd till trådstartaren och hans vänner; för er egen skull, försök inte ta er in i berget. Det är fortfarande Försvarsmakten som äger det, och det är fortfarande väldigt hemligt vad som finns därinne...."
      }
    },
    {
      "type": "Feature",
      "geometry": {
        "type": "Point",
        "coordinates": [
          17.9209232,
          62.6289316
        ]
      },
      "properties": {
        "id": "2346bd38169d",
        "entity": "Svalan",
        "query": "Svalan, Sweden",
        "display_name": "Svalan, Gådeåstaden, Härnösand, Härnösands domkyrkodistrikt, Härnösands kommun, Västernorrlands län, Sverige",
        "osm_type": "way",
        "osm_id": 39035260,
        "geocode_confidence": 0.08005766460669868,
        "evidence": [
          {
            "source": "https://www.flashback.org/t347489p2",
            "thread_url": "https://www.flashback.org/t347489",
            "post_id": "post4537669",
            "username": "griffin",
            "time_raw": "2006-07-12, 10:09 # 18",
            "confidence": 0.56,
            "comment": "Tror att det är en kyldamm för dom \"kraftiga\" datorer som en gång i tiden var i bruk där inne. Läs \"Spaning mot skyn\" av Bernt Törnell och/eller \"Luftens Dirigenter\" av Bjarne Darwall. I framförallt den förstnämnda boken står det en del matnyttigt om LFC W2 Svalan."
          },
          {
            "source": "https://www.flashback.org/t347489p2",
            "thread_url": "https://www.flashback.org/t347489",
            "post_id": "post4540870",
            "username": "McB",
            "time_raw": "2006-07-12, 19:13 # 24",
            "confidence": 0.48,
            "comment": "Citat: Ursprungligen postat av griffin Läs \"Spaning mot skyn\" av Bernt Törnell och/eller \"Luftens Dirigenter\" av Bjarne Darwall. I framförallt den förstnämnda boken står det en del matnyttigt om LFC W2 Svalan. Den där texten känner jag igen... Ett råd till trådstartaren och hans vänner; för er egen skull, försök inte ta er in i berget. Det är fortfarande Försvarsmakten som äger det, och det är fortfarande väldigt hemligt vad som finns därinne...."
          }
        ],
        "source": "https://www.flashback.org/t347489p2",
        "thread_url": "https://www.flashback.org/t347489",
        "post_id": "post4540870",
        "username": "McB",
        "time_raw": "2006-07-12, 19:13 # 24",
        "confidence": 0.48,
        "comment": "Citat: Ursprungligen postat av griffin Läs \"Spaning mot skyn\" av Bernt Törnell och/eller \"Luftens Dirigenter\" av Bjarne Darwall. I framförallt den förstnämnda boken står det en del matnyttigt om LFC W2 Svalan. Den där texten känner jag igen... Ett råd till trådstartaren och hans vänner; för er egen skull, försök inte ta er in i berget. Det är fortfarande Försvarsmakten som äger det, och det är fortfarande väldigt hemligt vad som finns därinne...."
      }
    },
    {
      "type": "Feature",
      "geometry": {
        "type": "Point",
        "coordinates": [
          18.0892458,
          59.3465889
        ]
      },
      "properties": {
        "id": "fea114f33bbb",
        "entity": "Försvarsmakten",
        "query": "Försvarsmakten, Sweden",
        "display_name": "Försvarsmakten, Ladugårdsgärdet, Norra innerstadens stadsdelsområde, Stockholm, Stockholms kommun, Stockholms län, Sverige",
        "osm_type": "way",
        "osm_id": 33047609,
        "geocode_confidence": 0.08008401846341646,
        "evidence": [
          {
            "source": "https://www.flashback.org/t347489p2",
            "thread_url": "https://www.flashback.org/t347489",
            "post_id": "post4540870",
            "username": "McB",
            "time_raw": "2006-07-12, 19:13 # 24",
            "confidence": 0.48,
            "comment": "Citat: Ursprungligen postat av griffin Läs \"Spaning mot skyn\" av Bernt Törnell och/eller \"Luftens Dirigenter\" av Bjarne Darwall. I framförallt den förstnämnda boken står det en del matnyttigt om LFC W2 Svalan. Den där texten känner jag igen... Ett råd till trådstartaren och hans vänner; för er egen skull, försök inte ta er in i berget. Det är fortfarande Försvarsmakten som äger det, och det är fortfarande väldigt hemligt vad som finns därinne...."
          }
        ],
        "source": "https://www.flashback.org/t347489p2",
        "thread_url": "https://www.flashback.org/t347489",
        "post_id": "post4540870",
        "username": "McB",
        "time_raw": "2006-07-12, 19:13 # 24",
        "confidence": 0.48,
        "comment": "Citat: Ursprungligen postat av griffin Läs \"Spaning mot skyn\" av Bernt Törnell och/eller \"Luftens Dirigenter\" av Bjarne Darwall. I framförallt den förstnämnda boken står det en del matnyttigt om LFC W2 Svalan. Den där texten känner jag igen... Ett råd till trådstartaren och hans vänner; för er egen skull, försök inte ta er in i berget. Det är fortfarande Försvarsmakten som äger det, och det är fortfarande väldigt hemligt vad som finns därinne...."
      }
    },
    {
      "type": "Feature",
      "geometry": {
        "type": "Point",
        "coordinates": [
          15.5866422,
          56.1621073
        ]
      },
      "properties": {
        "id": "a39f9c216ca4",
        "entity": "Karlskrona",
        "query": "Karlskrona, Sweden",
        "display_name": "Karlskrona, Karlskrona kommun, Blekinge län, 371 14, Sverige",
        "osm_type": "node",
        "osm_id": 1599473536,
        "geocode_confidence": 0.5853720207717872,
        "evidence": [
          {
            "source": "https://www.flashback.org/t1413347",
            "thread_url": "https://www.flashback.org/t1413347",
            "post_id": "post28029351",
            "username": "[Strange Days]",
            "time_raw": "2011-01-06, 08:06 # 9",
            "confidence": 0.64,
            "comment": "Riksantikvarieämbetet har en sökfunktion där man kan söka efter fornlämningar och andra historiska platser - även då t. ex. kyrkor och gravplatser som ej längre är i bruk: http://www.fmis.raa.se/cocoon/fornsok/search.html Dock så verkar just den ödekyrka som nämns i tråden inte vara dokumenterad, vilket jag tycker är lite märkligt om den nu är så pass känd av ortsbefolkningen som TS påstår att den är. EDIT Ramdala har 2 begravningsplatser doku..."
          }
        ],
        "source": "https://www.flashback.org/t1413347",
        "thread_url": "https://www.flashback.org/t1413347",
        "post_id": "post28029351",
        "username": "[Strange Days]",
        "time_raw": "2011-01-06, 08:06 # 9",
        "confidence": 0.64,
        "comment": "Riksantikvarieämbetet har en sökfunktion där man kan söka efter fornlämningar och andra historiska platser - även då t. ex. kyrkor och gravplatser som ej längre är i bruk: http://www.fmis.raa.se/cocoon/fornsok/search.html Dock så verkar just den ödekyrka som nämns i tråden inte vara dokumenterad, vilket jag tycker är lite märkligt om den nu är så pass känd av ortsbefolkningen som TS påstår att den är. EDIT Ramdala har 2 begravningsplatser doku..."
      }
    },
    {
      "type": "Feature",
      "geometry": {
        "type": "Point",
        "coordinates": [
          18.305776,
          57.6307205
        ]
      },
      "properties": {
        "id": "4aafb7c3f2f3",
        "entity": "Riksantikvarieämbetet",
        "query": "Riksantikvarieämbetet, Sweden",
        "display_name": "Riksantikvarieämbetet, 33 A, Artillerigatan, Länna, Furulund, Visby, Gotlands kommun, Gotlands län, 621 38, Sverige",
        "osm_type": "relation",
        "osm_id": 7644575,
        "geocode_confidence": 6.365987640187713e-05,
        "evidence": [
          {
            "source": "https://www.flashback.org/t1413347",
            "thread_url": "https://www.flashback.org/t1413347",
            "post_id": "post28029351",
            "username": "[Strange Days]",
            "time_raw": "2011-01-06, 08:06 # 9",
            "confidence": 0.64,
            "comment": "Riksantikvarieämbetet har en sökfunktion där man kan söka efter fornlämningar och andra historiska platser - även då t. ex. kyrkor och gravplatser som ej längre är i bruk: http://www.fmis.raa.se/cocoon/fornsok/search.html Dock så verkar just den ödekyrka som nämns i tråden inte vara dokumenterad, vilket jag tycker är lite märkligt om den nu är så pass känd av ortsbefolkningen som TS påstår att den är. EDIT Ramdala har 2 begravningsplatser doku..."
          }
        ],
        "source": "https://www.flashback.org/t1413347",
        "thread_url": "https://www.flashback.org/t1413347",
        "post_id": "post28029351",
        "username": "[Strange Days]",
        "time_raw": "2011-01-06, 08:06 # 9",
        "confidence": 0.64,
        "comment": "Riksantikvarieämbetet har en sökfunktion där man kan söka efter fornlämningar och andra historiska platser - även då t. ex. kyrkor och gravplatser som ej längre är i bruk: http://www.fmis.raa.se/cocoon/fornsok/search.html Dock så verkar just den ödekyrka som nämns i tråden inte vara dokumenterad, vilket jag tycker är lite märkligt om den nu är så pass känd av ortsbefolkningen som TS påstår att den är. EDIT Ramdala har 2 begravningsplatser doku..."
      }
    },
    {
      "type": "Feature",
      "geometry": {
        "type": "Point",
        "coordinates": [
          15.7665043,
          56.1836461
        ]
      },
      "properties": {
        "id": "598bece349d9",
        "entity": "Ramdala",
        "query": "Ramdala, Sweden",
        "display_name": "Ramdala, Karlskrona kommun, Blekinge län, 373 52, Sverige",
        "osm_type": "node",
        "osm_id": 282551850,
        "geocode_confidence": 0.34223694096820295,
        "evidence": [
          {
            "source": "https://www.flashback.org/t1413347",
            "thread_url": "https://www.flashback.org/t1413347",
            "post_id": "post28029351",
            "username": "[Strange Days]",
            "time_raw": "2011-01-06, 08:06 # 9",
            "confidence": 0.64,
            "comment": "Riksantikvarieämbetet har en sökfunktion där man kan söka efter fornlämningar och andra historiska platser - även då t. ex. kyrkor och gravplatser som ej längre är i bruk: http://www.fmis.raa.se/cocoon/fornsok/search.html Dock så verkar just den ödekyrka som nämns i tråden inte vara dokumenterad, vilket jag tycker är lite märkligt om den nu är så pass känd av ortsbefolkningen som TS påstår att den är. EDIT Ramdala har 2 begravningsplatser doku..."
          }
        ],
        "source": "https://www.flashback.org/t1413347",
        "thread_url": "https://www.flashback.org/t1413347",
        "post_id": "post28029351",
        "username": "[Strange Days]",
        "time_raw": "2011-01-06, 08:06 # 9",
        "confidence": 0.64,
        "comment": "Riksantikvarieämbetet har en sökfunktion där man kan söka efter fornlämningar och andra historiska platser - även då t. ex. kyrkor och gravplatser som ej längre är i bruk: http://www.fmis.raa.se/cocoon/fornsok/search.html Dock så verkar just den ödekyrka som nämns i tråden inte vara dokumenterad, vilket jag tycker är lite märkligt om den nu är så pass känd av ortsbefolkningen som TS påstår att den är. EDIT Ramdala har 2 begravningsplatser doku..."
      }
    },
    {
      "type": "Feature",
      "geometry": {
        "type": "Point",
        "coordinates": [
          15.6954351,
          56.1978674
        ]
      },
      "properties": {
        "id": "d03096a7e2a2",
        "entity": "Lösen",
        "query": "Lösen, Sweden",
        "display_name": "Lösen, Karlskrona kommun, Blekinge län, 371 61, Sverige",
        "osm_type": "node",
        "osm_id": 699631839,
        "geocode_confidence": 0.31461790426364866,
        "evidence": [
          {
            "source": "https://www.flashback.org/t1413347",
            "thread_url": "https://www.flashback.org/t1413347",
            "post_id": "post28029351",
            "username": "[Strange Days]",
            "time_raw": "2011-01-06, 08:06 # 9",
            "confidence": 0.64,
            "comment": "Riksantikvarieämbetet har en sökfunktion där man kan söka efter fornlämningar och andra historiska platser - även då t. ex. kyrkor och gravplatser som ej längre är i bruk: http://www.fmis.raa.se/cocoon/fornsok/search.html Dock så verkar just den ödekyrka som nämns i tråden inte vara dokumenterad, vilket jag tycker är lite märkligt om den nu är så pass känd av ortsbefolkningen som TS påstår att den är. EDIT Ramdala har 2 begravningsplatser doku..."
          }
        ],
        "source": "https://www.flashback.org/t1413347",
        "thread_url": "https://www.flashback.org/t1413347",
        "post_id": "post28029351",
        "username": "[Strange Days]",
        "time_raw": "2011-01-06, 08:06 # 9",
        "confidence": 0.64,
        "comment": "Riksantikvarieämbetet har en sökfunktion där man kan söka efter fornlämningar och andra historiska platser - även då t. ex. kyrkor och gravplatser som ej längre är i bruk: http://www.fmis.raa.se/cocoon/fornsok/search.html Dock så verkar just den ödekyrka som nämns i tråden inte vara dokumenterad, vilket jag tycker är lite märkligt om den nu är så pass känd av ortsbefolkningen som TS påstår att den är. EDIT Ramdala har 2 begravningsplatser doku..."
      }
    },
    {
      "type": "Feature",
      "geometry": {
        "type": "Point",
        "coordinates": [
          15.8826566,
          56.2798948
        ]
      },
      "properties": {
        "id": "1fc5bd3c95ff",
        "entity": "Flakulla",
        "query": "Flakulla, Sweden",
        "display_name": "Flakulla, Ulvahallarna, Karlskrona kommun, Blekinge län, Sverige",
        "osm_type": "node",
        "osm_id": 7446866223,
        "geocode_confidence": 0.10672263447013045,
        "evidence": [
          {
            "source": "https://www.flashback.org/t1413347",
            "thread_url": "https://www.flashback.org/t1413347",
            "post_id": "post28029351",
            "username": "[Strange Days]",
            "time_raw": "2011-01-06, 08:06 # 9",
            "confidence": 0.64,
            "comment": "Riksantikvarieämbetet har en sökfunktion där man kan söka efter fornlämningar och andra historiska platser - även då t. ex. kyrkor och gravplatser som ej längre är i bruk: http://www.fmis.raa.se/cocoon/fornsok/search.html Dock så verkar just den ödekyrka som nämns i tråden inte vara dokumenterad, vilket jag tycker är lite märkligt om den nu är så pass känd av ortsbefolkningen som TS påstår att den är. EDIT Ramdala har 2 begravningsplatser doku..."
          }
        ],
        "source": "https://www.flashback.org/t1413347",
        "thread_url": "https://www.flashback.org/t1413347",
        "post_id": "post28029351",
        "username": "[Strange Days]",
        "time_raw": "2011-01-06, 08:06 # 9",
        "confidence": 0.64,
        "comment": "Riksantikvarieämbetet har en sökfunktion där man kan söka efter fornlämningar och andra historiska platser - även då t. ex. kyrkor och gravplatser som ej längre är i bruk: http://www.fmis.raa.se/cocoon/fornsok/search.html Dock så verkar just den ödekyrka som nämns i tråden inte vara dokumenterad, vilket jag tycker är lite märkligt om den nu är så pass känd av ortsbefolkningen som TS påstår att den är. EDIT Ramdala har 2 begravningsplatser doku..."
      }
    },
    {
      "type": "Feature",
      "geometry": {
        "type": "Point",
        "coordinates": [
          18.4548023,
          57.7698381
        ]
      },
      "properties": {
        "id": "dc685a444074",
        "entity": "Lummelunda",
        "query": "Lummelunda, Sweden",
        "display_name": "Lummelunda, Visby, Gotlands kommun, Gotlands län, Sverige",
        "osm_type": "node",
        "osm_id": 701535301,
        "geocode_confidence": 0.1333880605783169,
        "evidence": [
          {
            "source": "https://www.flashback.org/t359143",
            "thread_url": "https://www.flashback.org/t359143",
            "post_id": "post4767801",
            "username": "Ayah",
            "time_raw": "2006-08-10, 13:57 # 1",
            "confidence": 0.96,
            "comment": "Efter några timmars vandring på Gotlands kust norrut från Visby så hamnade vi nära Lummelunda. Längs kusten så märker vi en ganska övergiven och rostig grind, vilket vi går närmre och inspekterar. Vi går förbi grinden och upptäcker ett stort övergivet fabrikshus. Någon sorts radio mast fanns där också. Fabrikshuset verkade ganska övergivet, men orört. Det fanns en massa burkar, verktyg, maskiner, fordon kvar. Efter en tids utforskande av fabri..."
          }
        ],
        "source": "https://www.flashback.org/t359143",
        "thread_url": "https://www.flashback.org/t359143",
        "post_id": "post4767801",
        "username": "Ayah",
        "time_raw": "2006-08-10, 13:57 # 1",
        "confidence": 0.96,
        "comment": "Efter några timmars vandring på Gotlands kust norrut från Visby så hamnade vi nära Lummelunda. Längs kusten så märker vi en ganska övergiven och rostig grind, vilket vi går närmre och inspekterar. Vi går förbi grinden och upptäcker ett stort övergivet fabrikshus. Någon sorts radio mast fanns där också. Fabrikshuset verkade ganska övergivet, men orört. Det fanns en massa burkar, verktyg, maskiner, fordon kvar. Efter en tids utforskande av fabri..."
      }
    },
    {
      "type": "Feature",
      "geometry": {
        "type": "Point",
        "coordinates": [
          17.9773277,
          59.2933451
        ]
      },
      "properties": {
        "id": "04b700be160a",
        "entity": "Efter",
        "query": "Efter, Sweden",
        "display_name": "Efter badet, Skridskovägen, Västertorp, Hägersten-Älvsjö stadsdelsområde, Stockholm, Stockholms kommun, Stockholms län, 129 49, Sverige",
        "osm_type": "node",
        "osm_id": 4041846622,
        "geocode_confidence": 0.32901661879114147,
        "evidence": [
          {
            "source": "https://www.flashback.org/t359143",
            "thread_url": "https://www.flashback.org/t359143",
            "post_id": "post4767801",
            "username": "Ayah",
            "time_raw": "2006-08-10, 13:57 # 1",
            "confidence": 0.96,
            "comment": "Efter några timmars vandring på Gotlands kust norrut från Visby så hamnade vi nära Lummelunda. Längs kusten så märker vi en ganska övergiven och rostig grind, vilket vi går närmre och inspekterar. Vi går förbi grinden och upptäcker ett stort övergivet fabrikshus. Någon sorts radio mast fanns där också. Fabrikshuset verkade ganska övergivet, men orört. Det fanns en massa burkar, verktyg, maskiner, fordon kvar. Efter en tids utforskande av fabri..."
          },
          {
            "source": "https://www.flashback.org/t359143",
            "thread_url": "https://www.flashback.org/t359143",
            "post_id": "post10056457",
            "username": "Hegge",
            "time_raw": "2008-02-18, 18:39 # 9",
            "confidence": 0.64,
            "comment": "Angående övergivna minkfarmar har jag en intressant historia att berätta. Hade för en tid sedan fått information om något som troligtvis skulle vara en övergiven minkfarm en bit in i skogen. Åkte på ett antal expeditioner för att finna denna farm, dock utan resultat. Men tillslut lyckades vi lokalisera den via eniros flygfoto, vilket inte var högupplöst på denna plats, och vi gav os återigen iväg. Efter en lång vandring genom skogen och runt e..."
          }
        ],
        "source": "https://www.flashback.org/t359143",
        "thread_url": "https://www.flashback.org/t359143",
        "post_id": "post10056457",
        "username": "Hegge",
        "time_raw": "2008-02-18, 18:39 # 9",
        "confidence": 0.64,
        "comment": "Angående övergivna minkfarmar har jag en intressant historia att berätta. Hade för en tid sedan fått information om något som troligtvis skulle vara en övergiven minkfarm en bit in i skogen. Åkte på ett antal expeditioner för att finna denna farm, dock utan resultat. Men tillslut lyckades vi lokalisera den via eniros flygfoto, vilket inte var högupplöst på denna plats, och vi gav os återigen iväg. Efter en lång vandring genom skogen och runt e..."
      }
    },
    {
      "type": "Feature",
      "geometry": {
        "type": "Point",
        "coordinates": [
          18.5952952,
          57.6480017
        ]
      },
      "properties": {
        "id": "391c3a258cca",
        "entity": "Gotlands",
        "query": "Gotlands, Sweden",
        "display_name": "Gotlands län, Sverige",
        "osm_type": "relation",
        "osm_id": 941530,
        "geocode_confidence": 0.5247764432188254,
        "evidence": [
          {
            "source": "https://www.flashback.org/t359143",
            "thread_url": "https://www.flashback.org/t359143",
            "post_id": "post4767801",
            "username": "Ayah",
            "time_raw": "2006-08-10, 13:57 # 1",
            "confidence": 0.96,
            "comment": "Efter några timmars vandring på Gotlands kust norrut från Visby så hamnade vi nära Lummelunda. Längs kusten så märker vi en ganska övergiven och rostig grind, vilket vi går närmre och inspekterar. Vi går förbi grinden och upptäcker ett stort övergivet fabrikshus. Någon sorts radio mast fanns där också. Fabrikshuset verkade ganska övergivet, men orört. Det fanns en massa burkar, verktyg, maskiner, fordon kvar. Efter en tids utforskande av fabri..."
          }
        ],
        "source": "https://www.flashback.org/t359143",
        "thread_url": "https://www.flashback.org/t359143",
        "post_id": "post4767801",
        "username": "Ayah",
        "time_raw": "2006-08-10, 13:57 # 1",
        "confidence": 0.96,
        "comment": "Efter några timmars vandring på Gotlands kust norrut från Visby så hamnade vi nära Lummelunda. Längs kusten så märker vi en ganska övergiven och rostig grind, vilket vi går närmre och inspekterar. Vi går förbi grinden och upptäcker ett stort övergivet fabrikshus. Någon sorts radio mast fanns där också. Fabrikshuset verkade ganska övergivet, men orört. Det fanns en massa burkar, verktyg, maskiner, fordon kvar. Efter en tids utforskande av fabri..."
      }
    },
    {
      "type": "Feature",
      "geometry": {
        "type": "Point",
        "coordinates": [
          18.297982,
          57.6379361
        ]
      },
      "properties": {
        "id": "8aaf1df7a91a",
        "entity": "Visby",
        "query": "Visby, Sweden",
        "display_name": "Visby, Gotlands kommun, Gotlands län, 621 45, Sverige",
        "osm_type": "node",
        "osm_id": 27150427,
        "geocode_confidence": 0.5812564497443118,
        "evidence": [
          {
            "source": "https://www.flashback.org/t359143",
            "thread_url": "https://www.flashback.org/t359143",
            "post_id": "post4767801",
            "username": "Ayah",
            "time_raw": "2006-08-10, 13:57 # 1",
            "confidence": 0.96,
            "comment": "Efter några timmars vandring på Gotlands kust norrut från Visby så hamnade vi nära Lummelunda. Längs kusten så märker vi en ganska övergiven och rostig grind, vilket vi går närmre och inspekterar. Vi går förbi grinden och upptäcker ett stort övergivet fabrikshus. Någon sorts radio mast fanns där också. Fabrikshuset verkade ganska övergivet, men orört. Det fanns en massa burkar, verktyg, maskiner, fordon kvar. Efter en tids utforskande av fabri..."
          }
        ],
        "source": "https://www.flashback.org/t359143",
        "thread_url": "https://www.flashback.org/t359143",
        "post_id": "post4767801",
        "username": "Ayah",
        "time_raw": "2006-08-10, 13:57 # 1",
        "confidence": 0.96,
        "comment": "Efter några timmars vandring på Gotlands kust norrut från Visby så hamnade vi nära Lummelunda. Längs kusten så märker vi en ganska övergiven och rostig grind, vilket vi går närmre och inspekterar. Vi går förbi grinden och upptäcker ett stort övergivet fabrikshus. Någon sorts radio mast fanns där också. Fabrikshuset verkade ganska övergivet, men orört. Det fanns en massa burkar, verktyg, maskiner, fordon kvar. Efter en tids utforskande av fabri..."
      }
    },
    {
      "type": "Feature",
      "geometry": {
        "type": "Point",
        "coordinates": [
          18.0659971,
          59.3253557
        ]
      },
      "properties": {
        "id": "788260c3b0db",
        "entity": "Längs",
        "query": "Längs, Sweden",
        "display_name": "Breddning av cykelbanan längs Riddarholmskanalen, Gamla stan, Södermalms stadsdelsområde, Stockholm, Stockholms kommun, Stockholms län, Sverige",
        "osm_type": "way",
        "osm_id": 1354772051,
        "geocode_confidence": 0.08008401846341646,
        "evidence": [
          {
            "source": "https://www.flashback.org/t359143",
            "thread_url": "https://www.flashback.org/t359143",
            "post_id": "post4767801",
            "username": "Ayah",
            "time_raw": "2006-08-10, 13:57 # 1",
            "confidence": 0.96,
            "comment": "Efter några timmars vandring på Gotlands kust norrut från Visby så hamnade vi nära Lummelunda. Längs kusten så märker vi en ganska övergiven och rostig grind, vilket vi går närmre och inspekterar. Vi går förbi grinden och upptäcker ett stort övergivet fabrikshus. Någon sorts radio mast fanns där också. Fabrikshuset verkade ganska övergivet, men orört. Det fanns en massa burkar, verktyg, maskiner, fordon kvar. Efter en tids utforskande av fabri..."
          }
        ],
        "source": "https://www.flashback.org/t359143",
        "thread_url": "https://www.flashback.org/t359143",
        "post_id": "post4767801",
        "username": "Ayah",
        "time_raw": "2006-08-10, 13:57 # 1",
        "confidence": 0.96,
        "comment": "Efter några timmars vandring på Gotlands kust norrut från Visby så hamnade vi nära Lummelunda. Längs kusten så märker vi en ganska övergiven och rostig grind, vilket vi går närmre och inspekterar. Vi går förbi grinden och upptäcker ett stort övergivet fabrikshus. Någon sorts radio mast fanns där också. Fabrikshuset verkade ganska övergivet, men orört. Det fanns en massa burkar, verktyg, maskiner, fordon kvar. Efter en tids utforskande av fabri..."
      }
    },
    {
      "type": "Feature",
      "geometry": {
        "type": "Point",
        "coordinates": [
          13.979553,
          59.0086774
        ]
      },
      "properties": {
        "id": "45e6b3e9fd95",
        "entity": "Ryssland",
        "query": "Ryssland, Sweden",
        "display_name": "Ryssland, Amnehärads distrikt, Gullspångs kommun, Västra Götalands län, Sverige",
        "osm_type": "way",
        "osm_id": 211519317,
        "geocode_confidence": 0.1333891561760891,
        "evidence": [
          {
            "source": "https://www.flashback.org/t359143",
            "thread_url": "https://www.flashback.org/t359143",
            "post_id": "post9130232",
            "username": "Pendeltåg",
            "time_raw": "2007-11-29, 22:53 # 5",
            "confidence": 0.84,
            "comment": "Citat: Ursprungligen postat av Ayah Ganska ballt ställe faktiskt. Bilder kan läggas upp om ni är intresserade.Någon som vet något mera om det här stället? Har du kvar bilderna? Skulle vara kul att se! Besökte aldrig området själv tyvärr. totalt fanns där C:a 1,7 mil med minkhus, vilka såldes och exporterades till Ryssland. Fabrikshuset du såg kanske var frysanläggningen de hade där? Den användes till att frysa in minkmat med. Mycket av slakter..."
          },
          {
            "source": "https://www.flashback.org/t359143",
            "thread_url": "https://www.flashback.org/t359143",
            "post_id": "post9130752",
            "username": "jornmark",
            "time_raw": "2007-11-29, 23:33 # 6",
            "confidence": 0.84,
            "comment": "Citat: Ursprungligen postat av Pendeltåg Har du kvar bilderna? Skulle vara kul att se! Besökte aldrig området själv tyvärr. totalt fanns där C:a 1,7 mil med minkhus, vilka såldes och exporterades till Ryssland. Fabrikshuset du såg kanske var frysanläggningen de hade där? Den användes till att frysa in minkmat med. Mycket av slakteriavfallet på Gotland kördes dit som minkfoder. Även efter försäljningen av minkhusen användes den fortsatt för att..."
          }
        ],
        "source": "https://www.flashback.org/t359143",
        "thread_url": "https://www.flashback.org/t359143",
        "post_id": "post9130752",
        "username": "jornmark",
        "time_raw": "2007-11-29, 23:33 # 6",
        "confidence": 0.84,
        "comment": "Citat: Ursprungligen postat av Pendeltåg Har du kvar bilderna? Skulle vara kul att se! Besökte aldrig området själv tyvärr. totalt fanns där C:a 1,7 mil med minkhus, vilka såldes och exporterades till Ryssland. Fabrikshuset du såg kanske var frysanläggningen de hade där? Den användes till att frysa in minkmat med. Mycket av slakteriavfallet på Gotland kördes dit som minkfoder. Även efter försäljningen av minkhusen användes den fortsatt för att..."
      }
    },
    {
      "type": "Feature",
      "geometry": {
        "type": "Point",
        "coordinates": [
          18.5369579,
          57.4174802
        ]
      },
      "properties": {
        "id": "07c2f9391db4",
        "entity": "Gotland",
        "query": "Gotland, Sweden",
        "display_name": "Gotland, Sverige",
        "osm_type": "relation",
        "osm_id": 5176205,
        "geocode_confidence": 0.6233033660170386,
        "evidence": [
          {
            "source": "https://www.flashback.org/t359143",
            "thread_url": "https://www.flashback.org/t359143",
            "post_id": "post9130232",
            "username": "Pendeltåg",
            "time_raw": "2007-11-29, 22:53 # 5",
            "confidence": 0.84,
            "comment": "Citat: Ursprungligen postat av Ayah Ganska ballt ställe faktiskt. Bilder kan läggas upp om ni är intresserade.Någon som vet något mera om det här stället? Har du kvar bilderna? Skulle vara kul att se! Besökte aldrig området själv tyvärr. totalt fanns där C:a 1,7 mil med minkhus, vilka såldes och exporterades till Ryssland. Fabrikshuset du såg kanske var frysanläggningen de hade där? Den användes till att frysa in minkmat med. Mycket av slakter..."
          },
          {
            "source": "https://www.flashback.org/t359143",
            "thread_url": "https://www.flashback.org/t359143",
            "post_id": "post9130752",
            "username": "jornmark",
            "time_raw": "2007-11-29, 23:33 # 6",
            "confidence": 0.84,
            "comment": "Citat: Ursprungligen postat av Pendeltåg Har du kvar bilderna? Skulle vara kul att se! Besökte aldrig området själv tyvärr. totalt fanns där C:a 1,7 mil med minkhus, vilka såldes och exporterades till Ryssland. Fabrikshuset du såg kanske var frysanläggningen de hade där? Den användes till att frysa in minkmat med. Mycket av slakteriavfallet på Gotland kördes dit som minkfoder. Även efter försäljningen av minkhusen användes den fortsatt för att..."
          }
        ],
        "source": "https://www.flashback.org/t359143",
        "thread_url": "https://www.flashback.org/t359143",
        "post_id": "post9130752",
        "username": "jornmark",
        "time_raw": "2007-11-29, 23:33 # 6",
        "confidence": 0.84,
        "comment": "Citat: Ursprungligen postat av Pendeltåg Har du kvar bilderna? Skulle vara kul att se! Besökte aldrig området själv tyvärr. totalt fanns där C:a 1,7 mil med minkhus, vilka såldes och exporterades till Ryssland. Fabrikshuset du såg kanske var frysanläggningen de hade där? Den användes till att frysa in minkmat med. Mycket av slakteriavfallet på Gotland kördes dit som minkfoder. Även efter försäljningen av minkhusen användes den fortsatt för att..."
      }
    },
    {
      "type": "Feature",
      "geometry": {
        "type": "Point",
        "coordinates": [
          12.9978302,
          57.4870519
        ]
      },
      "properties": {
        "id": "c608f06f250e",
        "entity": "Lyckas",
        "query": "Lyckas, Sweden",
        "display_name": "Lyckås, Svenljunga kommun, Västra Götalands län, 512 92, Sverige",
        "osm_type": "node",
        "osm_id": 7497032684,
        "geocode_confidence": 0.1333903509575036,
        "evidence": [
          {
            "source": "https://www.flashback.org/t359143",
            "thread_url": "https://www.flashback.org/t359143",
            "post_id": "post9130232",
            "username": "Pendeltåg",
            "time_raw": "2007-11-29, 22:53 # 5",
            "confidence": 0.84,
            "comment": "Citat: Ursprungligen postat av Ayah Ganska ballt ställe faktiskt. Bilder kan läggas upp om ni är intresserade.Någon som vet något mera om det här stället? Har du kvar bilderna? Skulle vara kul att se! Besökte aldrig området själv tyvärr. totalt fanns där C:a 1,7 mil med minkhus, vilka såldes och exporterades till Ryssland. Fabrikshuset du såg kanske var frysanläggningen de hade där? Den användes till att frysa in minkmat med. Mycket av slakter..."
          },
          {
            "source": "https://www.flashback.org/t359143",
            "thread_url": "https://www.flashback.org/t359143",
            "post_id": "post9130752",
            "username": "jornmark",
            "time_raw": "2007-11-29, 23:33 # 6",
            "confidence": 0.84,
            "comment": "Citat: Ursprungligen postat av Pendeltåg Har du kvar bilderna? Skulle vara kul att se! Besökte aldrig området själv tyvärr. totalt fanns där C:a 1,7 mil med minkhus, vilka såldes och exporterades till Ryssland. Fabrikshuset du såg kanske var frysanläggningen de hade där? Den användes till att frysa in minkmat med. Mycket av slakteriavfallet på Gotland kördes dit som minkfoder. Även efter försäljningen av minkhusen användes den fortsatt för att..."
          }
        ],
        "source": "https://www.flashback.org/t359143",
        "thread_url": "https://www.flashback.org/t359143",
        "post_id": "post9130752",
        "username": "jornmark",
        "time_raw": "2007-11-29, 23:33 # 6",
        "confidence": 0.84,
        "comment": "Citat: Ursprungligen postat av Pendeltåg Har du kvar bilderna? Skulle vara kul att se! Besökte aldrig området själv tyvärr. totalt fanns där C:a 1,7 mil med minkhus, vilka såldes och exporterades till Ryssland. Fabrikshuset du såg kanske var frysanläggningen de hade där? Den användes till att frysa in minkmat med. Mycket av slakteriavfallet på Gotland kördes dit som minkfoder. Även efter försäljningen av minkhusen användes den fortsatt för att..."
      }
    },
    {
      "type": "Feature",
      "geometry": {
        "type": "Point",
        "coordinates": [
          16.5037411,
          59.393966
        ]
      },
      "properties": {
        "id": "985e75dd5f67",
        "entity": "Ägaren",
        "query": "Ägaren, Sweden",
        "display_name": "Ägaren, Helgestahill, Hälltorp, Eskilstuna, Eskilstuna kommun, Södermanlands län, Sverige",
        "osm_type": "way",
        "osm_id": 329170094,
        "geocode_confidence": 0.06672932097352559,
        "evidence": [
          {
            "source": "https://www.flashback.org/t359143",
            "thread_url": "https://www.flashback.org/t359143",
            "post_id": "post9130232",
            "username": "Pendeltåg",
            "time_raw": "2007-11-29, 22:53 # 5",
            "confidence": 0.84,
            "comment": "Citat: Ursprungligen postat av Ayah Ganska ballt ställe faktiskt. Bilder kan läggas upp om ni är intresserade.Någon som vet något mera om det här stället? Har du kvar bilderna? Skulle vara kul att se! Besökte aldrig området själv tyvärr. totalt fanns där C:a 1,7 mil med minkhus, vilka såldes och exporterades till Ryssland. Fabrikshuset du såg kanske var frysanläggningen de hade där? Den användes till att frysa in minkmat med. Mycket av slakter..."
          }
        ],
        "source": "https://www.flashback.org/t359143",
        "thread_url": "https://www.flashback.org/t359143",
        "post_id": "post9130232",
        "username": "Pendeltåg",
        "time_raw": "2007-11-29, 22:53 # 5",
        "confidence": 0.84,
        "comment": "Citat: Ursprungligen postat av Ayah Ganska ballt ställe faktiskt. Bilder kan läggas upp om ni är intresserade.Någon som vet något mera om det här stället? Har du kvar bilderna? Skulle vara kul att se! Besökte aldrig området själv tyvärr. totalt fanns där C:a 1,7 mil med minkhus, vilka såldes och exporterades till Ryssland. Fabrikshuset du såg kanske var frysanläggningen de hade där? Den användes till att frysa in minkmat med. Mycket av slakter..."
      }
    },
    {
      "type": "Feature",
      "geometry": {
        "type": "Point",
        "coordinates": [
          13.0263175,
          55.6055065
        ]
      },
      "properties": {
        "id": "ef863608f02e",
        "entity": "Grannen",
        "query": "Grannen, Sweden",
        "display_name": "Café Grannen, Östervärnsgatan, Östervärn, Norr, Malmö, Malmö kommun, Skåne län, 200 22, Sverige",
        "osm_type": "node",
        "osm_id": 1624179498,
        "geocode_confidence": 7.356755931940211e-05,
        "evidence": [
          {
            "source": "https://www.flashback.org/t359143",
            "thread_url": "https://www.flashback.org/t359143",
            "post_id": "post9130232",
            "username": "Pendeltåg",
            "time_raw": "2007-11-29, 22:53 # 5",
            "confidence": 0.84,
            "comment": "Citat: Ursprungligen postat av Ayah Ganska ballt ställe faktiskt. Bilder kan läggas upp om ni är intresserade.Någon som vet något mera om det här stället? Har du kvar bilderna? Skulle vara kul att se! Besökte aldrig området själv tyvärr. totalt fanns där C:a 1,7 mil med minkhus, vilka såldes och exporterades till Ryssland. Fabrikshuset du såg kanske var frysanläggningen de hade där? Den användes till att frysa in minkmat med. Mycket av slakter..."
          }
        ],
        "source": "https://www.flashback.org/t359143",
        "thread_url": "https://www.flashback.org/t359143",
        "post_id": "post9130232",
        "username": "Pendeltåg",
        "time_raw": "2007-11-29, 22:53 # 5",
        "confidence": 0.84,
        "comment": "Citat: Ursprungligen postat av Ayah Ganska ballt ställe faktiskt. Bilder kan läggas upp om ni är intresserade.Någon som vet något mera om det här stället? Har du kvar bilderna? Skulle vara kul att se! Besökte aldrig området själv tyvärr. totalt fanns där C:a 1,7 mil med minkhus, vilka såldes och exporterades till Ryssland. Fabrikshuset du såg kanske var frysanläggningen de hade där? Den användes till att frysa in minkmat med. Mycket av slakter..."
      }
    },
    {
      "type": "Feature",
      "geometry": {
        "type": "Point",
        "coordinates": [
          12.3082759,
          58.293929
        ]
      },
      "properties": {
        "id": "c3573e09b31c",
        "entity": "Polisen",
        "query": "Polisen, Sweden",
        "display_name": "Polisen, Hjulkvarn, Trollhättan, Trollhättans kommun, Västra Götalands län, Sverige",
        "osm_type": "way",
        "osm_id": 184162558,
        "geocode_confidence": 0.06672663843747616,
        "evidence": [
          {
            "source": "https://www.flashback.org/t359143",
            "thread_url": "https://www.flashback.org/t359143",
            "post_id": "post9130232",
            "username": "Pendeltåg",
            "time_raw": "2007-11-29, 22:53 # 5",
            "confidence": 0.84,
            "comment": "Citat: Ursprungligen postat av Ayah Ganska ballt ställe faktiskt. Bilder kan läggas upp om ni är intresserade.Någon som vet något mera om det här stället? Har du kvar bilderna? Skulle vara kul att se! Besökte aldrig området själv tyvärr. totalt fanns där C:a 1,7 mil med minkhus, vilka såldes och exporterades till Ryssland. Fabrikshuset du såg kanske var frysanläggningen de hade där? Den användes till att frysa in minkmat med. Mycket av slakter..."
          },
          {
            "source": "https://www.flashback.org/t359143",
            "thread_url": "https://www.flashback.org/t359143",
            "post_id": "post9130752",
            "username": "jornmark",
            "time_raw": "2007-11-29, 23:33 # 6",
            "confidence": 0.84,
            "comment": "Citat: Ursprungligen postat av Pendeltåg Har du kvar bilderna? Skulle vara kul att se! Besökte aldrig området själv tyvärr. totalt fanns där C:a 1,7 mil med minkhus, vilka såldes och exporterades till Ryssland. Fabrikshuset du såg kanske var frysanläggningen de hade där? Den användes till att frysa in minkmat med. Mycket av slakteriavfallet på Gotland kördes dit som minkfoder. Även efter försäljningen av minkhusen användes den fortsatt för att..."
          }
        ],
        "source": "https://www.flashback.org/t359143",
        "thread_url": "https://www.flashback.org/t359143",
        "post_id": "post9130752",
        "username": "jornmark",
        "time_raw": "2007-11-29, 23:33 # 6",
        "confidence": 0.84,
        "comment": "Citat: Ursprungligen postat av Pendeltåg Har du kvar bilderna? Skulle vara kul att se! Besökte aldrig området själv tyvärr. totalt fanns där C:a 1,7 mil med minkhus, vilka såldes och exporterades till Ryssland. Fabrikshuset du såg kanske var frysanläggningen de hade där? Den användes till att frysa in minkmat med. Mycket av slakteriavfallet på Gotland kördes dit som minkfoder. Även efter försäljningen av minkhusen användes den fortsatt för att..."
      }
    },
    {
      "type": "Feature",
      "geometry": {
        "type": "Point",
        "coordinates": [
          18.0672833,
          59.3287658
        ]
      },
      "properties": {
        "id": "79ac18d79f58",
        "entity": "Säger",
        "query": "Säger, Sweden",
        "display_name": "Sagerska huset, Strömgatan, Klara, Norrmalm, Norra innerstadens stadsdelsområde, Stockholm, Stockholms kommun, Stockholms län, 101 23, Sverige",
        "osm_type": "way",
        "osm_id": 141844590,
        "geocode_confidence": 0.4163784860435994,
        "evidence": [
          {
            "source": "https://www.flashback.org/t359143",
            "thread_url": "https://www.flashback.org/t359143",
            "post_id": "post9130232",
            "username": "Pendeltåg",
            "time_raw": "2007-11-29, 22:53 # 5",
            "confidence": 0.84,
            "comment": "Citat: Ursprungligen postat av Ayah Ganska ballt ställe faktiskt. Bilder kan läggas upp om ni är intresserade.Någon som vet något mera om det här stället? Har du kvar bilderna? Skulle vara kul att se! Besökte aldrig området själv tyvärr. totalt fanns där C:a 1,7 mil med minkhus, vilka såldes och exporterades till Ryssland. Fabrikshuset du såg kanske var frysanläggningen de hade där? Den användes till att frysa in minkmat med. Mycket av slakter..."
          },
          {
            "source": "https://www.flashback.org/t359143",
            "thread_url": "https://www.flashback.org/t359143",
            "post_id": "post9130752",
            "username": "jornmark",
            "time_raw": "2007-11-29, 23:33 # 6",
            "confidence": 0.84,
            "comment": "Citat: Ursprungligen postat av Pendeltåg Har du kvar bilderna? Skulle vara kul att se! Besökte aldrig området själv tyvärr. totalt fanns där C:a 1,7 mil med minkhus, vilka såldes och exporterades till Ryssland. Fabrikshuset du såg kanske var frysanläggningen de hade där? Den användes till att frysa in minkmat med. Mycket av slakteriavfallet på Gotland kördes dit som minkfoder. Även efter försäljningen av minkhusen användes den fortsatt för att..."
          }
        ],
        "source": "https://www.flashback.org/t359143",
        "thread_url": "https://www.flashback.org/t359143",
        "post_id": "post9130752",
        "username": "jornmark",
        "time_raw": "2007-11-29, 23:33 # 6",
        "confidence": 0.84,
        "comment": "Citat: Ursprungligen postat av Pendeltåg Har du kvar bilderna? Skulle vara kul att se! Besökte aldrig området själv tyvärr. totalt fanns där C:a 1,7 mil med minkhus, vilka såldes och exporterades till Ryssland. Fabrikshuset du såg kanske var frysanläggningen de hade där? Den användes till att frysa in minkmat med. Mycket av slakteriavfallet på Gotland kördes dit som minkfoder. Även efter försäljningen av minkhusen användes den fortsatt för att..."
      }
    },
    {
      "type": "Feature",
      "geometry": {
        "type": "Point",
        "coordinates": [
          17.969492,
          59.3559083
        ]
      },
      "properties": {
        "id": "94088622dcb6",
        "entity": "Saab",
        "query": "Saab, Sweden",
        "display_name": "Saab, 10, Solna strandväg, Nöten, Västra skogen, Huvudsta, Solna, Solna kommun, Stockholms län, 172 38, Sverige",
        "osm_type": "node",
        "osm_id": 13691996401,
        "geocode_confidence": 8.40184634164495e-05,
        "evidence": [
          {
            "source": "https://www.flashback.org/t359143",
            "thread_url": "https://www.flashback.org/t359143",
            "post_id": "post9130232",
            "username": "Pendeltåg",
            "time_raw": "2007-11-29, 22:53 # 5",
            "confidence": 0.84,
            "comment": "Citat: Ursprungligen postat av Ayah Ganska ballt ställe faktiskt. Bilder kan läggas upp om ni är intresserade.Någon som vet något mera om det här stället? Har du kvar bilderna? Skulle vara kul att se! Besökte aldrig området själv tyvärr. totalt fanns där C:a 1,7 mil med minkhus, vilka såldes och exporterades till Ryssland. Fabrikshuset du såg kanske var frysanläggningen de hade där? Den användes till att frysa in minkmat med. Mycket av slakter..."
          },
          {
            "source": "https://www.flashback.org/t359143",
            "thread_url": "https://www.flashback.org/t359143",
            "post_id": "post9130752",
            "username": "jornmark",
            "time_raw": "2007-11-29, 23:33 # 6",
            "confidence": 0.84,
            "comment": "Citat: Ursprungligen postat av Pendeltåg Har du kvar bilderna? Skulle vara kul att se! Besökte aldrig området själv tyvärr. totalt fanns där C:a 1,7 mil med minkhus, vilka såldes och exporterades till Ryssland. Fabrikshuset du såg kanske var frysanläggningen de hade där? Den användes till att frysa in minkmat med. Mycket av slakteriavfallet på Gotland kördes dit som minkfoder. Även efter försäljningen av minkhusen användes den fortsatt för att..."
          }
        ],
        "source": "https://www.flashback.org/t359143",
        "thread_url": "https://www.flashback.org/t359143",
        "post_id": "post9130752",
        "username": "jornmark",
        "time_raw": "2007-11-29, 23:33 # 6",
        "confidence": 0.84,
        "comment": "Citat: Ursprungligen postat av Pendeltåg Har du kvar bilderna? Skulle vara kul att se! Besökte aldrig området själv tyvärr. totalt fanns där C:a 1,7 mil med minkhus, vilka såldes och exporterades till Ryssland. Fabrikshuset du såg kanske var frysanläggningen de hade där? Den användes till att frysa in minkmat med. Mycket av slakteriavfallet på Gotland kördes dit som minkfoder. Även efter försäljningen av minkhusen användes den fortsatt för att..."
      }
    },
    {
      "type": "Feature",
      "geometry": {
        "type": "Point",
        "coordinates": [
          15.8537123,
          60.2524609
        ]
      },
      "properties": {
        "id": "4689a4c76d32",
        "entity": "Turbo",
        "query": "Turbo, Sweden",
        "display_name": "Turbo, Hedemora kommun, Dalarnas län, 776 95, Sverige",
        "osm_type": "node",
        "osm_id": 1603065887,
        "geocode_confidence": 0.13338853665980008,
        "evidence": [
          {
            "source": "https://www.flashback.org/t359143",
            "thread_url": "https://www.flashback.org/t359143",
            "post_id": "post9130232",
            "username": "Pendeltåg",
            "time_raw": "2007-11-29, 22:53 # 5",
            "confidence": 0.84,
            "comment": "Citat: Ursprungligen postat av Ayah Ganska ballt ställe faktiskt. Bilder kan läggas upp om ni är intresserade.Någon som vet något mera om det här stället? Har du kvar bilderna? Skulle vara kul att se! Besökte aldrig området själv tyvärr. totalt fanns där C:a 1,7 mil med minkhus, vilka såldes och exporterades till Ryssland. Fabrikshuset du såg kanske var frysanläggningen de hade där? Den användes till att frysa in minkmat med. Mycket av slakter..."
          },
          {
            "source": "https://www.flashback.org/t359143",
            "thread_url": "https://www.flashback.org/t359143",
            "post_id": "post9130752",
            "username": "jornmark",
            "time_raw": "2007-11-29, 23:33 # 6",
            "confidence": 0.84,
            "comment": "Citat: Ursprungligen postat av Pendeltåg Har du kvar bilderna? Skulle vara kul att se! Besökte aldrig området själv tyvärr. totalt fanns där C:a 1,7 mil med minkhus, vilka såldes och exporterades till Ryssland. Fabrikshuset du såg kanske var frysanläggningen de hade där? Den användes till att frysa in minkmat med. Mycket av slakteriavfallet på Gotland kördes dit som minkfoder. Även efter försäljningen av minkhusen användes den fortsatt för att..."
          }
        ],
        "source": "https://www.flashback.org/t359143",
        "thread_url": "https://www.flashback.org/t359143",
        "post_id": "post9130752",
        "username": "jornmark",
        "time_raw": "2007-11-29, 23:33 # 6",
        "confidence": 0.84,
        "comment": "Citat: Ursprungligen postat av Pendeltåg Har du kvar bilderna? Skulle vara kul att se! Besökte aldrig området själv tyvärr. totalt fanns där C:a 1,7 mil med minkhus, vilka såldes och exporterades till Ryssland. Fabrikshuset du såg kanske var frysanläggningen de hade där? Den användes till att frysa in minkmat med. Mycket av slakteriavfallet på Gotland kördes dit som minkfoder. Även efter försäljningen av minkhusen användes den fortsatt för att..."
      }
    },
    {
      "type": "Feature",
      "geometry": {
        "type": "Point",
        "coordinates": [
          16.5671181,
          61.228627
        ]
      },
      "properties": {
        "id": "6fc1f168fc1d",
        "entity": "Kilafors",
        "query": "Kilafors, Sweden",
        "display_name": "Kilafors, Bollnäs kommun, Gävleborgs län, 823 30, Sverige",
        "osm_type": "node",
        "osm_id": 367885660,
        "geocode_confidence": 0.14672197833218886,
        "evidence": [
          {
            "source": "https://www.flashback.org/t359143",
            "thread_url": "https://www.flashback.org/t359143",
            "post_id": "post10048064",
            "username": "wildhack",
            "time_raw": "2008-02-18, 00:11 # 8",
            "confidence": 0.56,
            "comment": "När vi är inne på detta ämne, är det någon som är bevandrad i detta med pälsdjursfarmar som kan avgöra om detta också varit en minkfarm? Eller något annat djur? Sprang på denna, inte speciellt stora, nedlagda anläggning i en skog rätt nära Kilafors. Någon som vet mer? http://www.flickr.com/photos/wildhack/17120908/in/set-940419/ http://www.flickr.com/photos/wildhack/17120907/in/set-940419/"
          }
        ],
        "source": "https://www.flashback.org/t359143",
        "thread_url": "https://www.flashback.org/t359143",
        "post_id": "post10048064",
        "username": "wildhack",
        "time_raw": "2008-02-18, 00:11 # 8",
        "confidence": 0.56,
        "comment": "När vi är inne på detta ämne, är det någon som är bevandrad i detta med pälsdjursfarmar som kan avgöra om detta också varit en minkfarm? Eller något annat djur? Sprang på denna, inte speciellt stora, nedlagda anläggning i en skog rätt nära Kilafors. Någon som vet mer? http://www.flickr.com/photos/wildhack/17120908/in/set-940419/ http://www.flickr.com/photos/wildhack/17120907/in/set-940419/"
      }
    },
    {
      "type": "Feature",
      "geometry": {
        "type": "Point",
        "coordinates": [
          16.5220454,
          59.6167172
        ]
      },
      "properties": {
        "id": "243177716519",
        "entity": "Sprang",
        "query": "Sprang, Sweden",
        "display_name": "Spränggränd, Pettersberg, Västerås, Västerås kommun, Västmanlands län, 724 63, Sverige",
        "osm_type": "way",
        "osm_id": 155940924,
        "geocode_confidence": 0.05339850690470737,
        "evidence": [
          {
            "source": "https://www.flashback.org/t359143",
            "thread_url": "https://www.flashback.org/t359143",
            "post_id": "post10048064",
            "username": "wildhack",
            "time_raw": "2008-02-18, 00:11 # 8",
            "confidence": 0.56,
            "comment": "När vi är inne på detta ämne, är det någon som är bevandrad i detta med pälsdjursfarmar som kan avgöra om detta också varit en minkfarm? Eller något annat djur? Sprang på denna, inte speciellt stora, nedlagda anläggning i en skog rätt nära Kilafors. Någon som vet mer? http://www.flickr.com/photos/wildhack/17120908/in/set-940419/ http://www.flickr.com/photos/wildhack/17120907/in/set-940419/"
          }
        ],
        "source": "https://www.flashback.org/t359143",
        "thread_url": "https://www.flashback.org/t359143",
        "post_id": "post10048064",
        "username": "wildhack",
        "time_raw": "2008-02-18, 00:11 # 8",
        "confidence": 0.56,
        "comment": "När vi är inne på detta ämne, är det någon som är bevandrad i detta med pälsdjursfarmar som kan avgöra om detta också varit en minkfarm? Eller något annat djur? Sprang på denna, inte speciellt stora, nedlagda anläggning i en skog rätt nära Kilafors. Någon som vet mer? http://www.flickr.com/photos/wildhack/17120908/in/set-940419/ http://www.flickr.com/photos/wildhack/17120907/in/set-940419/"
      }
    },
    {
      "type": "Feature",
      "geometry": {
        "type": "Point",
        "coordinates": [
          13.9537504,
          63.8564198
        ]
      },
      "properties": {
        "id": "7dd4cedb0894",
        "entity": "Åkte",
        "query": "Åkte, Sweden",
        "display_name": "Storskrivaren, Krokoms kommun, Jämtlands län, Sverige",
        "osm_type": "node",
        "osm_id": 771487703,
        "geocode_confidence": 0.16005762798504614,
        "evidence": [
          {
            "source": "https://www.flashback.org/t359143",
            "thread_url": "https://www.flashback.org/t359143",
            "post_id": "post10056457",
            "username": "Hegge",
            "time_raw": "2008-02-18, 18:39 # 9",
            "confidence": 0.64,
            "comment": "Angående övergivna minkfarmar har jag en intressant historia att berätta. Hade för en tid sedan fått information om något som troligtvis skulle vara en övergiven minkfarm en bit in i skogen. Åkte på ett antal expeditioner för att finna denna farm, dock utan resultat. Men tillslut lyckades vi lokalisera den via eniros flygfoto, vilket inte var högupplöst på denna plats, och vi gav os återigen iväg. Efter en lång vandring genom skogen och runt e..."
          }
        ],
        "source": "https://www.flashback.org/t359143",
        "thread_url": "https://www.flashback.org/t359143",
        "post_id": "post10056457",
        "username": "Hegge",
        "time_raw": "2008-02-18, 18:39 # 9",
        "confidence": 0.64,
        "comment": "Angående övergivna minkfarmar har jag en intressant historia att berätta. Hade för en tid sedan fått information om något som troligtvis skulle vara en övergiven minkfarm en bit in i skogen. Åkte på ett antal expeditioner för att finna denna farm, dock utan resultat. Men tillslut lyckades vi lokalisera den via eniros flygfoto, vilket inte var högupplöst på denna plats, och vi gav os återigen iväg. Efter en lång vandring genom skogen och runt e..."
      }
    },
    {
      "type": "Feature",
      "geometry": {
        "type": "Point",
        "coordinates": [
          12.4591216,
          61.6208434
        ]
      },
      "properties": {
        "id": "ec378c4f9f2e",
        "entity": "Strax",
        "query": "Strax, Sweden",
        "display_name": "roligt körstråk i skogsluting strax nedanför fjället (snöskoter), Älvdalens kommun, Dalarnas län, Sverige",
        "osm_type": "way",
        "osm_id": 451560609,
        "geocode_confidence": 0.04005799877927824,
        "evidence": [
          {
            "source": "https://www.flashback.org/t359143",
            "thread_url": "https://www.flashback.org/t359143",
            "post_id": "post10056457",
            "username": "Hegge",
            "time_raw": "2008-02-18, 18:39 # 9",
            "confidence": 0.64,
            "comment": "Angående övergivna minkfarmar har jag en intressant historia att berätta. Hade för en tid sedan fått information om något som troligtvis skulle vara en övergiven minkfarm en bit in i skogen. Åkte på ett antal expeditioner för att finna denna farm, dock utan resultat. Men tillslut lyckades vi lokalisera den via eniros flygfoto, vilket inte var högupplöst på denna plats, och vi gav os återigen iväg. Efter en lång vandring genom skogen och runt e..."
          }
        ],
        "source": "https://www.flashback.org/t359143",
        "thread_url": "https://www.flashback.org/t359143",
        "post_id": "post10056457",
        "username": "Hegge",
        "time_raw": "2008-02-18, 18:39 # 9",
        "confidence": 0.64,
        "comment": "Angående övergivna minkfarmar har jag en intressant historia att berätta. Hade för en tid sedan fått information om något som troligtvis skulle vara en övergiven minkfarm en bit in i skogen. Åkte på ett antal expeditioner för att finna denna farm, dock utan resultat. Men tillslut lyckades vi lokalisera den via eniros flygfoto, vilket inte var högupplöst på denna plats, och vi gav os återigen iväg. Efter en lång vandring genom skogen och runt e..."
      }
    },
    {
      "type": "Feature",
      "geometry": {
        "type": "Point",
        "coordinates": [
          18.3999257,
          57.7305092
        ]
      },
      "properties": {
        "id": "04447681caab",
        "entity": "Salthamn",
        "query": "Salthamn, Sweden",
        "display_name": "Salthamn, Lummelunds Bruk, Visby, Gotlands kommun, Gotlands län, Sverige",
        "osm_type": "node",
        "osm_id": 5308501363,
        "geocode_confidence": 0.10672139391165024,
        "evidence": [
          {
            "source": "https://www.flashback.org/t359143",
            "thread_url": "https://www.flashback.org/t359143",
            "post_id": "post94308073",
            "username": "Born4july",
            "time_raw": "2026-02-15, 16:09 # 11",
            "confidence": 0.48,
            "comment": "Googla på minkfarmen Salthamn så slipper ni att sitta och gissa. Var även en mindre djurpark där i norra änden närmast bruket. Vildsvin och Lodjur var de största."
          }
        ],
        "source": "https://www.flashback.org/t359143",
        "thread_url": "https://www.flashback.org/t359143",
        "post_id": "post94308073",
        "username": "Born4july",
        "time_raw": "2026-02-15, 16:09 # 11",
        "confidence": 0.48,
        "comment": "Googla på minkfarmen Salthamn så slipper ni att sitta och gissa. Var även en mindre djurpark där i norra änden närmast bruket. Vildsvin och Lodjur var de största."
      }
    },
    {
      "type": "Feature",
      "geometry": {
        "type": "Point",
        "coordinates": [
          18.6686,
          64.5814335
        ]
      },
      "properties": {
        "id": "a71fc5c4082e",
        "entity": "Vildsvin",
        "query": "Vildsvin, Sweden",
        "display_name": "Vildsvin, Brännbergsvägen, Jonsta, Lycksele, Lycksele kommun, Västerbottens län, 921 36, Sverige",
        "osm_type": "node",
        "osm_id": 6536755281,
        "geocode_confidence": 5.726329442278199e-05,
        "evidence": [
          {
            "source": "https://www.flashback.org/t359143",
            "thread_url": "https://www.flashback.org/t359143",
            "post_id": "post94308073",
            "username": "Born4july",
            "time_raw": "2026-02-15, 16:09 # 11",
            "confidence": 0.48,
            "comment": "Googla på minkfarmen Salthamn så slipper ni att sitta och gissa. Var även en mindre djurpark där i norra änden närmast bruket. Vildsvin och Lodjur var de största."
          }
        ],
        "source": "https://www.flashback.org/t359143",
        "thread_url": "https://www.flashback.org/t359143",
        "post_id": "post94308073",
        "username": "Born4july",
        "time_raw": "2026-02-15, 16:09 # 11",
        "confidence": 0.48,
        "comment": "Googla på minkfarmen Salthamn så slipper ni att sitta och gissa. Var även en mindre djurpark där i norra änden närmast bruket. Vildsvin och Lodjur var de största."
      }
    },
    {
      "type": "Feature",
      "geometry": {
        "type": "Point",
        "coordinates": [
          16.4908539,
          56.6717544
        ]
      },
      "properties": {
        "id": "4697ce2585d4",
        "entity": "Lodjur",
        "query": "Lodjur, Sweden",
        "display_name": "Lodjur, Röhällavägen, Möllstorp, Färjestaden, Mörbylånga kommun, Kalmar län, 386 33, Sverige",
        "osm_type": "node",
        "osm_id": 3540528347,
        "geocode_confidence": 6.367971313034283e-05,
        "evidence": [
          {
            "source": "https://www.flashback.org/t359143",
            "thread_url": "https://www.flashback.org/t359143",
            "post_id": "post94308073",
            "username": "Born4july",
            "time_raw": "2026-02-15, 16:09 # 11",
            "confidence": 0.48,
            "comment": "Googla på minkfarmen Salthamn så slipper ni att sitta och gissa. Var även en mindre djurpark där i norra änden närmast bruket. Vildsvin och Lodjur var de största."
          }
        ],
        "source": "https://www.flashback.org/t359143",
        "thread_url": "https://www.flashback.org/t359143",
        "post_id": "post94308073",
        "username": "Born4july",
        "time_raw": "2026-02-15, 16:09 # 11",
        "confidence": 0.48,
        "comment": "Googla på minkfarmen Salthamn så slipper ni att sitta och gissa. Var även en mindre djurpark där i norra änden närmast bruket. Vildsvin och Lodjur var de största."
      }
    },
    {
      "type": "Feature",
      "geometry": {
        "type": "Point",
        "coordinates": [
          17.9785506,
          59.3628378
        ]
      },
      "properties": {
        "id": "57f49520cbd4",
        "entity": "Sumpans",
        "query": "Sumpans, Sweden",
        "display_name": "Sumpans biltvätt, Götgatan, Centrala Sundbyberg, Sundbybergs kommun, Stockholms län, 172 30, Sverige",
        "osm_type": "node",
        "osm_id": 11175338445,
        "geocode_confidence": 6.46913862820938e-05,
        "evidence": [
          {
            "source": "https://www.flashback.org/t3074043",
            "thread_url": "https://www.flashback.org/t3074043",
            "post_id": "post68631667",
            "username": "LadyCinderbottom",
            "time_raw": "2019-09-07, 19:01 # 2",
            "confidence": 0.84,
            "comment": "Citat: Ursprungligen postat av G2H1 Tjenare! Jag och mina kompisar blev sjukt sugna på att testa det här med UE. Vi vill alltså ta oss in på ödelagda platser. Problemet är att ingen av oss vet vart vi skulle kunna åka. Kikade runt lite här på flashback men hittade nästan bara gamla trådar. Så jag undrar om någon här skulle kunna rekommendera nåt fint ställe här i Stockholms trakterna nära västra Stockholm? Tack på förhand! Klassiker är Kymling..."
          },
          {
            "source": "https://www.flashback.org/t3074043",
            "thread_url": "https://www.flashback.org/t3074043",
            "post_id": "post68632158",
            "username": "G2H1",
            "time_raw": "2019-09-07, 19:57 # 3",
            "confidence": 0.76,
            "comment": "Citat: Ursprungligen postat av LadyCinderbottom Klassiker är Kymlinge station https://sv.m.wikipedia.org/wiki/Kymlinge_(tunnelbanestation ) \"Några subkulturer har haft ett speciellt intresse av Kymlinge. Grusplanen nedanför plattformen har fått tjäna som festplats för ett antal ravefester. Stationen är även ett favoritmål inom urban exploration-kulturen\" Ligger i Sumpans kommun mot Hallonbergen - Kista. Vet inte hur det ser ut nuförtiden men e..."
          },
          {
            "source": "https://www.flashback.org/t3074043",
            "thread_url": "https://www.flashback.org/t3074043",
            "post_id": "post68662951",
            "username": "tunnelgruppen",
            "time_raw": "2019-09-10, 19:03 # 4",
            "confidence": 0.84,
            "comment": "Citat: Ursprungligen postat av LadyCinderbottom Klassiker är Kymlinge station https://sv.m.wikipedia.org/wiki/Kymlinge_(tunnelbanestation ) \"Några subkulturer har haft ett speciellt intresse av Kymlinge. Grusplanen nedanför plattformen har fått tjäna som festplats för ett antal ravefester. Stationen är även ett favoritmål inom urban exploration-kulturen\" Ligger i Sumpans kommun mot Hallonbergen - Kista. Vet inte hur det ser ut nuförtiden men e..."
          }
        ],
        "source": "https://www.flashback.org/t3074043",
        "thread_url": "https://www.flashback.org/t3074043",
        "post_id": "post68662951",
        "username": "tunnelgruppen",
        "time_raw": "2019-09-10, 19:03 # 4",
        "confidence": 0.84,
        "comment": "Citat: Ursprungligen postat av LadyCinderbottom Klassiker är Kymlinge station https://sv.m.wikipedia.org/wiki/Kymlinge_(tunnelbanestation ) \"Några subkulturer har haft ett speciellt intresse av Kymlinge. Grusplanen nedanför plattformen har fått tjäna som festplats för ett antal ravefester. Stationen är även ett favoritmål inom urban exploration-kulturen\" Ligger i Sumpans kommun mot Hallonbergen - Kista. Vet inte hur det ser ut nuförtiden men e..."
      }
    },
    {
      "type": "Feature",
      "geometry": {
        "type": "Point",
        "coordinates": [
          14.3805861,
          59.1344583
        ]
      },
      "properties": {
        "id": "cad937b18f6a",
        "entity": "Tack",
        "query": "Tack, Sweden",
        "display_name": "Tack, Höjdebråten, Åtorp, Degerfors kommun, Örebro län, Sverige",
        "osm_type": "node",
        "osm_id": 7472544719,
        "geocode_confidence": 0.10671982833600364,
        "evidence": [
          {
            "source": "https://www.flashback.org/t3074043",
            "thread_url": "https://www.flashback.org/t3074043",
            "post_id": "post68631667",
            "username": "LadyCinderbottom",
            "time_raw": "2019-09-07, 19:01 # 2",
            "confidence": 0.84,
            "comment": "Citat: Ursprungligen postat av G2H1 Tjenare! Jag och mina kompisar blev sjukt sugna på att testa det här med UE. Vi vill alltså ta oss in på ödelagda platser. Problemet är att ingen av oss vet vart vi skulle kunna åka. Kikade runt lite här på flashback men hittade nästan bara gamla trådar. Så jag undrar om någon här skulle kunna rekommendera nåt fint ställe här i Stockholms trakterna nära västra Stockholm? Tack på förhand! Klassiker är Kymling..."
          },
          {
            "source": "https://www.flashback.org/t3074043",
            "thread_url": "https://www.flashback.org/t3074043",
            "post_id": "post68632158",
            "username": "G2H1",
            "time_raw": "2019-09-07, 19:57 # 3",
            "confidence": 0.76,
            "comment": "Citat: Ursprungligen postat av LadyCinderbottom Klassiker är Kymlinge station https://sv.m.wikipedia.org/wiki/Kymlinge_(tunnelbanestation ) \"Några subkulturer har haft ett speciellt intresse av Kymlinge. Grusplanen nedanför plattformen har fått tjäna som festplats för ett antal ravefester. Stationen är även ett favoritmål inom urban exploration-kulturen\" Ligger i Sumpans kommun mot Hallonbergen - Kista. Vet inte hur det ser ut nuförtiden men e..."
          }
        ],
        "source": "https://www.flashback.org/t3074043",
        "thread_url": "https://www.flashback.org/t3074043",
        "post_id": "post68632158",
        "username": "G2H1",
        "time_raw": "2019-09-07, 19:57 # 3",
        "confidence": 0.76,
        "comment": "Citat: Ursprungligen postat av LadyCinderbottom Klassiker är Kymlinge station https://sv.m.wikipedia.org/wiki/Kymlinge_(tunnelbanestation ) \"Några subkulturer har haft ett speciellt intresse av Kymlinge. Grusplanen nedanför plattformen har fått tjäna som festplats för ett antal ravefester. Stationen är även ett favoritmål inom urban exploration-kulturen\" Ligger i Sumpans kommun mot Hallonbergen - Kista. Vet inte hur det ser ut nuförtiden men e..."
      }
    },
    {
      "type": "Feature",
      "geometry": {
        "type": "Point",
        "coordinates": [
          11.9698467,
          57.7328907
        ]
      },
      "properties": {
        "id": "41c9379b25a7",
        "entity": "Klassiker",
        "query": "Klassiker, Sweden",
        "display_name": "Klassikergatan, Brunnsbo, Hisingen, Göteborg, Göteborgs Stad, Västra Götalands län, 422 41, Sverige",
        "osm_type": "way",
        "osm_id": 30049208,
        "geocode_confidence": 0.05341108339055463,
        "evidence": [
          {
            "source": "https://www.flashback.org/t3074043",
            "thread_url": "https://www.flashback.org/t3074043",
            "post_id": "post68631667",
            "username": "LadyCinderbottom",
            "time_raw": "2019-09-07, 19:01 # 2",
            "confidence": 0.84,
            "comment": "Citat: Ursprungligen postat av G2H1 Tjenare! Jag och mina kompisar blev sjukt sugna på att testa det här med UE. Vi vill alltså ta oss in på ödelagda platser. Problemet är att ingen av oss vet vart vi skulle kunna åka. Kikade runt lite här på flashback men hittade nästan bara gamla trådar. Så jag undrar om någon här skulle kunna rekommendera nåt fint ställe här i Stockholms trakterna nära västra Stockholm? Tack på förhand! Klassiker är Kymling..."
          },
          {
            "source": "https://www.flashback.org/t3074043",
            "thread_url": "https://www.flashback.org/t3074043",
            "post_id": "post68632158",
            "username": "G2H1",
            "time_raw": "2019-09-07, 19:57 # 3",
            "confidence": 0.76,
            "comment": "Citat: Ursprungligen postat av LadyCinderbottom Klassiker är Kymlinge station https://sv.m.wikipedia.org/wiki/Kymlinge_(tunnelbanestation ) \"Några subkulturer har haft ett speciellt intresse av Kymlinge. Grusplanen nedanför plattformen har fått tjäna som festplats för ett antal ravefester. Stationen är även ett favoritmål inom urban exploration-kulturen\" Ligger i Sumpans kommun mot Hallonbergen - Kista. Vet inte hur det ser ut nuförtiden men e..."
          },
          {
            "source": "https://www.flashback.org/t3074043",
            "thread_url": "https://www.flashback.org/t3074043",
            "post_id": "post68662951",
            "username": "tunnelgruppen",
            "time_raw": "2019-09-10, 19:03 # 4",
            "confidence": 0.84,
            "comment": "Citat: Ursprungligen postat av LadyCinderbottom Klassiker är Kymlinge station https://sv.m.wikipedia.org/wiki/Kymlinge_(tunnelbanestation ) \"Några subkulturer har haft ett speciellt intresse av Kymlinge. Grusplanen nedanför plattformen har fått tjäna som festplats för ett antal ravefester. Stationen är även ett favoritmål inom urban exploration-kulturen\" Ligger i Sumpans kommun mot Hallonbergen - Kista. Vet inte hur det ser ut nuförtiden men e..."
          },
          {
            "source": "https://www.flashback.org/t3074043",
            "thread_url": "https://www.flashback.org/t3074043",
            "post_id": "post69383334",
            "username": "Zergler",
            "time_raw": "2019-11-22, 22:07 # 6",
            "confidence": 0.56,
            "comment": "Citat: Ursprungligen postat av tunnelgruppen Klassiker kanske men inte ett bra nybörjarställe. Ska man ge sig in på tunnelbanans område måste man ha koll på vad man gör. Tåg kan komma snabbt utan förvarning och den berömda strömskenan vill man inte komma för nära. Upptäcker de att det finns obehöriga inne på området är de snabba på att skicka ut väktare. Kan verkligen inte rekommendera denna, polaren klämde in sig i timmar under plattformen fö..."
          }
        ],
        "source": "https://www.flashback.org/t3074043",
        "thread_url": "https://www.flashback.org/t3074043",
        "post_id": "post69383334",
        "username": "Zergler",
        "time_raw": "2019-11-22, 22:07 # 6",
        "confidence": 0.56,
        "comment": "Citat: Ursprungligen postat av tunnelgruppen Klassiker kanske men inte ett bra nybörjarställe. Ska man ge sig in på tunnelbanans område måste man ha koll på vad man gör. Tåg kan komma snabbt utan förvarning och den berömda strömskenan vill man inte komma för nära. Upptäcker de att det finns obehöriga inne på området är de snabba på att skicka ut väktare. Kan verkligen inte rekommendera denna, polaren klämde in sig i timmar under plattformen fö..."
      }
    },
    {
      "type": "Feature",
      "geometry": {
        "type": "Point",
        "coordinates": [
          13.0119536,
          55.5511897
        ]
      },
      "properties": {
        "id": "82646f7fade3",
        "entity": "Några",
        "query": "Några, Sweden",
        "display_name": "Lär känna några fladdermöss i Lindängelund, Katrinetorpsstigen, Lindängen, Söder, Malmö, Malmö kommun, Skåne län, 215 74, Sverige",
        "osm_type": "node",
        "osm_id": 13110506922,
        "geocode_confidence": 7.356755931940211e-05,
        "evidence": [
          {
            "source": "https://www.flashback.org/t3074043",
            "thread_url": "https://www.flashback.org/t3074043",
            "post_id": "post68631667",
            "username": "LadyCinderbottom",
            "time_raw": "2019-09-07, 19:01 # 2",
            "confidence": 0.84,
            "comment": "Citat: Ursprungligen postat av G2H1 Tjenare! Jag och mina kompisar blev sjukt sugna på att testa det här med UE. Vi vill alltså ta oss in på ödelagda platser. Problemet är att ingen av oss vet vart vi skulle kunna åka. Kikade runt lite här på flashback men hittade nästan bara gamla trådar. Så jag undrar om någon här skulle kunna rekommendera nåt fint ställe här i Stockholms trakterna nära västra Stockholm? Tack på förhand! Klassiker är Kymling..."
          },
          {
            "source": "https://www.flashback.org/t3074043",
            "thread_url": "https://www.flashback.org/t3074043",
            "post_id": "post68632158",
            "username": "G2H1",
            "time_raw": "2019-09-07, 19:57 # 3",
            "confidence": 0.76,
            "comment": "Citat: Ursprungligen postat av LadyCinderbottom Klassiker är Kymlinge station https://sv.m.wikipedia.org/wiki/Kymlinge_(tunnelbanestation ) \"Några subkulturer har haft ett speciellt intresse av Kymlinge. Grusplanen nedanför plattformen har fått tjäna som festplats för ett antal ravefester. Stationen är även ett favoritmål inom urban exploration-kulturen\" Ligger i Sumpans kommun mot Hallonbergen - Kista. Vet inte hur det ser ut nuförtiden men e..."
          },
          {
            "source": "https://www.flashback.org/t3074043",
            "thread_url": "https://www.flashback.org/t3074043",
            "post_id": "post68662951",
            "username": "tunnelgruppen",
            "time_raw": "2019-09-10, 19:03 # 4",
            "confidence": 0.84,
            "comment": "Citat: Ursprungligen postat av LadyCinderbottom Klassiker är Kymlinge station https://sv.m.wikipedia.org/wiki/Kymlinge_(tunnelbanestation ) \"Några subkulturer har haft ett speciellt intresse av Kymlinge. Grusplanen nedanför plattformen har fått tjäna som festplats för ett antal ravefester. Stationen är även ett favoritmål inom urban exploration-kulturen\" Ligger i Sumpans kommun mot Hallonbergen - Kista. Vet inte hur det ser ut nuförtiden men e..."
          }
        ],
        "source": "https://www.flashback.org/t3074043",
        "thread_url": "https://www.flashback.org/t3074043",
        "post_id": "post68662951",
        "username": "tunnelgruppen",
        "time_raw": "2019-09-10, 19:03 # 4",
        "confidence": 0.84,
        "comment": "Citat: Ursprungligen postat av LadyCinderbottom Klassiker är Kymlinge station https://sv.m.wikipedia.org/wiki/Kymlinge_(tunnelbanestation ) \"Några subkulturer har haft ett speciellt intresse av Kymlinge. Grusplanen nedanför plattformen har fått tjäna som festplats för ett antal ravefester. Stationen är även ett favoritmål inom urban exploration-kulturen\" Ligger i Sumpans kommun mot Hallonbergen - Kista. Vet inte hur det ser ut nuförtiden men e..."
      }
    },
    {
      "type": "Feature",
      "geometry": {
        "type": "Point",
        "coordinates": [
          12.4946939,
          56.9135081
        ]
      },
      "properties": {
        "id": "79b89838e574",
        "entity": "Grusplanen",
        "query": "Grusplanen, Sweden",
        "display_name": "Grusplanen, Murarevägen, Falkenberg, Falkenbergs kommun, Hallands län, 311 39, Sverige",
        "osm_type": "way",
        "osm_id": 684537955,
        "geocode_confidence": 5.632028686956615e-05,
        "evidence": [
          {
            "source": "https://www.flashback.org/t3074043",
            "thread_url": "https://www.flashback.org/t3074043",
            "post_id": "post68631667",
            "username": "LadyCinderbottom",
            "time_raw": "2019-09-07, 19:01 # 2",
            "confidence": 0.84,
            "comment": "Citat: Ursprungligen postat av G2H1 Tjenare! Jag och mina kompisar blev sjukt sugna på att testa det här med UE. Vi vill alltså ta oss in på ödelagda platser. Problemet är att ingen av oss vet vart vi skulle kunna åka. Kikade runt lite här på flashback men hittade nästan bara gamla trådar. Så jag undrar om någon här skulle kunna rekommendera nåt fint ställe här i Stockholms trakterna nära västra Stockholm? Tack på förhand! Klassiker är Kymling..."
          },
          {
            "source": "https://www.flashback.org/t3074043",
            "thread_url": "https://www.flashback.org/t3074043",
            "post_id": "post68632158",
            "username": "G2H1",
            "time_raw": "2019-09-07, 19:57 # 3",
            "confidence": 0.76,
            "comment": "Citat: Ursprungligen postat av LadyCinderbottom Klassiker är Kymlinge station https://sv.m.wikipedia.org/wiki/Kymlinge_(tunnelbanestation ) \"Några subkulturer har haft ett speciellt intresse av Kymlinge. Grusplanen nedanför plattformen har fått tjäna som festplats för ett antal ravefester. Stationen är även ett favoritmål inom urban exploration-kulturen\" Ligger i Sumpans kommun mot Hallonbergen - Kista. Vet inte hur det ser ut nuförtiden men e..."
          },
          {
            "source": "https://www.flashback.org/t3074043",
            "thread_url": "https://www.flashback.org/t3074043",
            "post_id": "post68662951",
            "username": "tunnelgruppen",
            "time_raw": "2019-09-10, 19:03 # 4",
            "confidence": 0.84,
            "comment": "Citat: Ursprungligen postat av LadyCinderbottom Klassiker är Kymlinge station https://sv.m.wikipedia.org/wiki/Kymlinge_(tunnelbanestation ) \"Några subkulturer har haft ett speciellt intresse av Kymlinge. Grusplanen nedanför plattformen har fått tjäna som festplats för ett antal ravefester. Stationen är även ett favoritmål inom urban exploration-kulturen\" Ligger i Sumpans kommun mot Hallonbergen - Kista. Vet inte hur det ser ut nuförtiden men e..."
          }
        ],
        "source": "https://www.flashback.org/t3074043",
        "thread_url": "https://www.flashback.org/t3074043",
        "post_id": "post68662951",
        "username": "tunnelgruppen",
        "time_raw": "2019-09-10, 19:03 # 4",
        "confidence": 0.84,
        "comment": "Citat: Ursprungligen postat av LadyCinderbottom Klassiker är Kymlinge station https://sv.m.wikipedia.org/wiki/Kymlinge_(tunnelbanestation ) \"Några subkulturer har haft ett speciellt intresse av Kymlinge. Grusplanen nedanför plattformen har fått tjäna som festplats för ett antal ravefester. Stationen är även ett favoritmål inom urban exploration-kulturen\" Ligger i Sumpans kommun mot Hallonbergen - Kista. Vet inte hur det ser ut nuförtiden men e..."
      }
    },
    {
      "type": "Feature",
      "geometry": {
        "type": "Point",
        "coordinates": [
          17.6459474,
          59.8586998
        ]
      },
      "properties": {
        "id": "5b3682ab51a2",
        "entity": "Stationen",
        "query": "Stationen, Sweden",
        "display_name": "Stationen, 6, Olof Palmes plats, Vaksalastaden, Centrum, Uppsala, Uppsala kommun, Uppsala län, 753 19, Sverige",
        "osm_type": "node",
        "osm_id": 2139167543,
        "geocode_confidence": 7.216678110928538e-05,
        "evidence": [
          {
            "source": "https://www.flashback.org/t3074043",
            "thread_url": "https://www.flashback.org/t3074043",
            "post_id": "post68631667",
            "username": "LadyCinderbottom",
            "time_raw": "2019-09-07, 19:01 # 2",
            "confidence": 0.84,
            "comment": "Citat: Ursprungligen postat av G2H1 Tjenare! Jag och mina kompisar blev sjukt sugna på att testa det här med UE. Vi vill alltså ta oss in på ödelagda platser. Problemet är att ingen av oss vet vart vi skulle kunna åka. Kikade runt lite här på flashback men hittade nästan bara gamla trådar. Så jag undrar om någon här skulle kunna rekommendera nåt fint ställe här i Stockholms trakterna nära västra Stockholm? Tack på förhand! Klassiker är Kymling..."
          },
          {
            "source": "https://www.flashback.org/t3074043",
            "thread_url": "https://www.flashback.org/t3074043",
            "post_id": "post68632158",
            "username": "G2H1",
            "time_raw": "2019-09-07, 19:57 # 3",
            "confidence": 0.76,
            "comment": "Citat: Ursprungligen postat av LadyCinderbottom Klassiker är Kymlinge station https://sv.m.wikipedia.org/wiki/Kymlinge_(tunnelbanestation ) \"Några subkulturer har haft ett speciellt intresse av Kymlinge. Grusplanen nedanför plattformen har fått tjäna som festplats för ett antal ravefester. Stationen är även ett favoritmål inom urban exploration-kulturen\" Ligger i Sumpans kommun mot Hallonbergen - Kista. Vet inte hur det ser ut nuförtiden men e..."
          },
          {
            "source": "https://www.flashback.org/t3074043",
            "thread_url": "https://www.flashback.org/t3074043",
            "post_id": "post68662951",
            "username": "tunnelgruppen",
            "time_raw": "2019-09-10, 19:03 # 4",
            "confidence": 0.84,
            "comment": "Citat: Ursprungligen postat av LadyCinderbottom Klassiker är Kymlinge station https://sv.m.wikipedia.org/wiki/Kymlinge_(tunnelbanestation ) \"Några subkulturer har haft ett speciellt intresse av Kymlinge. Grusplanen nedanför plattformen har fått tjäna som festplats för ett antal ravefester. Stationen är även ett favoritmål inom urban exploration-kulturen\" Ligger i Sumpans kommun mot Hallonbergen - Kista. Vet inte hur det ser ut nuförtiden men e..."
          }
        ],
        "source": "https://www.flashback.org/t3074043",
        "thread_url": "https://www.flashback.org/t3074043",
        "post_id": "post68662951",
        "username": "tunnelgruppen",
        "time_raw": "2019-09-10, 19:03 # 4",
        "confidence": 0.84,
        "comment": "Citat: Ursprungligen postat av LadyCinderbottom Klassiker är Kymlinge station https://sv.m.wikipedia.org/wiki/Kymlinge_(tunnelbanestation ) \"Några subkulturer har haft ett speciellt intresse av Kymlinge. Grusplanen nedanför plattformen har fått tjäna som festplats för ett antal ravefester. Stationen är även ett favoritmål inom urban exploration-kulturen\" Ligger i Sumpans kommun mot Hallonbergen - Kista. Vet inte hur det ser ut nuförtiden men e..."
      }
    },
    {
      "type": "Feature",
      "geometry": {
        "type": "Point",
        "coordinates": [
          14.0871537,
          57.6788528
        ]
      },
      "properties": {
        "id": "5464d389dbbe",
        "entity": "Tåg",
        "query": "Tåg, Sweden",
        "display_name": "Taberg, Västra Järnvägsgatan, Bråten, Taberg, Jönköpings kommun, Jönköpings län, 562 42, Sverige",
        "osm_type": "node",
        "osm_id": 254754343,
        "geocode_confidence": 6.500572213316574e-05,
        "evidence": [
          {
            "source": "https://www.flashback.org/t3074043",
            "thread_url": "https://www.flashback.org/t3074043",
            "post_id": "post68662951",
            "username": "tunnelgruppen",
            "time_raw": "2019-09-10, 19:03 # 4",
            "confidence": 0.84,
            "comment": "Citat: Ursprungligen postat av LadyCinderbottom Klassiker är Kymlinge station https://sv.m.wikipedia.org/wiki/Kymlinge_(tunnelbanestation ) \"Några subkulturer har haft ett speciellt intresse av Kymlinge. Grusplanen nedanför plattformen har fått tjäna som festplats för ett antal ravefester. Stationen är även ett favoritmål inom urban exploration-kulturen\" Ligger i Sumpans kommun mot Hallonbergen - Kista. Vet inte hur det ser ut nuförtiden men e..."
          },
          {
            "source": "https://www.flashback.org/t3074043",
            "thread_url": "https://www.flashback.org/t3074043",
            "post_id": "post69383334",
            "username": "Zergler",
            "time_raw": "2019-11-22, 22:07 # 6",
            "confidence": 0.56,
            "comment": "Citat: Ursprungligen postat av tunnelgruppen Klassiker kanske men inte ett bra nybörjarställe. Ska man ge sig in på tunnelbanans område måste man ha koll på vad man gör. Tåg kan komma snabbt utan förvarning och den berömda strömskenan vill man inte komma för nära. Upptäcker de att det finns obehöriga inne på området är de snabba på att skicka ut väktare. Kan verkligen inte rekommendera denna, polaren klämde in sig i timmar under plattformen fö..."
          }
        ],
        "source": "https://www.flashback.org/t3074043",
        "thread_url": "https://www.flashback.org/t3074043",
        "post_id": "post69383334",
        "username": "Zergler",
        "time_raw": "2019-11-22, 22:07 # 6",
        "confidence": 0.56,
        "comment": "Citat: Ursprungligen postat av tunnelgruppen Klassiker kanske men inte ett bra nybörjarställe. Ska man ge sig in på tunnelbanans område måste man ha koll på vad man gör. Tåg kan komma snabbt utan förvarning och den berömda strömskenan vill man inte komma för nära. Upptäcker de att det finns obehöriga inne på området är de snabba på att skicka ut väktare. Kan verkligen inte rekommendera denna, polaren klämde in sig i timmar under plattformen fö..."
      }
    },
    {
      "type": "Feature",
      "geometry": {
        "type": "Point",
        "coordinates": [
          13.0752482,
          63.4007449
        ]
      },
      "properties": {
        "id": "9df43cb70005",
        "entity": "Sös",
        "query": "Sös, Sweden",
        "display_name": "SOS, 115, Årevägen, Totten, Åre, Åre kommun, Jämtlands län, 837 52, Sverige",
        "osm_type": "node",
        "osm_id": 13254776838,
        "geocode_confidence": 6.112077515826685e-05,
        "evidence": [
          {
            "source": "https://www.flashback.org/t3074043",
            "thread_url": "https://www.flashback.org/t3074043",
            "post_id": "post69243521",
            "username": "fabio95",
            "time_raw": "2019-11-09, 12:31 # 5",
            "confidence": 0.88,
            "comment": "Jag söker också efter några fler ställen i Stockholm. Jag har tillgång till bil och letar efter lite tips om intressanta platser runt om Stockholm att utforska. Jag har besökt Sös tunneln innan den var stängd samt sen djupare delen som man når genom en Stege, färgfabriken, kymlingestation och nån nedbränd skola. Skulle någon tänka sig Pma några intressanta ställen att besöka?"
          }
        ],
        "source": "https://www.flashback.org/t3074043",
        "thread_url": "https://www.flashback.org/t3074043",
        "post_id": "post69243521",
        "username": "fabio95",
        "time_raw": "2019-11-09, 12:31 # 5",
        "confidence": 0.88,
        "comment": "Jag söker också efter några fler ställen i Stockholm. Jag har tillgång till bil och letar efter lite tips om intressanta platser runt om Stockholm att utforska. Jag har besökt Sös tunneln innan den var stängd samt sen djupare delen som man når genom en Stege, färgfabriken, kymlingestation och nån nedbränd skola. Skulle någon tänka sig Pma några intressanta ställen att besöka?"
      }
    },
    {
      "type": "Feature",
      "geometry": {
        "type": "Point",
        "coordinates": [
          17.9504063,
          59.3028504
        ]
      },
      "properties": {
        "id": "eed26a9b0395",
        "entity": "Stege",
        "query": "Stege, Sweden",
        "display_name": "Jakobs Stege, Mälarhöjden, Hägersten-Älvsjö stadsdelsområde, Stockholm, Stockholms kommun, Stockholms län, 129 40, Sverige",
        "osm_type": "way",
        "osm_id": 70378316,
        "geocode_confidence": 0.21822785325192331,
        "evidence": [
          {
            "source": "https://www.flashback.org/t3074043",
            "thread_url": "https://www.flashback.org/t3074043",
            "post_id": "post69243521",
            "username": "fabio95",
            "time_raw": "2019-11-09, 12:31 # 5",
            "confidence": 0.88,
            "comment": "Jag söker också efter några fler ställen i Stockholm. Jag har tillgång till bil och letar efter lite tips om intressanta platser runt om Stockholm att utforska. Jag har besökt Sös tunneln innan den var stängd samt sen djupare delen som man når genom en Stege, färgfabriken, kymlingestation och nån nedbränd skola. Skulle någon tänka sig Pma några intressanta ställen att besöka?"
          }
        ],
        "source": "https://www.flashback.org/t3074043",
        "thread_url": "https://www.flashback.org/t3074043",
        "post_id": "post69243521",
        "username": "fabio95",
        "time_raw": "2019-11-09, 12:31 # 5",
        "confidence": 0.88,
        "comment": "Jag söker också efter några fler ställen i Stockholm. Jag har tillgång till bil och letar efter lite tips om intressanta platser runt om Stockholm att utforska. Jag har besökt Sös tunneln innan den var stängd samt sen djupare delen som man når genom en Stege, färgfabriken, kymlingestation och nån nedbränd skola. Skulle någon tänka sig Pma några intressanta ställen att besöka?"
      }
    },
    {
      "type": "Feature",
      "geometry": {
        "type": "Point",
        "coordinates": [
          18.0255385,
          59.3058686
        ]
      },
      "properties": {
        "id": "3c966682d8ed",
        "entity": "Årstadal",
        "query": "Årstadal, Sweden",
        "display_name": "Årstadal, Förmansvägen, Liljeholmen, Hägersten-Älvsjö stadsdelsområde, Stockholm, Stockholms kommun, Stockholms län, 117 59, Sverige",
        "osm_type": "node",
        "osm_id": 4749285422,
        "geocode_confidence": 8.40184634164495e-05,
        "evidence": [
          {
            "source": "https://www.flashback.org/t3074043p2",
            "thread_url": "https://www.flashback.org/t3074043",
            "post_id": "post83019896",
            "username": "Psykadeluxe",
            "time_raw": "2023-01-06, 20:13 # 16",
            "confidence": 0.6,
            "comment": "Citat: Ursprungligen postat av -Eli- INGEN seriös UEare bryter sig in. Mvh hållt på med UE i 20 år Ok det är din förlust. Jag är väl en oseriös urban exploration entusiast då. Jag gillar att göra olaga intrång och bryta mig in i utrymmen, källare, garage under marken har dörrar som leder till tunnlar som leder till En och annan dörr som du bryter dig in i. Jag har ibland stött på igensvetsade dörrar i tex. I En nödutgångtunnel i ett garage i..."
          },
          {
            "source": "https://www.flashback.org/t3074043p2",
            "thread_url": "https://www.flashback.org/t3074043",
            "post_id": "post83020784",
            "username": "Psykadeluxe",
            "time_raw": "2023-01-06, 21:23 # 17",
            "confidence": 0.72,
            "comment": "Citat: Ursprungligen postat av Psykadeluxe Ok det är din förlust. Jag är väl en oseriös urban exploration entusiast då. Jag gillar att göra olaga intrång och bryta mig in i utrymmen, källare, garage under marken har dörrar som leder till tunnlar som leder till En och annan dörr som du bryter dig in i. Jag har ibland stött på igensvetsade dörrar i tex. I En nödutgångtunnel i ett garage i Årstadal som går ner typ 9 våningar under marken, så Rå..."
          }
        ],
        "source": "https://www.flashback.org/t3074043p2",
        "thread_url": "https://www.flashback.org/t3074043",
        "post_id": "post83020784",
        "username": "Psykadeluxe",
        "time_raw": "2023-01-06, 21:23 # 17",
        "confidence": 0.72,
        "comment": "Citat: Ursprungligen postat av Psykadeluxe Ok det är din förlust. Jag är väl en oseriös urban exploration entusiast då. Jag gillar att göra olaga intrång och bryta mig in i utrymmen, källare, garage under marken har dörrar som leder till tunnlar som leder till En och annan dörr som du bryter dig in i. Jag har ibland stött på igensvetsade dörrar i tex. I En nödutgångtunnel i ett garage i Årstadal som går ner typ 9 våningar under marken, så Rå..."
      }
    },
    {
      "type": "Feature",
      "geometry": {
        "type": "Point",
        "coordinates": [
          18.0903047,
          59.3151666
        ]
      },
      "properties": {
        "id": "54512f3ba429",
        "entity": "Eli",
        "query": "Eli, Sweden",
        "display_name": "Eli, Erstagatan, Södermalm, Södermalms stadsdelsområde, Stockholm, Stockholms kommun, Stockholms län, 116 36, Sverige",
        "osm_type": "node",
        "osm_id": 3698210308,
        "geocode_confidence": 8.40184634164495e-05,
        "evidence": [
          {
            "source": "https://www.flashback.org/t3074043p2",
            "thread_url": "https://www.flashback.org/t3074043",
            "post_id": "post83019896",
            "username": "Psykadeluxe",
            "time_raw": "2023-01-06, 20:13 # 16",
            "confidence": 0.6,
            "comment": "Citat: Ursprungligen postat av -Eli- INGEN seriös UEare bryter sig in. Mvh hållt på med UE i 20 år Ok det är din förlust. Jag är väl en oseriös urban exploration entusiast då. Jag gillar att göra olaga intrång och bryta mig in i utrymmen, källare, garage under marken har dörrar som leder till tunnlar som leder till En och annan dörr som du bryter dig in i. Jag har ibland stött på igensvetsade dörrar i tex. I En nödutgångtunnel i ett garage i..."
          }
        ],
        "source": "https://www.flashback.org/t3074043p2",
        "thread_url": "https://www.flashback.org/t3074043",
        "post_id": "post83019896",
        "username": "Psykadeluxe",
        "time_raw": "2023-01-06, 20:13 # 16",
        "confidence": 0.6,
        "comment": "Citat: Ursprungligen postat av -Eli- INGEN seriös UEare bryter sig in. Mvh hållt på med UE i 20 år Ok det är din förlust. Jag är väl en oseriös urban exploration entusiast då. Jag gillar att göra olaga intrång och bryta mig in i utrymmen, källare, garage under marken har dörrar som leder till tunnlar som leder till En och annan dörr som du bryter dig in i. Jag har ibland stött på igensvetsade dörrar i tex. I En nödutgångtunnel i ett garage i..."
      }
    },
    {
      "type": "Feature",
      "geometry": {
        "type": "Point",
        "coordinates": [
          15.6210944,
          58.4102167
        ]
      },
      "properties": {
        "id": "a855a42b81bc",
        "entity": "Dit",
        "query": "Dit, Sweden",
        "display_name": "Galleri Hit & Dit, 4, Torggatan, Kanberget, Vasastaden, Linköpings domkyrkodistrikt, Linköping, Linköpings kommun, Östergötlands län, 582 19, Sverige",
        "osm_type": "node",
        "osm_id": 12165949569,
        "geocode_confidence": 6.607690547031384e-05,
        "evidence": [
          {
            "source": "https://www.flashback.org/t3074043p2",
            "thread_url": "https://www.flashback.org/t3074043",
            "post_id": "post83020784",
            "username": "Psykadeluxe",
            "time_raw": "2023-01-06, 21:23 # 17",
            "confidence": 0.72,
            "comment": "Citat: Ursprungligen postat av Psykadeluxe Ok det är din förlust. Jag är väl en oseriös urban exploration entusiast då. Jag gillar att göra olaga intrång och bryta mig in i utrymmen, källare, garage under marken har dörrar som leder till tunnlar som leder till En och annan dörr som du bryter dig in i. Jag har ibland stött på igensvetsade dörrar i tex. I En nödutgångtunnel i ett garage i Årstadal som går ner typ 9 våningar under marken, så Rå..."
          },
          {
            "source": "https://www.flashback.org/t3074043p2",
            "thread_url": "https://www.flashback.org/t3074043",
            "post_id": "post83053807",
            "username": "Underjording",
            "time_raw": "2023-01-09, 17:46 # 18",
            "confidence": 0.68,
            "comment": "Citat: Ursprungligen postat av Psykadeluxe Råkade skicka svar innan jag var klar.. Iaf, där nere så är det inga kameror och du kommer inte stöta på nån vakt eller så, och i princip låta hur mycket som helst utan att det skulle uppmärksammas. Dit ner tog jag en mindre svets på en pirra som jag för övrigt hittade bakom stängslet på ett mindre bygge, ett plan upp jag öppnar upp dörren genom att göra ett hål som jag kom igenom efter att ha kylt..."
          }
        ],
        "source": "https://www.flashback.org/t3074043p2",
        "thread_url": "https://www.flashback.org/t3074043",
        "post_id": "post83053807",
        "username": "Underjording",
        "time_raw": "2023-01-09, 17:46 # 18",
        "confidence": 0.68,
        "comment": "Citat: Ursprungligen postat av Psykadeluxe Råkade skicka svar innan jag var klar.. Iaf, där nere så är det inga kameror och du kommer inte stöta på nån vakt eller så, och i princip låta hur mycket som helst utan att det skulle uppmärksammas. Dit ner tog jag en mindre svets på en pirra som jag för övrigt hittade bakom stängslet på ett mindre bygge, ett plan upp jag öppnar upp dörren genom att göra ett hål som jag kom igenom efter att ha kylt..."
      }
    },
    {
      "type": "Feature",
      "geometry": {
        "type": "Point",
        "coordinates": [
          18.1043275,
          59.294805
        ]
      },
      "properties": {
        "id": "559afe2a12b7",
        "entity": "Hammarbyhöjden",
        "query": "Hammarbyhöjden, Sweden",
        "display_name": "Hammarbyhöjden, Tidaholmsplan, Hammarbyhöjden, Skarpnäcks stadsdelsområde, Stockholm, Stockholms kommun, Stockholms län, 121 39, Sverige",
        "osm_type": "node",
        "osm_id": 4225502330,
        "geocode_confidence": 0.4076496563503252,
        "evidence": [
          {
            "source": "https://www.flashback.org/t3074043p2",
            "thread_url": "https://www.flashback.org/t3074043",
            "post_id": "post83020784",
            "username": "Psykadeluxe",
            "time_raw": "2023-01-06, 21:23 # 17",
            "confidence": 0.72,
            "comment": "Citat: Ursprungligen postat av Psykadeluxe Ok det är din förlust. Jag är väl en oseriös urban exploration entusiast då. Jag gillar att göra olaga intrång och bryta mig in i utrymmen, källare, garage under marken har dörrar som leder till tunnlar som leder till En och annan dörr som du bryter dig in i. Jag har ibland stött på igensvetsade dörrar i tex. I En nödutgångtunnel i ett garage i Årstadal som går ner typ 9 våningar under marken, så Rå..."
          },
          {
            "source": "https://www.flashback.org/t3074043p2",
            "thread_url": "https://www.flashback.org/t3074043",
            "post_id": "post83053807",
            "username": "Underjording",
            "time_raw": "2023-01-09, 17:46 # 18",
            "confidence": 0.68,
            "comment": "Citat: Ursprungligen postat av Psykadeluxe Råkade skicka svar innan jag var klar.. Iaf, där nere så är det inga kameror och du kommer inte stöta på nån vakt eller så, och i princip låta hur mycket som helst utan att det skulle uppmärksammas. Dit ner tog jag en mindre svets på en pirra som jag för övrigt hittade bakom stängslet på ett mindre bygge, ett plan upp jag öppnar upp dörren genom att göra ett hål som jag kom igenom efter att ha kylt..."
          },
          {
            "source": "https://www.flashback.org/t3074043p2",
            "thread_url": "https://www.flashback.org/t3074043",
            "post_id": "post84086988",
            "username": "Psykadeluxe",
            "time_raw": "2023-04-08, 07:00 # 19",
            "confidence": 0.72,
            "comment": "Citat: Ursprungligen postat av Underjording Om det du säger stämmer.. Hur vet du att tunneln går till Hammarbyhöjden? Har du gått hela vägen? Vad är det för typ av tunnel? Jag har inte gått hela vägen i en sträcka men till och från så har jag öppnat upp luckor i området och då har det alltid verkat som om allt är sammankopplat under marken både inne i innerstan men också i kranskommunerna kring Stockholm. Och det verkar ju trovärdigt med tanke..."
          }
        ],
        "source": "https://www.flashback.org/t3074043p2",
        "thread_url": "https://www.flashback.org/t3074043",
        "post_id": "post84086988",
        "username": "Psykadeluxe",
        "time_raw": "2023-04-08, 07:00 # 19",
        "confidence": 0.72,
        "comment": "Citat: Ursprungligen postat av Underjording Om det du säger stämmer.. Hur vet du att tunneln går till Hammarbyhöjden? Har du gått hela vägen? Vad är det för typ av tunnel? Jag har inte gått hela vägen i en sträcka men till och från så har jag öppnat upp luckor i området och då har det alltid verkat som om allt är sammankopplat under marken både inne i innerstan men också i kranskommunerna kring Stockholm. Och det verkar ju trovärdigt med tanke..."
      }
    },
    {
      "type": "Feature",
      "geometry": {
        "type": "Point",
        "coordinates": [
          16.1613221,
          56.6322313
        ]
      },
      "properties": {
        "id": "7574387aca34",
        "entity": "Prästgårdsängen",
        "query": "Prästgårdsängen, Sweden",
        "display_name": "Prästgårdsängen, Ljungby, Ljungbyholm, Kalmar kommun, Kalmar län, Sverige",
        "osm_type": "way",
        "osm_id": 100610018,
        "geocode_confidence": 0.17283327415591612,
        "evidence": [
          {
            "source": "https://www.flashback.org/t19834",
            "thread_url": "https://www.flashback.org/t19834",
            "post_id": "post135065",
            "username": "äldre konto (old)",
            "time_raw": "2002-11-20, 14:39 # 6",
            "confidence": 0.64,
            "comment": "Det finns gångar under hela Göteborg som används av militären, hade en polare i lumpen som åkt bil uder gbg, det går en tunnel i höjd med Prästgårdsängen / Örgryte Hotel en jäkla bit, den kan vara den som mynnar ut vid det esperantoplatsen"
          },
          {
            "source": "https://www.flashback.org/t19834",
            "thread_url": "https://www.flashback.org/t19834",
            "post_id": "post135066",
            "username": "äldre konto (old)",
            "time_raw": "2002-11-20, 14:55 # 7",
            "confidence": 0.68,
            "comment": "Citat: Ursprungligen postat av Cyberax2002 Det finns gångar under hela Göteborg som används av militären, hade en polare i lumpen som åkt bil uder gbg, det går en tunnel i höjd med Prästgårdsängen / Örgryte Hotel en jäkla bit, den kan vara den som mynnar ut vid det esperantoplatsen ja det är ju högst sannolikt, men som sagt var. det är inga x-files tunnlar. utan mer spännande en kablar å avloppsdiken är det inte. sen kan det ju finnas andra mi..."
          }
        ],
        "source": "https://www.flashback.org/t19834",
        "thread_url": "https://www.flashback.org/t19834",
        "post_id": "post135066",
        "username": "äldre konto (old)",
        "time_raw": "2002-11-20, 14:55 # 7",
        "confidence": 0.68,
        "comment": "Citat: Ursprungligen postat av Cyberax2002 Det finns gångar under hela Göteborg som används av militären, hade en polare i lumpen som åkt bil uder gbg, det går en tunnel i höjd med Prästgårdsängen / Örgryte Hotel en jäkla bit, den kan vara den som mynnar ut vid det esperantoplatsen ja det är ju högst sannolikt, men som sagt var. det är inga x-files tunnlar. utan mer spännande en kablar å avloppsdiken är det inte. sen kan det ju finnas andra mi..."
      }
    },
    {
      "type": "Feature",
      "geometry": {
        "type": "Point",
        "coordinates": [
          12.0070724,
          57.7093224
        ]
      },
      "properties": {
        "id": "146b0a3e7d1b",
        "entity": "Örgryte Hotel",
        "query": "Örgryte Hotel, Sweden",
        "display_name": "Hotel Örgryte, 70, Danska Vägen, Prästgårdsängen, Lunden, Centrum, Göteborg, Göteborgs Stad, Västra Götalands län, 416 59, Sverige",
        "osm_type": "node",
        "osm_id": 522516190,
        "geocode_confidence": 7.775005722128661e-05,
        "evidence": [
          {
            "source": "https://www.flashback.org/t19834",
            "thread_url": "https://www.flashback.org/t19834",
            "post_id": "post135065",
            "username": "äldre konto (old)",
            "time_raw": "2002-11-20, 14:39 # 6",
            "confidence": 0.64,
            "comment": "Det finns gångar under hela Göteborg som används av militären, hade en polare i lumpen som åkt bil uder gbg, det går en tunnel i höjd med Prästgårdsängen / Örgryte Hotel en jäkla bit, den kan vara den som mynnar ut vid det esperantoplatsen"
          },
          {
            "source": "https://www.flashback.org/t19834",
            "thread_url": "https://www.flashback.org/t19834",
            "post_id": "post135066",
            "username": "äldre konto (old)",
            "time_raw": "2002-11-20, 14:55 # 7",
            "confidence": 0.68,
            "comment": "Citat: Ursprungligen postat av Cyberax2002 Det finns gångar under hela Göteborg som används av militären, hade en polare i lumpen som åkt bil uder gbg, det går en tunnel i höjd med Prästgårdsängen / Örgryte Hotel en jäkla bit, den kan vara den som mynnar ut vid det esperantoplatsen ja det är ju högst sannolikt, men som sagt var. det är inga x-files tunnlar. utan mer spännande en kablar å avloppsdiken är det inte. sen kan det ju finnas andra mi..."
          }
        ],
        "source": "https://www.flashback.org/t19834",
        "thread_url": "https://www.flashback.org/t19834",
        "post_id": "post135066",
        "username": "äldre konto (old)",
        "time_raw": "2002-11-20, 14:55 # 7",
        "confidence": 0.68,
        "comment": "Citat: Ursprungligen postat av Cyberax2002 Det finns gångar under hela Göteborg som används av militären, hade en polare i lumpen som åkt bil uder gbg, det går en tunnel i höjd med Prästgårdsängen / Örgryte Hotel en jäkla bit, den kan vara den som mynnar ut vid det esperantoplatsen ja det är ju högst sannolikt, men som sagt var. det är inga x-files tunnlar. utan mer spännande en kablar å avloppsdiken är det inte. sen kan det ju finnas andra mi..."
      }
    },
    {
      "type": "Feature",
      "geometry": {
        "type": "Point",
        "coordinates": [
          12.9292368,
          57.7293719
        ]
      },
      "properties": {
        "id": "be0bbedb5c7d",
        "entity": "Ryaverket",
        "query": "Ryaverket, Sweden",
        "display_name": "Ryaverket, Norrby, Borås, Borås kommun, Västra Götalands län, Sverige",
        "osm_type": "relation",
        "osm_id": 15058990,
        "geocode_confidence": 0.08006365529869533,
        "evidence": [
          {
            "source": "https://www.flashback.org/t19834p2",
            "thread_url": "https://www.flashback.org/t19834",
            "post_id": "post135076",
            "username": "Rushdie",
            "time_raw": "2003-06-25, 17:47 # 16",
            "confidence": 0.48,
            "comment": "Vid kolonilotterna vid slottskogen så finns det två stora bergrum. En inhyser ett stort elverk, men den andra är en lång, lång tunnel. Den går ner under Göta älv, och kommer upp vid Ryaverket på Hisingen. Vad jag har fått reda på så är det hemlighetsstämplad information, men ärligt talat, alla vet ju om det"
          }
        ],
        "source": "https://www.flashback.org/t19834p2",
        "thread_url": "https://www.flashback.org/t19834",
        "post_id": "post135076",
        "username": "Rushdie",
        "time_raw": "2003-06-25, 17:47 # 16",
        "confidence": 0.48,
        "comment": "Vid kolonilotterna vid slottskogen så finns det två stora bergrum. En inhyser ett stort elverk, men den andra är en lång, lång tunnel. Den går ner under Göta älv, och kommer upp vid Ryaverket på Hisingen. Vad jag har fått reda på så är det hemlighetsstämplad information, men ärligt talat, alla vet ju om det"
      }
    },
    {
      "type": "Feature",
      "geometry": {
        "type": "Point",
        "coordinates": [
          12.1497805,
          58.1080405
        ]
      },
      "properties": {
        "id": "74a5fde22870",
        "entity": "Göta",
        "query": "Göta, Sweden",
        "display_name": "Göta, Lilla Edets kommun, Västra Götalands län, 465 35, Sverige",
        "osm_type": "node",
        "osm_id": 249323198,
        "geocode_confidence": 0.30093685344584264,
        "evidence": [
          {
            "source": "https://www.flashback.org/t19834p2",
            "thread_url": "https://www.flashback.org/t19834",
            "post_id": "post135076",
            "username": "Rushdie",
            "time_raw": "2003-06-25, 17:47 # 16",
            "confidence": 0.48,
            "comment": "Vid kolonilotterna vid slottskogen så finns det två stora bergrum. En inhyser ett stort elverk, men den andra är en lång, lång tunnel. Den går ner under Göta älv, och kommer upp vid Ryaverket på Hisingen. Vad jag har fått reda på så är det hemlighetsstämplad information, men ärligt talat, alla vet ju om det"
          }
        ],
        "source": "https://www.flashback.org/t19834p2",
        "thread_url": "https://www.flashback.org/t19834",
        "post_id": "post135076",
        "username": "Rushdie",
        "time_raw": "2003-06-25, 17:47 # 16",
        "confidence": 0.48,
        "comment": "Vid kolonilotterna vid slottskogen så finns det två stora bergrum. En inhyser ett stort elverk, men den andra är en lång, lång tunnel. Den går ner under Göta älv, och kommer upp vid Ryaverket på Hisingen. Vad jag har fått reda på så är det hemlighetsstämplad information, men ärligt talat, alla vet ju om det"
      }
    },
    {
      "type": "Feature",
      "geometry": {
        "type": "Point",
        "coordinates": [
          11.9017403,
          57.7738974
        ]
      },
      "properties": {
        "id": "310a667f4625",
        "entity": "Hisingen",
        "query": "Hisingen, Sweden",
        "display_name": "Hisingen, Västra Götalands län, Sverige",
        "osm_type": "relation",
        "osm_id": 5815374,
        "geocode_confidence": 0.4772214284545285,
        "evidence": [
          {
            "source": "https://www.flashback.org/t19834p2",
            "thread_url": "https://www.flashback.org/t19834",
            "post_id": "post135076",
            "username": "Rushdie",
            "time_raw": "2003-06-25, 17:47 # 16",
            "confidence": 0.48,
            "comment": "Vid kolonilotterna vid slottskogen så finns det två stora bergrum. En inhyser ett stort elverk, men den andra är en lång, lång tunnel. Den går ner under Göta älv, och kommer upp vid Ryaverket på Hisingen. Vad jag har fått reda på så är det hemlighetsstämplad information, men ärligt talat, alla vet ju om det"
          }
        ],
        "source": "https://www.flashback.org/t19834p2",
        "thread_url": "https://www.flashback.org/t19834",
        "post_id": "post135076",
        "username": "Rushdie",
        "time_raw": "2003-06-25, 17:47 # 16",
        "confidence": 0.48,
        "comment": "Vid kolonilotterna vid slottskogen så finns det två stora bergrum. En inhyser ett stort elverk, men den andra är en lång, lång tunnel. Den går ner under Göta älv, och kommer upp vid Ryaverket på Hisingen. Vad jag har fått reda på så är det hemlighetsstämplad information, men ärligt talat, alla vet ju om det"
      }
    },
    {
      "type": "Feature",
      "geometry": {
        "type": "Point",
        "coordinates": [
          12.0335589,
          57.7491098
        ]
      },
      "properties": {
        "id": "1fdd476e6d7a",
        "entity": "Kortedala",
        "query": "Kortedala, Sweden",
        "display_name": "Kortedala, Södra Kortedala, Nordost, Göteborg, Göteborgs Stad, Västra Götalands län, 415 08, Sverige",
        "osm_type": "node",
        "osm_id": 171141797,
        "geocode_confidence": 0.14674441672388797,
        "evidence": [
          {
            "source": "https://www.flashback.org/t19834p2",
            "thread_url": "https://www.flashback.org/t19834",
            "post_id": "post135077",
            "username": "äldre konto (old)",
            "time_raw": "2003-06-26, 01:01 # 17",
            "confidence": 0.84,
            "comment": "Från kulvertarna under Chalmers går det att ta sig bort till Majorna (Mariaplan) enligt uppgift. Såna här små böjda gröna luftintag avslöjar ju rätt mycket om underjordiska tunnlar sträckningar. Dom går ju att se i t.ex. Gårda (runt Ullevi, längs fabriksgatan). Ute i Kortedala och Bergsjön finns det också en hel del såna. Vid berget vid SKF (på vänster sida strax innan Bellevue, från stan sett) finns ju fyra eller fem stora portar rakt in i be..."
          }
        ],
        "source": "https://www.flashback.org/t19834p2",
        "thread_url": "https://www.flashback.org/t19834",
        "post_id": "post135077",
        "username": "äldre konto (old)",
        "time_raw": "2003-06-26, 01:01 # 17",
        "confidence": 0.84,
        "comment": "Från kulvertarna under Chalmers går det att ta sig bort till Majorna (Mariaplan) enligt uppgift. Såna här små böjda gröna luftintag avslöjar ju rätt mycket om underjordiska tunnlar sträckningar. Dom går ju att se i t.ex. Gårda (runt Ullevi, längs fabriksgatan). Ute i Kortedala och Bergsjön finns det också en hel del såna. Vid berget vid SKF (på vänster sida strax innan Bellevue, från stan sett) finns ju fyra eller fem stora portar rakt in i be..."
      }
    },
    {
      "type": "Feature",
      "geometry": {
        "type": "Point",
        "coordinates": [
          12.0135909,
          57.7280815
        ]
      },
      "properties": {
        "id": "78660866684d",
        "entity": "SKF",
        "query": "SKF, Sweden",
        "display_name": "SKF HK-3, 1, Hornsgatan, Kviberg, Gamlestaden, Nordost, Göteborg, Göteborgs Stad, Västra Götalands län, 415 50, Sverige",
        "osm_type": "way",
        "osm_id": 64484919,
        "geocode_confidence": 0.502064968786156,
        "evidence": [
          {
            "source": "https://www.flashback.org/t19834p2",
            "thread_url": "https://www.flashback.org/t19834",
            "post_id": "post135077",
            "username": "äldre konto (old)",
            "time_raw": "2003-06-26, 01:01 # 17",
            "confidence": 0.84,
            "comment": "Från kulvertarna under Chalmers går det att ta sig bort till Majorna (Mariaplan) enligt uppgift. Såna här små böjda gröna luftintag avslöjar ju rätt mycket om underjordiska tunnlar sträckningar. Dom går ju att se i t.ex. Gårda (runt Ullevi, längs fabriksgatan). Ute i Kortedala och Bergsjön finns det också en hel del såna. Vid berget vid SKF (på vänster sida strax innan Bellevue, från stan sett) finns ju fyra eller fem stora portar rakt in i be..."
          }
        ],
        "source": "https://www.flashback.org/t19834p2",
        "thread_url": "https://www.flashback.org/t19834",
        "post_id": "post135077",
        "username": "äldre konto (old)",
        "time_raw": "2003-06-26, 01:01 # 17",
        "confidence": 0.84,
        "comment": "Från kulvertarna under Chalmers går det att ta sig bort till Majorna (Mariaplan) enligt uppgift. Såna här små böjda gröna luftintag avslöjar ju rätt mycket om underjordiska tunnlar sträckningar. Dom går ju att se i t.ex. Gårda (runt Ullevi, längs fabriksgatan). Ute i Kortedala och Bergsjön finns det också en hel del såna. Vid berget vid SKF (på vänster sida strax innan Bellevue, från stan sett) finns ju fyra eller fem stora portar rakt in i be..."
      }
    },
    {
      "type": "Feature",
      "geometry": {
        "type": "Point",
        "coordinates": [
          14.1356329,
          60.0909615
        ]
      },
      "properties": {
        "id": "b88c7ae9d237",
        "entity": "Från",
        "query": "Från, Sweden",
        "display_name": "Utlopp från Oforsens kraftverk, Filipstads kommun, Värmlands län, Sverige",
        "osm_type": "way",
        "osm_id": 503346424,
        "geocode_confidence": 0.13338934996566718,
        "evidence": [
          {
            "source": "https://www.flashback.org/t19834p2",
            "thread_url": "https://www.flashback.org/t19834",
            "post_id": "post135077",
            "username": "äldre konto (old)",
            "time_raw": "2003-06-26, 01:01 # 17",
            "confidence": 0.84,
            "comment": "Från kulvertarna under Chalmers går det att ta sig bort till Majorna (Mariaplan) enligt uppgift. Såna här små böjda gröna luftintag avslöjar ju rätt mycket om underjordiska tunnlar sträckningar. Dom går ju att se i t.ex. Gårda (runt Ullevi, längs fabriksgatan). Ute i Kortedala och Bergsjön finns det också en hel del såna. Vid berget vid SKF (på vänster sida strax innan Bellevue, från stan sett) finns ju fyra eller fem stora portar rakt in i be..."
          }
        ],
        "source": "https://www.flashback.org/t19834p2",
        "thread_url": "https://www.flashback.org/t19834",
        "post_id": "post135077",
        "username": "äldre konto (old)",
        "time_raw": "2003-06-26, 01:01 # 17",
        "confidence": 0.84,
        "comment": "Från kulvertarna under Chalmers går det att ta sig bort till Majorna (Mariaplan) enligt uppgift. Såna här små böjda gröna luftintag avslöjar ju rätt mycket om underjordiska tunnlar sträckningar. Dom går ju att se i t.ex. Gårda (runt Ullevi, längs fabriksgatan). Ute i Kortedala och Bergsjön finns det också en hel del såna. Vid berget vid SKF (på vänster sida strax innan Bellevue, från stan sett) finns ju fyra eller fem stora portar rakt in i be..."
      }
    },
    {
      "type": "Feature",
      "geometry": {
        "type": "Point",
        "coordinates": [
          11.9765259,
          57.6897462
        ]
      },
      "properties": {
        "id": "80230a9167bf",
        "entity": "Chalmers",
        "query": "Chalmers, Sweden",
        "display_name": "Chalmers Tekniska Högskola, Teknikgatan, Lindholmshamnen, Lindholmen, Hisingen, Göteborg, Göteborgs Stad, Västra Götalands län, 417 53, Sverige",
        "osm_type": "relation",
        "osm_id": 14094361,
        "geocode_confidence": 0.530721975336089,
        "evidence": [
          {
            "source": "https://www.flashback.org/t19834p2",
            "thread_url": "https://www.flashback.org/t19834",
            "post_id": "post135077",
            "username": "äldre konto (old)",
            "time_raw": "2003-06-26, 01:01 # 17",
            "confidence": 0.84,
            "comment": "Från kulvertarna under Chalmers går det att ta sig bort till Majorna (Mariaplan) enligt uppgift. Såna här små böjda gröna luftintag avslöjar ju rätt mycket om underjordiska tunnlar sträckningar. Dom går ju att se i t.ex. Gårda (runt Ullevi, längs fabriksgatan). Ute i Kortedala och Bergsjön finns det också en hel del såna. Vid berget vid SKF (på vänster sida strax innan Bellevue, från stan sett) finns ju fyra eller fem stora portar rakt in i be..."
          }
        ],
        "source": "https://www.flashback.org/t19834p2",
        "thread_url": "https://www.flashback.org/t19834",
        "post_id": "post135077",
        "username": "äldre konto (old)",
        "time_raw": "2003-06-26, 01:01 # 17",
        "confidence": 0.84,
        "comment": "Från kulvertarna under Chalmers går det att ta sig bort till Majorna (Mariaplan) enligt uppgift. Såna här små böjda gröna luftintag avslöjar ju rätt mycket om underjordiska tunnlar sträckningar. Dom går ju att se i t.ex. Gårda (runt Ullevi, längs fabriksgatan). Ute i Kortedala och Bergsjön finns det också en hel del såna. Vid berget vid SKF (på vänster sida strax innan Bellevue, från stan sett) finns ju fyra eller fem stora portar rakt in i be..."
      }
    },
    {
      "type": "Feature",
      "geometry": {
        "type": "Point",
        "coordinates": [
          11.9220376,
          57.6912652
        ]
      },
      "properties": {
        "id": "7d4009888805",
        "entity": "Majorna",
        "query": "Majorna, Sweden",
        "display_name": "Majorna, Centrum, Göteborgs Stad, Västra Götalands län, Sverige",
        "osm_type": "relation",
        "osm_id": 1517296,
        "geocode_confidence": 0.14674441672388797,
        "evidence": [
          {
            "source": "https://www.flashback.org/t19834p2",
            "thread_url": "https://www.flashback.org/t19834",
            "post_id": "post135077",
            "username": "äldre konto (old)",
            "time_raw": "2003-06-26, 01:01 # 17",
            "confidence": 0.84,
            "comment": "Från kulvertarna under Chalmers går det att ta sig bort till Majorna (Mariaplan) enligt uppgift. Såna här små böjda gröna luftintag avslöjar ju rätt mycket om underjordiska tunnlar sträckningar. Dom går ju att se i t.ex. Gårda (runt Ullevi, längs fabriksgatan). Ute i Kortedala och Bergsjön finns det också en hel del såna. Vid berget vid SKF (på vänster sida strax innan Bellevue, från stan sett) finns ju fyra eller fem stora portar rakt in i be..."
          }
        ],
        "source": "https://www.flashback.org/t19834p2",
        "thread_url": "https://www.flashback.org/t19834",
        "post_id": "post135077",
        "username": "äldre konto (old)",
        "time_raw": "2003-06-26, 01:01 # 17",
        "confidence": 0.84,
        "comment": "Från kulvertarna under Chalmers går det att ta sig bort till Majorna (Mariaplan) enligt uppgift. Såna här små böjda gröna luftintag avslöjar ju rätt mycket om underjordiska tunnlar sträckningar. Dom går ju att se i t.ex. Gårda (runt Ullevi, längs fabriksgatan). Ute i Kortedala och Bergsjön finns det också en hel del såna. Vid berget vid SKF (på vänster sida strax innan Bellevue, från stan sett) finns ju fyra eller fem stora portar rakt in i be..."
      }
    },
    {
      "type": "Feature",
      "geometry": {
        "type": "Point",
        "coordinates": [
          11.9215751,
          57.6870182
        ]
      },
      "properties": {
        "id": "468a71468d93",
        "entity": "Mariaplan",
        "query": "Mariaplan, Sweden",
        "display_name": "Mariaplan, Kungsladugård, Centrum, Göteborg, Göteborgs Stad, Västra Götalands län, 414 71, Sverige",
        "osm_type": "way",
        "osm_id": 134393666,
        "geocode_confidence": 0.05341108339055463,
        "evidence": [
          {
            "source": "https://www.flashback.org/t19834p2",
            "thread_url": "https://www.flashback.org/t19834",
            "post_id": "post135077",
            "username": "äldre konto (old)",
            "time_raw": "2003-06-26, 01:01 # 17",
            "confidence": 0.84,
            "comment": "Från kulvertarna under Chalmers går det att ta sig bort till Majorna (Mariaplan) enligt uppgift. Såna här små böjda gröna luftintag avslöjar ju rätt mycket om underjordiska tunnlar sträckningar. Dom går ju att se i t.ex. Gårda (runt Ullevi, längs fabriksgatan). Ute i Kortedala och Bergsjön finns det också en hel del såna. Vid berget vid SKF (på vänster sida strax innan Bellevue, från stan sett) finns ju fyra eller fem stora portar rakt in i be..."
          }
        ],
        "source": "https://www.flashback.org/t19834p2",
        "thread_url": "https://www.flashback.org/t19834",
        "post_id": "post135077",
        "username": "äldre konto (old)",
        "time_raw": "2003-06-26, 01:01 # 17",
        "confidence": 0.84,
        "comment": "Från kulvertarna under Chalmers går det att ta sig bort till Majorna (Mariaplan) enligt uppgift. Såna här små böjda gröna luftintag avslöjar ju rätt mycket om underjordiska tunnlar sträckningar. Dom går ju att se i t.ex. Gårda (runt Ullevi, längs fabriksgatan). Ute i Kortedala och Bergsjön finns det också en hel del såna. Vid berget vid SKF (på vänster sida strax innan Bellevue, från stan sett) finns ju fyra eller fem stora portar rakt in i be..."
      }
    },
    {
      "type": "Feature",
      "geometry": {
        "type": "Point",
        "coordinates": [
          18.6000705,
          60.0490067
        ]
      },
      "properties": {
        "id": "d543a60cad5d",
        "entity": "Såna",
        "query": "Såna, Sweden",
        "display_name": "Sanavägen, Hallstalund, Hallstavik, Norrtälje kommun, Stockholms län, 763 21, Sverige",
        "osm_type": "way",
        "osm_id": 165293349,
        "geocode_confidence": 0.053391426718547304,
        "evidence": [
          {
            "source": "https://www.flashback.org/t19834p2",
            "thread_url": "https://www.flashback.org/t19834",
            "post_id": "post135077",
            "username": "äldre konto (old)",
            "time_raw": "2003-06-26, 01:01 # 17",
            "confidence": 0.84,
            "comment": "Från kulvertarna under Chalmers går det att ta sig bort till Majorna (Mariaplan) enligt uppgift. Såna här små böjda gröna luftintag avslöjar ju rätt mycket om underjordiska tunnlar sträckningar. Dom går ju att se i t.ex. Gårda (runt Ullevi, längs fabriksgatan). Ute i Kortedala och Bergsjön finns det också en hel del såna. Vid berget vid SKF (på vänster sida strax innan Bellevue, från stan sett) finns ju fyra eller fem stora portar rakt in i be..."
          }
        ],
        "source": "https://www.flashback.org/t19834p2",
        "thread_url": "https://www.flashback.org/t19834",
        "post_id": "post135077",
        "username": "äldre konto (old)",
        "time_raw": "2003-06-26, 01:01 # 17",
        "confidence": 0.84,
        "comment": "Från kulvertarna under Chalmers går det att ta sig bort till Majorna (Mariaplan) enligt uppgift. Såna här små böjda gröna luftintag avslöjar ju rätt mycket om underjordiska tunnlar sträckningar. Dom går ju att se i t.ex. Gårda (runt Ullevi, längs fabriksgatan). Ute i Kortedala och Bergsjön finns det också en hel del såna. Vid berget vid SKF (på vänster sida strax innan Bellevue, från stan sett) finns ju fyra eller fem stora portar rakt in i be..."
      }
    },
    {
      "type": "Feature",
      "geometry": {
        "type": "Point",
        "coordinates": [
          11.9919384,
          57.7076306
        ]
      },
      "properties": {
        "id": "ac057043b545",
        "entity": "Gårda",
        "query": "Gårda, Sweden",
        "display_name": "Gårda, Stampen, Centrum, Göteborg, Göteborgs Stad, Västra Götalands län, 402 24, Sverige",
        "osm_type": "node",
        "osm_id": 1241293620,
        "geocode_confidence": 0.14674441672388797,
        "evidence": [
          {
            "source": "https://www.flashback.org/t19834p2",
            "thread_url": "https://www.flashback.org/t19834",
            "post_id": "post135077",
            "username": "äldre konto (old)",
            "time_raw": "2003-06-26, 01:01 # 17",
            "confidence": 0.84,
            "comment": "Från kulvertarna under Chalmers går det att ta sig bort till Majorna (Mariaplan) enligt uppgift. Såna här små böjda gröna luftintag avslöjar ju rätt mycket om underjordiska tunnlar sträckningar. Dom går ju att se i t.ex. Gårda (runt Ullevi, längs fabriksgatan). Ute i Kortedala och Bergsjön finns det också en hel del såna. Vid berget vid SKF (på vänster sida strax innan Bellevue, från stan sett) finns ju fyra eller fem stora portar rakt in i be..."
          }
        ],
        "source": "https://www.flashback.org/t19834p2",
        "thread_url": "https://www.flashback.org/t19834",
        "post_id": "post135077",
        "username": "äldre konto (old)",
        "time_raw": "2003-06-26, 01:01 # 17",
        "confidence": 0.84,
        "comment": "Från kulvertarna under Chalmers går det att ta sig bort till Majorna (Mariaplan) enligt uppgift. Såna här små böjda gröna luftintag avslöjar ju rätt mycket om underjordiska tunnlar sträckningar. Dom går ju att se i t.ex. Gårda (runt Ullevi, längs fabriksgatan). Ute i Kortedala och Bergsjön finns det också en hel del såna. Vid berget vid SKF (på vänster sida strax innan Bellevue, från stan sett) finns ju fyra eller fem stora portar rakt in i be..."
      }
    },
    {
      "type": "Feature",
      "geometry": {
        "type": "Point",
        "coordinates": [
          11.9873276,
          57.7059197
        ]
      },
      "properties": {
        "id": "ad5c06985fa3",
        "entity": "Ullevi",
        "query": "Ullevi, Sweden",
        "display_name": "Ullevi, Ingemar Johanssons Plats, Heden, Centrum, Göteborg, Göteborgs Stad, Västra Götalands län, 402 25, Sverige",
        "osm_type": "way",
        "osm_id": 13893118,
        "geocode_confidence": 0.5587705947073385,
        "evidence": [
          {
            "source": "https://www.flashback.org/t19834p2",
            "thread_url": "https://www.flashback.org/t19834",
            "post_id": "post135077",
            "username": "äldre konto (old)",
            "time_raw": "2003-06-26, 01:01 # 17",
            "confidence": 0.84,
            "comment": "Från kulvertarna under Chalmers går det att ta sig bort till Majorna (Mariaplan) enligt uppgift. Såna här små böjda gröna luftintag avslöjar ju rätt mycket om underjordiska tunnlar sträckningar. Dom går ju att se i t.ex. Gårda (runt Ullevi, längs fabriksgatan). Ute i Kortedala och Bergsjön finns det också en hel del såna. Vid berget vid SKF (på vänster sida strax innan Bellevue, från stan sett) finns ju fyra eller fem stora portar rakt in i be..."
          }
        ],
        "source": "https://www.flashback.org/t19834p2",
        "thread_url": "https://www.flashback.org/t19834",
        "post_id": "post135077",
        "username": "äldre konto (old)",
        "time_raw": "2003-06-26, 01:01 # 17",
        "confidence": 0.84,
        "comment": "Från kulvertarna under Chalmers går det att ta sig bort till Majorna (Mariaplan) enligt uppgift. Såna här små böjda gröna luftintag avslöjar ju rätt mycket om underjordiska tunnlar sträckningar. Dom går ju att se i t.ex. Gårda (runt Ullevi, längs fabriksgatan). Ute i Kortedala och Bergsjön finns det också en hel del såna. Vid berget vid SKF (på vänster sida strax innan Bellevue, från stan sett) finns ju fyra eller fem stora portar rakt in i be..."
      }
    },
    {
      "type": "Feature",
      "geometry": {
        "type": "Point",
        "coordinates": [
          12.0607626,
          57.7558434
        ]
      },
      "properties": {
        "id": "e0d0b3e20ff9",
        "entity": "Bergsjön",
        "query": "Bergsjön, Sweden",
        "display_name": "Bergsjön, Östra Bergsjön, Nordost, Göteborg, Göteborgs Stad, Västra Götalands län, 415 18, Sverige",
        "osm_type": "node",
        "osm_id": 171141711,
        "geocode_confidence": 0.14674441672388797,
        "evidence": [
          {
            "source": "https://www.flashback.org/t19834p2",
            "thread_url": "https://www.flashback.org/t19834",
            "post_id": "post135077",
            "username": "äldre konto (old)",
            "time_raw": "2003-06-26, 01:01 # 17",
            "confidence": 0.84,
            "comment": "Från kulvertarna under Chalmers går det att ta sig bort till Majorna (Mariaplan) enligt uppgift. Såna här små böjda gröna luftintag avslöjar ju rätt mycket om underjordiska tunnlar sträckningar. Dom går ju att se i t.ex. Gårda (runt Ullevi, längs fabriksgatan). Ute i Kortedala och Bergsjön finns det också en hel del såna. Vid berget vid SKF (på vänster sida strax innan Bellevue, från stan sett) finns ju fyra eller fem stora portar rakt in i be..."
          }
        ],
        "source": "https://www.flashback.org/t19834p2",
        "thread_url": "https://www.flashback.org/t19834",
        "post_id": "post135077",
        "username": "äldre konto (old)",
        "time_raw": "2003-06-26, 01:01 # 17",
        "confidence": 0.84,
        "comment": "Från kulvertarna under Chalmers går det att ta sig bort till Majorna (Mariaplan) enligt uppgift. Såna här små böjda gröna luftintag avslöjar ju rätt mycket om underjordiska tunnlar sträckningar. Dom går ju att se i t.ex. Gårda (runt Ullevi, längs fabriksgatan). Ute i Kortedala och Bergsjön finns det också en hel del såna. Vid berget vid SKF (på vänster sida strax innan Bellevue, från stan sett) finns ju fyra eller fem stora portar rakt in i be..."
      }
    },
    {
      "type": "Feature",
      "geometry": {
        "type": "Point",
        "coordinates": [
          12.9514792,
          55.5903197
        ]
      },
      "properties": {
        "id": "7fbf3422def5",
        "entity": "Bellevue",
        "query": "Bellevue, Sweden",
        "display_name": "Bellevue, Väster, Malmö, Malmö kommun, Skåne län, 216 18, Sverige",
        "osm_type": "relation",
        "osm_id": 3049999,
        "geocode_confidence": 0.38710122944099107,
        "evidence": [
          {
            "source": "https://www.flashback.org/t19834p2",
            "thread_url": "https://www.flashback.org/t19834",
            "post_id": "post135077",
            "username": "äldre konto (old)",
            "time_raw": "2003-06-26, 01:01 # 17",
            "confidence": 0.84,
            "comment": "Från kulvertarna under Chalmers går det att ta sig bort till Majorna (Mariaplan) enligt uppgift. Såna här små böjda gröna luftintag avslöjar ju rätt mycket om underjordiska tunnlar sträckningar. Dom går ju att se i t.ex. Gårda (runt Ullevi, längs fabriksgatan). Ute i Kortedala och Bergsjön finns det också en hel del såna. Vid berget vid SKF (på vänster sida strax innan Bellevue, från stan sett) finns ju fyra eller fem stora portar rakt in i be..."
          }
        ],
        "source": "https://www.flashback.org/t19834p2",
        "thread_url": "https://www.flashback.org/t19834",
        "post_id": "post135077",
        "username": "äldre konto (old)",
        "time_raw": "2003-06-26, 01:01 # 17",
        "confidence": 0.84,
        "comment": "Från kulvertarna under Chalmers går det att ta sig bort till Majorna (Mariaplan) enligt uppgift. Såna här små böjda gröna luftintag avslöjar ju rätt mycket om underjordiska tunnlar sträckningar. Dom går ju att se i t.ex. Gårda (runt Ullevi, längs fabriksgatan). Ute i Kortedala och Bergsjön finns det också en hel del såna. Vid berget vid SKF (på vänster sida strax innan Bellevue, från stan sett) finns ju fyra eller fem stora portar rakt in i be..."
      }
    },
    {
      "type": "Feature",
      "geometry": {
        "type": "Point",
        "coordinates": [
          12.0311915,
          57.7360535
        ]
      },
      "properties": {
        "id": "d753489ebf9c",
        "entity": "Kviberg",
        "query": "Kviberg, Sweden",
        "display_name": "Kviberg, Gamlestaden, Nordost, Göteborg, Göteborgs Stad, Västra Götalands län, 415 28, Sverige",
        "osm_type": "node",
        "osm_id": 4441022745,
        "geocode_confidence": 0.14674441672388797,
        "evidence": [
          {
            "source": "https://www.flashback.org/t19834p2",
            "thread_url": "https://www.flashback.org/t19834",
            "post_id": "post135077",
            "username": "äldre konto (old)",
            "time_raw": "2003-06-26, 01:01 # 17",
            "confidence": 0.84,
            "comment": "Från kulvertarna under Chalmers går det att ta sig bort till Majorna (Mariaplan) enligt uppgift. Såna här små böjda gröna luftintag avslöjar ju rätt mycket om underjordiska tunnlar sträckningar. Dom går ju att se i t.ex. Gårda (runt Ullevi, längs fabriksgatan). Ute i Kortedala och Bergsjön finns det också en hel del såna. Vid berget vid SKF (på vänster sida strax innan Bellevue, från stan sett) finns ju fyra eller fem stora portar rakt in i be..."
          }
        ],
        "source": "https://www.flashback.org/t19834p2",
        "thread_url": "https://www.flashback.org/t19834",
        "post_id": "post135077",
        "username": "äldre konto (old)",
        "time_raw": "2003-06-26, 01:01 # 17",
        "confidence": 0.84,
        "comment": "Från kulvertarna under Chalmers går det att ta sig bort till Majorna (Mariaplan) enligt uppgift. Såna här små böjda gröna luftintag avslöjar ju rätt mycket om underjordiska tunnlar sträckningar. Dom går ju att se i t.ex. Gårda (runt Ullevi, längs fabriksgatan). Ute i Kortedala och Bergsjön finns det också en hel del såna. Vid berget vid SKF (på vänster sida strax innan Bellevue, från stan sett) finns ju fyra eller fem stora portar rakt in i be..."
      }
    }
  ]
}